tree
version=v4
num_class=1
num_tree_per_iteration=1
label_index=0
max_feature_idx=8
objective=binary sigmoid:1
feature_names=address_age_days tx_count_30d unique_counterparties_30d new_counterparty_ratio pass_through_ratio median_hold_minutes flagged_counterparty_share first_funder_flagged recent_activity_burst
monotone_constraints=-1 0 0 1 1 -1 1 1 0
feature_infos=[0:3016.2704976851851] [0:902048] [0:831605] [0:1] [0:1] [0:41282] [0:1] [0:1] [-2.6940795304016238:37.362195854355726]
tree_sizes=3457 3444 3433 3443 3433 3454 3029 3459 3450 3432 3452 3232 3451 3435 3469 2459 3469 3135 3040 3471 3124 3029 3454 3451 3460 3473 3440 3455 3440 3445 3450 3461 3125 3445 3454 3471 3457 3447 3468 3448 3467 3484 3465 3455 3459 3434 3456 3455 3255 3459 3459 3486 3039 3465 3487 3457 3481 3261 3473 3501 2621 3492 3483 3455 3488 3472 3471 3473 3469 3463 3136 3456 2496 3500 3450 3503 3499 3478 3478 3476 2388 3468 2924 3473 2638 2995 3501 3451 3441 3501 2716 2385 3486 3517 3469 3512 3128 3270 2180 3488 3475 1852 2395 3454 2176 3466 3464 1985 3474 1647 3489 1638 2398 3459 1116 3476 3491 3475 3135 3446 3468 3461 2837 3516 2080 3509 3462 2502 3482 3370 3492 3454 3503 3477 1517 3500 3454 3028 3495 2732 3480 3452 3482 2407 3504 2947 3498 3481 3236 3480 3495 3500 3482 3454 3477 2296 2951 2627 3450 3506 2107 3503 3502 3458 3516 3492 3490 2232 2855 3450 3450 3484 2811 3477 3502 3467 1335 3505 3479 3448 3462 2075 3483 3452 3477 3468 3476 3534 3484 3482 3498 1022 3496 3474 2614 3452 3480 3449 3421 3444 3453 3470 3486 3437 3452 3507 3450 3455 3449 3471 3457

Tree=0
num_leaves=31
num_cat=0
split_feature=0 3 0 0 0 8 8 8 2 8 3 8 0 0 8 8 8 8 8 8 8 1 2 5 1 8 0 1 8 0
split_gain=5350.86 463.839 450.038 138.054 113.911 89.3678 118.609 35.6968 26.6865 29.4367 26.4167 27.8787 21.5444 19.5275 19.2177 23.1631 15.6274 18.6058 15.3269 14.7772 14.6844 14.4138 20.4601 13.6536 11.6642 19.6865 9.83917 16.1285 8.40378 8.24191
threshold=320.32387731481487 0.078703703703703706 1292.1540972222226 30.303512731481486 29.68961226851852 -0.077894202850768146 1.3363062095621225 -0.13435603505593771 3.5000000000000004 -0.12903975949564242 0.14835164835164838 -0.14129821556612357 533.66143518518527 161.38208912037041 4.1721371262788347 5.8775027652492442 -0.098112905730255662 -0.089272192474319043 -0.12012500544818673 -0.12903975949564242 -0.060406289022973798 230.50000000000003 4.5000000000000009 4.8583333333333334 2.5000000000000004 10.275374294413295 1.0000000180025095e-35 1.0000000180025095e-35 -0.069237967345302978 98.045295138888903
decision_type=2 10 2 2 2 8 10 8 2 8 8 10 2 2 8 10 10 8 10 10 8 2 2 10 2 8 2 2 10 2
left_child=1 3 5 26 8 10 12 23 9 -3 -2 -12 28 19 -8 -16 -13 -18 -15 -9 -14 22 -6 -5 -17 -26 -1 -28 -7 -25
right_child=2 4 -4 7 21 6 14 13 -10 -11 11 16 20 18 15 24 17 -19 -20 -21 -22 -23 -24 29 25 -27 27 -29 -30 -31
leaf_value=0.011684191383801251 -0.038930615838442428 0.014680416792469689 -0.064741451536069736 0.0047052032416159753 0.011344880083240368 -0.041995997110312225 -0.012116400788330163 -0.015407288532468935 0.04062610835666456 0.032984352007649959 -0.0098289068848186889 -0.034958268035051296 -0.041995997110312225 -0.038930615838442428 -0.049639756818873601 -0.03440369012272966 -0.0015653793189352467 -0.028307398272069809 -0.012116400788330163 0.0015637537939257092 -0.059826143161265423 0.0091971551916540731 0.026544075275913334 -0.00151415270963879 0.0013432165822801802 -0.028834887554291838 0.0047052032416159753 0.0091971551916540731 -0.025916111884316015 -0.030464771207232413
leaf_weight=644.295544706285 94.967464424669743 107.62638709694147 964.98697125911713 139.55221068114042 228.94773539155722 51.339781627058983 71.715611636638641 163.29118864238262 420.31032560765743 268.08557499200106 122.32688334584236 113.04010394960642 89.311188735067844 41.373567797243595 39.038393907248974 41.933452740311623 34.038108617067337 54.44040384888649 65.420764118432999 58.846710935235023 260.63212643563747 19.55819795280695 172.57532954216003 11.367711693048479 31.532284058630466 36.679062262177467 260.86719144135714 139.64869105815887 48.336205311119556 14.842482343316076
leaf_count=4200 197 732 448 1029 1417 135 134 1682 1228 1029 283 194 105 295 53 59 54 76 385 466 283 53 822 110 56 55 2362 791 120 132
internal_value=-0.0132292 0.0140636 -0.0498297 0.00303898 0.0278849 -0.0364452 -0.0432267 -0.0100616 0.034652 0.0273493 -0.0253622 -0.021053 -0.0520177 -0.0158029 -0.024871 -0.0308399 -0.0277838 -0.0179458 -0.024871 -0.0106847 -0.0557449 0.0146804 0.0146804 0.00107281 -0.024871 -0.0148416 0.00919716 0.00493845 -0.0375268 -0.0180427
internal_weight=4810.93 2756.61 2054.32 1539.51 1217.1 1089.33 670.518 494.695 796.022 375.712 418.813 323.845 449.619 328.932 220.899 149.183 201.519 88.4785 106.794 222.138 349.943 421.081 401.523 165.762 110.145 68.2113 1044.81 400.516 99.676 26.2102
internal_count=18985 16733 2252 11452 5281 1804 1000 4099 2989 1761 804 607 643 2828 357 223 324 130 680 2148 388 2292 2239 1271 170 111 7353 3153 255 242
is_linear=0
shrinkage=1


Tree=1
num_leaves=31
num_cat=0
split_feature=0 0 2 1 0 1 0 8 8 1 8 0 2 8 0 8 1 8 8 6 8 8 0 8 8 8 8 8 0 8
split_gain=5209.66 409.416 303.571 188.085 170.373 88.9428 79.6561 75.5627 112.372 57.0877 45.1703 41.2265 26.7064 23.7283 22.8485 21.5217 15.0543 11.1549 16.1913 9.07595 7.3415 6.9496 6.22601 11.451 4.87878 10.6361 4.83435 4.72958 4.69509 2.71821
threshold=320.32387731481487 1347.758697916667 2.5000000000000004 263.50000000000006 30.303512731481486 121.50000000000001 15.550555555555556 0.81693409210196033 -0.077894202850768146 1.0000000180025095e-35 -0.5080005080007618 1.0000000180025095e-35 6.5000000000000009 2.1499359392210429 66.8498263888889 -0.14129821556612357 3.5000000000000004 -0.098112905730255662 -0.089272192474319043 0.3168627450980393 -0.32702254282720306 -0.10976661887118579 242.05051504629634 -0.24247297771058599 4.3865985131140901 6.2480140321346562 -0.13032254349676956 -0.12012500544818673 4.8333912037037043 -0.05395565565866154
decision_type=2 2 2 2 2 2 2 10 8 2 10 2 2 8 2 10 2 10 10 10 10 10 2 10 10 10 10 10 2 8
left_child=2 5 4 6 9 7 -4 8 15 11 14 -1 -8 -9 -6 20 19 21 -19 28 -2 26 -14 -22 -15 -26 -17 -28 -11 -10
right_child=1 -3 3 -5 10 -7 12 13 29 16 -12 -13 22 24 -16 17 -18 18 -20 -21 23 -23 -24 -25 25 -27 27 -29 -30 -31
leaf_value=0.026013452461963616 -0.017266183576572718 -0.051055891786130236 0.053041945141288745 -0.023856849992243866 0.0076242926241230219 -0.051055891786130236 0.0242885428093037 0.016331045668199175 -0.030293497529866393 0.03740866402547182 0.01327510648612913 0.01327510648612913 0.04404778446678026 -0.00061540949011519228 -0.0054829205579783186 -0.030663163141999954 0.01327510648612913 -0.0054829205579783186 -0.022639936402596077 0.05259357513346264 0.0095378186759975704 -0.039512661560639588 0.016331045668199175 -0.0082908585246887941 -0.025155703197903174 -0.0068227175358190461 -0.0044028553921211756 -0.02090096918658799 0.025501452298836619 -0.040091887135145422
leaf_weight=643.33783183246851 41.274922620505095 920.83969037234783 459.29857119545341 26.302119955420494 119.87414794787765 82.958043698221445 192.32011491805315 33.107011158019304 148.08015674352646 233.1336953304708 361.57777375355363 262.52257665246725 156.23555371165276 42.340102173388004 106.72661807760596 29.557360667735338 23.114345479756594 36.691197622567415 59.110237959772348 47.430408924818039 40.129153337329626 31.077565211802721 15.307521913200615 112.47544276341796 37.152321167290211 107.10374981164932 30.636308822780848 36.075622703880072 95.866486478596926 247.66232424229383
leaf_count=4095 94 408 1310 79 1123 76 1225 71 220 1138 2612 2391 681 78 1040 52 184 59 94 98 90 73 52 242 57 156 59 66 678 364
internal_value=5.20717e-05 -0.0362517 0.0270187 0.0419178 0.0202421 -0.0238568 0.0444919 -0.0212455 -0.0254467 0.0262675 0.00676069 0.0218656 0.0331266 -0.00548292 -0.00369628 -0.0143178 0.0358541 -0.0206006 -0.0118987 0.0373279 -0.00675047 -0.02645 0.0420665 -0.00344875 -0.00967847 -0.0122288 -0.0204905 -0.0141597 0.0343728 -0.0368492
internal_weight=4779.32 2036.27 2743.05 849.464 1893.58 1115.43 823.162 1032.47 812.77 1305.41 588.179 905.86 363.863 219.703 226.601 417.028 399.545 223.148 95.8014 376.431 193.88 127.347 171.543 152.605 186.596 144.256 96.2693 66.7119 329 395.742
internal_count=18965 2259 16706 3347 13359 1851 3268 1775 1413 8584 4775 6486 1958 362 2163 829 2098 403 153 1914 426 250 733 332 291 213 177 125 1816 584
is_linear=0
shrinkage=0.03


Tree=2
num_leaves=31
num_cat=0
split_feature=0 0 2 1 0 1 1 0 8 8 8 8 5 8 2 0 8 8 0 5 1 0 1 8 8 8 6 0 8 8
split_gain=4772 382.07 288.421 182.037 157.287 97.8545 70.3014 69.7382 62.9293 72.3984 54.5871 34.9793 30.0196 28.9747 27.9911 24.1009 18.1519 11.5751 11.2113 11.1121 7.97182 6.07124 5.11548 5.00811 3.94986 14.8757 2.73969 2.33363 1.8714 1.65771
threshold=320.32387731481487 1347.758697916667 2.5000000000000004 230.50000000000003 31.777581018518521 121.50000000000001 1.0000000180025095e-35 15.550555555555556 -0.11106829372089243 0.81693409210196033 -0.5080005080007618 -0.075683053628122096 2.4083333333333337 4.0015567420314797 6.5000000000000009 164.88806712962966 -0.098112905730255662 -0.089272192474319043 65.176186342592601 5.7125000000000012 1.0000000180025095e-35 215.55232638888893 3.5000000000000004 -0.32702254282720306 7.7812465438342988 11.576149430677996 0.3168627450980393 149.05817129629634 -0.14534024114653069 1.9997980409956184
decision_type=2 2 2 2 2 2 2 2 8 10 10 8 10 10 2 2 10 10 2 10 2 2 2 10 10 10 10 2 10 8
left_child=2 5 4 7 6 8 -1 -4 23 11 18 16 26 29 19 22 -10 -18 20 -9 -6 -21 -12 -2 -15 -26 -8 -16 -23 -11
right_child=1 -3 3 -5 10 -7 12 14 9 13 15 -13 -14 24 27 -17 17 -19 -20 21 -22 28 -24 -25 25 -27 -28 -29 -30 -31
leaf_value=0.020094708662139204 -0.017585693874633272 -0.049623516021030829 0.051189728123196818 -0.023100825379028161 -0.0024784884277461168 -0.049623516021030829 0.03656581021178127 0.034331029137043556 -0.034812153596207179 0.010821284669309837 0.017844443209382631 -0.03565762060029036 0.017844443209382631 -0.023607122334409082 0.044546756499615023 0.0052398251238876805 0.0027840652255153643 -0.017100343431974911 -0.0082652019159599344 0.019901934009346117 0.016719483276519547 -0.0064232649101929875 0.0052398251238876805 -0.0064232649101929875 0.0018751714105895692 -0.022421376558744127 0.051792738456525031 0.027534475937821431 0.0070460695282481573 0.0015962910861344051
leaf_weight=906.27192251384258 40.87443033605814 874.0327181071043 459.84959818050265 32.894787698984146 76.204268526285887 89.152297165244818 283.6821932643652 60.25566429272294 38.148897506296635 24.788105808198452 200.72401025518775 385.10720808058977 85.16507476195693 60.836195345968008 137.41550363227725 141.60746447741985 36.049065992236137 81.685046650469303 107.62406086921692 113.71859322488308 20.717372100800276 7.0788669362664249 15.094644736498593 249.56802657619119 38.323180366307497 48.120947200804949 46.50092214718461 43.169574294239283 9.7640303745865804 47.822405699640512
leaf_count=6483 93 388 1332 89 838 74 1414 317 80 67 1562 562 632 92 569 863 62 127 1053 801 165 46 133 498 55 71 85 187 55 84
internal_value=0.000322081 -0.0347026 0.0260168 0.0403639 0.0193453 -0.0231008 0.0249838 0.0431209 -0.0203344 -0.0248574 0.0059817 -0.030734 0.0352856 -0.0100375 0.0325832 0.0129892 -0.0178401 -0.0111465 -0.00628105 0.0234602 0.00224405 0.017362 0.0178444 -0.0082652 -0.0174941 -0.0121364 0.0394509 0.0413313 0.00523983 0.00523983
internal_weight=4762.25 2014.51 2747.74 864.147 1883.59 1140.48 1321.62 831.252 1051.32 760.881 561.972 540.99 415.348 219.891 371.402 357.426 155.883 117.734 204.546 190.817 96.9216 130.561 215.819 290.442 147.28 86.4441 330.183 180.585 16.8429 72.6105
internal_count=18877 2253 16624 3396 13228 1865 8614 3307 1791 1200 4614 831 2131 369 1975 2558 269 189 2056 1219 1003 902 1695 591 218 126 1499 756 101 151
is_linear=0
shrinkage=0.03


Tree=3
num_leaves=31
num_cat=0
split_feature=0 0 3 0 0 1 2 8 1 8 2 5 0 8 0 8 5 8 8 8 8 1 0 1 8 0 2 1 8 1
split_gain=4486.87 382.736 336.462 129.991 111.245 93.9233 68.5914 48.7432 43.4935 41.8196 28.9995 32.6168 25.3694 23.7871 15.0328 11.2717 9.58497 8.97185 34.4115 10.3083 7.17759 6.85408 5.92494 5.86368 12.8139 4.86216 3.00282 2.87442 1.63416 6.48707
threshold=320.32387731481487 1292.1540972222226 0.095454545454545472 30.303512731481486 29.68961226851852 121.50000000000001 3.5000000000000004 -0.077894202850768146 2.5000000000000004 1.3363062095621225 3.5000000000000004 2.2583333333333337 533.66143518518527 -0.14415550077362968 1048.9506712962964 6.2480140321346562 2.870833333333334 -0.11106829372089243 -0.098112905730255662 -0.089272192474319043 -0.060406289022973798 102.50000000000001 1103.3390335648148 178.50000000000003 1.3363062095621225 270.30549768518523 2.5000000000000004 1.0000000180025095e-35 -0.13032254349676956 1.5000000000000002
decision_type=2 2 10 2 2 2 2 8 2 10 2 10 2 8 2 10 10 10 10 10 8 2 2 2 10 2 2 2 10 2
left_child=2 5 3 27 10 6 7 8 17 12 11 -4 -9 16 15 -11 25 28 -19 -20 -14 -12 -8 24 -15 -5 -18 -1 29 -2
right_child=1 -3 4 13 -6 -7 22 9 -10 14 21 -13 20 23 -16 -17 26 18 19 -21 -22 -23 -24 -25 -26 -27 -28 -29 -30 -31
leaf_value=0.02173155198998759 -0.0042767527428871311 -0.047195181302911803 0.042204264858305661 0.019899337435291157 0.023791109655713252 -0.047195181302911803 0.0028200270745970934 -0.017366501682261337 -0.036897252119230999 -0.015790685694203915 0.050532697269224582 0.023791109655713252 -0.026384367489913223 0.0028200270745970934 -0.027271532611652483 0.0028200270745970934 -0.0042767527428871311 -0.038744080005335545 0.0028200270745970934 -0.012154065082982939 -0.040885454894078847 0.023791109655713252 -0.010600757926233705 -0.032583017620210597 0.02173155198998759 0.0028200270745970934 0.0028200270745970934 0.023791109655713252 -0.00021196804048868149 -0.018268712380542163
leaf_weight=908.55388972908258 112.3413161188364 961.29427245259285 262.44768982753158 113.4138803742826 405.65726130083203 86.725646167993546 95.252103298902512 92.358711276203394 52.439177025109529 48.226873867213726 407.12142632901669 108.21209825575352 86.103842034935951 299.91878012567759 39.770934328436852 53.497024897485971 15.953472483903171 32.523495450615883 31.467129524797201 56.861165195703506 196.24743860214949 17.015958238393068 24.826125919818878 6.3049984835088244 34.559304319322109 7.2577289678156367 11.193913359194992 138.80698430910707 62.669812586158514 27.557485081255436
leaf_count=6464 218 452 1045 863 2268 76 233 230 133 76 1190 731 98 2701 44 76 171 69 54 88 234 64 29 4 216 53 83 789 103 63
internal_value=1.73912e-05 -0.0333779 0.0251747 0.0157933 0.0370628 -0.0211315 -0.0183631 -0.0212143 -0.0127333 -0.0272081 0.0436455 0.0362692 -0.0324526 0.0029729 -0.0126859 -0.00597282 0.0146702 -0.00831326 -0.0146404 -0.00416497 -0.0369993 0.049594 0.00282003 0.00282003 0.00282003 0.0183029 0.00282003 0.0217316 -0.00427675 -0.00602749
internal_weight=4796.58 2060.16 2736.42 1535.96 1200.45 1098.87 1012.14 892.064 375.86 516.205 794.797 370.66 374.71 488.602 141.495 101.724 147.819 323.42 120.852 88.3283 282.351 424.137 120.078 340.783 334.478 120.672 27.1474 1047.36 202.569 139.899
internal_count=18918 2276 16642 11344 5298 1824 1748 1486 728 758 3030 1776 562 4091 196 152 1170 595 211 142 332 1254 262 2921 2917 916 254 7253 384 281
is_linear=0
shrinkage=0.03


Tree=4
num_leaves=31
num_cat=0
split_feature=0 0 2 2 0 0 2 2 8 8 0 8 8 2 8 8 2 5 0 0 8 5 0 8 8 6 0 8 5 8
split_gain=4153.17 343.519 272.095 135.212 105.058 75.1711 67.3528 54.7026 34.9459 29.4271 63.8151 38.87 79.7816 32.3853 40.4511 23.7494 16.17 15.8808 15.0921 13.814 6.90606 5.58179 5.78784 4.95028 18.333 4.93455 4.90151 4.68946 4.4486 4.38457
threshold=320.32387731481487 1397.0709780092595 2.5000000000000004 1155.0000000000002 31.777581018518521 28.046319444444446 158.50000000000003 1.0000000180025095e-35 0.60381809924952667 -0.14129821556612357 624.39576388888906 1.3363062095621225 -0.077894202850768146 1.0000000180025095e-35 -0.086707670996480871 4.1721371262788347 6.5000000000000009 0.41250000000000003 263.69260416666674 1048.9506712962964 -0.077894202850768146 0.41250000000000003 90.93401041666668 -0.11783250591323975 -0.098112905730255662 0.44949494949494956 896.2243287037038 -0.12903975949564242 1433.9083333333335 -0.4250736664705087
decision_type=2 2 2 2 2 2 2 2 8 8 2 10 8 2 8 8 2 10 2 2 8 10 2 10 10 10 2 8 10 10
left_child=2 6 4 5 7 -4 10 -1 25 17 -2 12 23 20 -15 -13 21 29 -18 -17 27 -7 -23 -12 -25 -9 -14 -11 -24 -6
right_child=1 -3 3 -5 9 16 -8 8 -10 13 11 15 26 14 -16 19 18 -19 -20 -21 -22 22 28 24 -26 -27 -28 -29 -30 -31
leaf_value=0.018203975072527107 -0.0088474800628797427 -0.04700761663992465 0.047322566681080314 -0.02176262815633161 -0.00098423239571815944 0.032161999802988644 -0.04700761663992465 0.017624834649391536 0.037821437496064751 -0.010892043186317152 -0.012102920878267436 0.0060573543771580904 -0.027743323648894504 -0.025436145762479507 0.017624834649391536 -0.0088474800628797427 0.038463216479961253 -0.00098423239571815944 0.0023076844773915338 -0.029275173527687499 -0.0075051719955974601 0.023534426176986614 0.013861736807046707 -0.035632057316968474 -0.01058323603828829 0.037132978644282916 -0.041263945948571107 0.0067152881500673412 -0.0026076734724679506 0.017624834649391536
leaf_weight=899.28182733431458 342.45650110393763 847.21533651649952 518.26376567035913 17.213883236050606 11.597254134714602 32.944262839853764 68.796060111373663 115.24817203730345 275.91341082379222 12.40007124841213 168.64672522246838 49.535532787442207 81.234913684427738 15.961852543056009 94.925798911601305 52.51981982588768 131.34782353416085 43.064442623406649 11.963527690619228 50.014162093400955 174.92304741218686 63.031137362122536 59.918522320687771 43.302935197949409 72.079607218503952 10.750852569937704 238.08588913083076 61.068669479340315 17.273313160985708 158.13310226798058
leaf_count=6590 952 344 1649 44 127 158 57 876 1251 98 213 60 107 76 589 63 594 387 40 63 1838 437 329 57 81 29 257 495 109 1056
internal_value=0.000151995 -0.032473 0.0242765 0.0383243 0.0178026 0.040142 -0.0217626 0.0225042 0.0317842 0.00700638 -0.0197671 -0.0246266 -0.0280458 0.0017066 0.0148237 -0.0105999 0.02783 0.0157098 0.0356245 -0.0185547 -0.00432613 0.0205607 0.0168216 -0.0160486 -0.0210735 0.0176248 -0.0383051 0.00323884 0.0102419 0.0176248
internal_weight=4739.11 2013.89 2725.22 851.956 1873.27 834.742 1166.67 1301.19 401.912 572.074 1097.88 755.42 603.35 359.279 110.888 152.07 316.479 212.795 143.311 102.534 248.392 173.167 140.223 284.029 115.383 125.999 319.321 73.4687 77.1918 169.73
internal_count=19026 2254 16772 3360 13412 3316 1910 8746 2156 4666 1853 901 715 3096 665 186 1667 1570 634 126 2431 1033 875 351 138 905 364 593 438 1183
is_linear=0
shrinkage=0.03


Tree=5
num_leaves=31
num_cat=0
split_feature=8 8 1 8 3 8 3 8 8 2 8 8 8 6 8 2 1 6 2 2 3 3 1 3 2 8 8 6 1 2
split_gain=1434.37 744.062 363.288 378.375 324.58 142.489 105.527 105.115 76.202 53.7964 35.7311 35.3207 33.297 27.3915 22.7394 21.5084 18.7078 16.8875 16.6637 18.6784 15.337 14.2906 29.5457 10.5773 19.4216 9.85684 10.5853 9.75749 8.63943 8.36055
threshold=-0.14258136166983529 -1.0000000180025095e-35 267.50000000000006 4.0015567420314797 0.12696813115463698 -0.4583192673143594 1.0000000180025095e-35 -0.077894202850768146 2.9626513442337257 6.5000000000000009 11.576149430677996 1.1926614701735352 -0.15809372313520981 1.0000000180025095e-35 -0.18427537411290235 3.5000000000000004 63.500000000000007 0.15412895927601813 4.5000000000000009 1.5000000000000002 0.5004770164787512 0.39658659924146655 1.5000000000000002 0.68356867779204122 2.5000000000000004 -0.12238069868960837 -0.13032254349676956 0.00016401891952882723 20.500000000000004 12.500000000000002
decision_type=10 10 2 8 10 10 10 10 10 2 10 10 8 8 8 2 2 10 2 2 8 10 2 10 2 10 10 8 2 2
left_child=4 7 3 6 12 15 11 18 23 10 21 -3 13 -1 -15 17 -17 20 19 25 -6 -5 -23 24 -8 26 -2 -7 -26 -11
right_child=1 2 -4 9 5 27 8 -9 -10 29 -12 -13 -14 14 -16 16 -18 -19 -20 -21 -22 22 -24 -25 28 -27 -28 -29 -30 -31
leaf_value=-0.0089705430846211739 -0.019990592930933842 -0.025213616884280809 -0.048954878920470082 -0.020457265789073094 0.014948866898553423 0.0093570211410628056 0.0010735066413429875 -0.040877374095301969 0.00018936499786340752 0.020389687486042099 -0.035177421040994673 0.00018936499786340752 0.0093570211410628056 0.017708068947934658 -0.0081825927133904186 0.04676099580449921 0.017708068947934658 0.049027735051779084 -0.00043824148662172563 -0.039051504239311252 0.032031683307421059 -0.020457265789073094 0.0097926330955590904 0.041920944480124636 0.038902919800711068 -0.024095721947898708 -0.0013172574916846564 0.027327652740515202 0.020246270467681675 -0.0021230920164420964
leaf_weight=179.60069562122226 67.032519143074751 44.261205196380615 107.29980400949717 94.80902910605073 76.722344130277634 230.23016371205449 20.599162824451923 691.63842140138149 53.586093109101057 27.939404640346766 105.56078056618571 84.74227999150753 1399.6730816327035 83.62464315071702 42.928122255951166 252.17628260329366 18.109661016613245 48.620523355901241 28.235356904566288 69.430534448474646 229.045405279845 28.152264915406704 54.361925814300776 190.64014675468206 86.502329830080271 351.16666882485151 45.221032164990902 24.922453165054321 56.977794606238604 25.467481654137373
leaf_count=998 179 127 111 200 462 1167 84 653 155 75 98 228 9162 402 211 749 54 105 40 117 1073 32 153 582 433 767 156 67 192 51
internal_value=-0.000122613 -0.0177108 0.00186457 0.00834954 0.0150759 0.0298268 0.023884 -0.0329851 0.0312774 -0.0164569 -0.0216182 0.000189365 0.00740273 -0.00153871 0.00894846 0.0375076 0.0445723 0.0315743 -0.0229813 -0.0241607 0.0280548 -0.012803 -0.00334196 0.03626 0.0286375 -0.0215367 -0.012845 0.0106631 0.0324254 0.0103916
internal_weight=4819.28 2233.62 980.9 873.6 2585.65 879.827 537.309 1252.72 408.306 336.291 282.884 129.003 1705.83 306.153 126.553 624.674 270.286 354.388 561.086 532.851 305.768 177.323 82.5142 354.719 164.079 463.42 112.254 255.153 143.48 53.4069
internal_count=18883 4433 2521 2410 14450 3677 1801 1912 1446 609 483 355 10773 1611 613 2443 803 1640 1259 1219 1535 385 185 1291 709 1102 335 1234 625 126
is_linear=0
shrinkage=0.03


Tree=6
num_leaves=27
num_cat=0
split_feature=3 1 2 7 3 1 5 6 5 2 5 3 2 5 1 2 1 5 1 1 2 1 1 5 1 1
split_gain=812.347 312.279 155.717 105.688 48.6329 37.3488 32.4723 29.4106 33.4942 28.8754 24.9706 21.9647 12.3055 11.1918 12.7325 9.58325 13.6457 7.56767 6.98492 6.96922 6.27455 6.33108 5.83964 3.30113 1.54512 0.866051
threshold=1.0000000180025095e-35 365.50000000000006 4.5000000000000009 1.0000000180025095e-35 0.66546329723225039 8.5000000000000018 7.5625000000000009 0.0040405524537173087 1.4083333333333334 1.5000000000000002 1.0000000180025095e-35 0.61591148577449961 3.5000000000000004 5615.6000000000013 4.5000000000000009 7.5000000000000009 58.500000000000007 1.0000000180025095e-35 41.500000000000007 3.5000000000000004 2.5000000000000004 5.5000000000000009 2.5000000000000004 1.0000000180025095e-35 2.5000000000000004 6.5000000000000009
decision_type=10 2 2 2 10 2 10 10 10 2 10 10 2 10 2 2 2 10 2 2 2 2 2 10 2 2
left_child=5 2 3 4 6 17 19 8 -4 -6 -11 18 -7 14 -12 -13 -17 -1 25 22 21 -8 23 -2 -19 -10
right_child=1 -3 7 -5 9 12 20 -9 11 10 13 15 -14 -15 -16 16 -18 24 -20 -21 -22 -23 -24 -25 -26 -27
leaf_value=-0.0082398541674038907 0.0098036048255653926 -0.0093267254068600623 0.039891881737588231 0.049827386699362111 0.0098036048255653926 -0.039671221774121454 -0.014494139364755005 0.049018038445764772 0.0037298228152853026 0.030754899716001163 0.022711023968662779 0.015253692149223654 -0.016818869560629696 -0.0071795181579694953 0.0098036048255653926 0.037494522775198845 0.015253692149223654 -0.019896156087443408 -0.000323910996651744 0.0098036048255653926 -0.0071795181579694953 -0.0071795181579694953 -0.0068892881215063496 -0.004348952927849245 -0.014494139364755005 0.015253692149223654
leaf_weight=2790.7321245446801 44.472103796899319 94.833984013646841 173.86855502426624 58.785545900464058 286.22045025974512 38.47373241558671 66.367465134710073 81.592771057039499 16.790907759219408 135.76726278662682 98.498371537774801 40.02567982301116 70.210018750280142 19.129082772880793 51.293400533497334 137.6373593993485 34.048011101782322 78.648415524512529 25.700351700186729 50.062565371394157 75.285935062915087 12.107156503945587 38.496974356472492 14.072402041405438 112.97355997934937 148.11354019120336
leaf_count=12022 133 116 437 133 1138 165 379 253 58 387 485 233 105 83 198 393 82 307 84 211 355 62 99 101 416 505
internal_value=-0.00016377 0.0164445 0.0202987 0.0124293 0.00969994 -0.00932673 -0.000130069 0.0314914 0.0286091 0.014664 0.0212459 0.0233032 -0.0262975 0.0129387 0.0156568 0.0300311 0.0332326 -0.00866529 0.0152537 0.0098036 -0.00866529 -0.0144941 0.00166865 0.00739536 -0.0144941 0.0152537
internal_weight=4794.21 1703.17 1608.34 950.559 891.773 3091.04 300.865 657.777 576.184 590.909 304.688 402.316 108.684 168.921 149.792 211.711 171.685 2982.35 190.605 147.104 153.761 78.4746 97.0415 58.5445 191.622 164.904
internal_count=18940 5925 5809 3764 3631 13015 1340 2045 1792 2291 1153 1355 270 766 683 708 475 12745 647 544 796 441 333 234 723 563
is_linear=0
shrinkage=0.03


Tree=7
num_leaves=31
num_cat=0
split_feature=8 3 3 1 1 8 8 8 8 8 8 8 8 8 3 8 8 1 1 5 6 5 1 1 8 1 8 1 6 8
split_gain=1272.36 553.264 287.581 276.844 180.021 115.684 86.4498 62.5087 46.7331 146.538 30.6847 29.5837 27.07 54.7979 24.6142 20.5659 14.5933 13.0837 12.8986 9.2651 8.17875 11.0124 11.7013 20.0858 8.50737 7.69716 11.5062 8.18932 7.52716 6.95852
threshold=-0.18247924343503832 1.0000000180025095e-35 0.078703703703703706 248.00000000000003 3.5000000000000004 -0.4583192673143594 2.9626513442337257 -0.036132866321819369 -0.027799858695191502 2.6162113340461972 -0.24566234184904998 15.154108648399317 -0.094211819394037541 -1.0000000180025095e-35 0.55423792687426898 -0.46540249995852678 -0.060406289022973798 11.500000000000002 3.5000000000000004 352.81666666666672 0.0056657678479712387 0.80833333333333346 6.5000000000000009 28.500000000000004 1.3363062095621225 1.5000000000000002 10.275374294413295 2.5000000000000004 0.0056657678479712387 -0.60646403296254547
decision_type=10 10 10 2 2 10 10 10 10 10 8 10 10 10 10 8 10 2 2 10 10 10 2 2 10 2 10 2 10 10
left_child=2 12 10 4 8 15 7 19 -3 -10 18 14 -2 16 17 28 -14 -8 -1 -6 21 -9 24 -24 -23 -11 27 -27 -4 -20
right_child=1 3 5 -5 6 -7 11 20 9 25 -12 -13 13 -15 -16 -17 -18 -19 29 -21 -22 22 23 -25 -26 26 -28 -29 -30 -31
leaf_value=0.0010544214920245423 -0.027588322803256706 -0.027588322803256706 0.024221515429415984 -0.027588322803256706 0.0073636238180371421 0.010095385801373704 -0.014218201572073097 0.040749552106688687 0.036973546106615671 -0.027588322803256706 0.0090073358228604083 -0.027588322803256706 -0.032756727183228029 -0.027588322803256706 0.019798419105077056 0.040608774976332265 -0.04294762117256249 0.010779997254143603 0.0024870631492890692 -0.015361539686809514 0.046443923584339832 0.019352513144976772 0.035404123116909769 0.012324597760315852 -0.0072346602431255713 0.0090225781472260194 -0.027588322803256706 -0.014004838753927554 0.043288863077939548 -0.022320253281305335
leaf_weight=118.80709600821137 402.65770539268851 73.121783662587404 197.99807012826204 99.905206765979528 38.372649844735861 213.3336139768362 47.914143595844507 66.225362107157707 52.066653981804848 44.665132783353329 1400.0291437320411 22.412971448153257 407.08205746859312 247.70009800046682 57.903944462537766 385.61674284189939 364.73804425820708 24.825425319373608 12.178126007318495 20.754479076713324 44.43105136230588 18.022836342453957 106.29588408395648 59.753370452672243 16.6738490909338 21.229094058275223 24.58200928196311 25.076653335243464 28.590827614068985 37.247539423406124
leaf_count=628 1351 170 1059 110 91 1148 86 201 191 61 9343 21 540 526 187 1320 290 84 81 46 142 93 410 181 81 73 32 43 86 183
internal_value=-0.000129378 -0.0161166 0.0151424 0.0028114 0.00946524 0.0294238 0.0192805 0.027026 -0.0118398 -0.0027131 0.00755492 0.000267852 -0.0275883 -0.0328318 0.00600525 0.0360228 -0.0378181 -0.00554191 -0.0044432 -0.00118902 0.0323174 0.0291558 0.0244337 0.0277019 0.00727383 -0.0213872 -0.0133574 -0.00359735 0.0275101 -0.016541
internal_weight=4680.21 2286.41 2393.8 864.233 764.327 825.539 523.586 370.529 240.741 167.62 1568.26 153.056 1422.18 1019.52 130.644 612.206 771.82 72.7396 168.233 59.1271 311.402 266.971 200.746 166.049 34.6967 115.553 70.8878 46.3057 226.589 49.4257
internal_count=18858 5010 13848 2303 2193 3613 1623 1245 570 400 10235 378 2707 1356 357 2465 830 170 892 137 1108 966 765 591 174 209 148 116 1145 264
is_linear=0
shrinkage=0.03


Tree=8
num_leaves=31
num_cat=0
split_feature=8 8 1 8 3 8 3 8 8 8 6 1 8 5 6 3 8 3 1 1 1 8 1 8 8 8 5 8 5 8
split_gain=1264.44 639.948 291.831 320.804 265.756 94.6231 71.4032 67.3741 40.5414 32.9812 37.7371 36.027 25.4328 23.9942 16.9676 15.8273 11.6274 19.5271 20.5858 15.1192 11.4197 9.82056 9.64858 20.0072 7.20168 6.78321 8.66365 6.62275 6.23038 5.51606
threshold=-0.14258136166983529 -1.0000000180025095e-35 248.00000000000003 3.5826916815289569 0.5004770164787512 -0.089272192474319043 0.5186206896551725 -0.49974213505257487 11.576149430677996 -0.5080005080007618 0.00016401891952882723 1.0000000180025095e-35 -1.4106332518679954 398.42500000000001 0.013701201201201203 0.12696813115463698 1.6367615931413522 0.095454545454545472 9.5000000000000018 7.5000000000000009 3.5000000000000004 -0.22354118250387747 3.5000000000000004 4.7674795406178676 -0.05395565565866154 -0.22639738596760769 20.175000000000001 -0.1732540250764065 296.12500000000006 6.9435779072769845
decision_type=10 10 2 10 10 10 10 10 10 10 8 2 10 8 10 10 10 10 2 2 2 8 2 10 10 10 10 8 8 10
left_child=4 5 3 6 9 -2 14 -6 13 11 15 -1 -13 -5 16 -11 17 18 -3 -18 -10 -12 29 -24 -7 -17 -27 -23 -21 -15
right_child=1 2 -4 8 7 24 -8 -9 20 10 21 12 -14 22 -16 25 19 -19 -20 28 -22 27 23 -25 -26 26 -28 -29 -30 -31
leaf_value=0.0080085209021319662 -0.018812786098405039 0.018006583823614711 -0.046049871426856001 0.006123879844532931 0.037056630919476134 -0.033660850211939444 0.03402318031806726 0.014273375973122098 -0.036843287275410135 -0.01121271628852747 0.023043607186696149 0.031138159777852975 0.010727541249358668 -0.023296912201895583 0.03402318031806726 0.0091467189350572919 -0.0084268324591996475 0.024987302553521985 -0.019580913101587372 0.022752351196238019 -0.015817562915004298 -0.00065374838565495578 -0.023430712919953967 0.006123879844532931 -0.041960678529589561 0.0072167751115681028 -0.01121271628852747 0.013157771711742251 -0.00013694450144011215 -0.0078025205792630666
leaf_weight=1237.4825813956559 378.70484173670411 20.996885672211647 97.48631900921464 83.874707590788603 473.52221924066544 446.79074228182435 258.98105171695352 166.35748532786965 62.184670276939869 161.47255993634462 49.79920256882906 182.19072246551514 88.139590598642826 67.806497447192669 17.011938948184252 65.486806515604258 63.216094430536032 59.861972447484732 21.476381570100784 22.812892019748688 55.262109395116568 54.199872676283121 19.766699351370335 28.102971669286489 339.45901126414537 12.463434413075449 16.809071827679873 67.353199690580368 17.300589185208082 38.750027313828468
leaf_count=8438 1019 97 114 240 1681 575 896 807 53 755 237 864 601 122 58 415 188 282 71 80 63 256 42 84 250 70 56 285 49 63
internal_value=0.000520897 -0.0167354 0.00176038 0.00756649 0.0145966 -0.0315225 0.0234219 0.03129 -0.0139278 0.00901103 0.00163343 0.0110909 0.0142734 -0.0065594 0.0106159 -0.0056252 0.00771519 0.0146309 -0.00105989 0.000506871 -0.028 0.0123394 -0.0134242 -0.00194138 -0.0374868 0.00398086 -0.0072243 0.00721678 0.0139593 -0.0182645
internal_weight=4675.12 2099.85 934.892 837.405 2575.28 1164.95 481.658 639.88 355.748 1935.4 427.584 1507.81 270.33 238.301 222.677 256.232 205.665 102.335 42.4733 103.33 117.447 171.352 154.426 47.8697 786.25 94.7593 29.2725 121.553 40.1135 106.557
internal_count=18811 4346 2502 2388 14465 1844 1721 2488 667 11977 2074 9903 1465 551 825 1296 767 450 168 317 116 778 311 126 825 541 126 541 129 185
is_linear=0
shrinkage=0.03


Tree=9
num_leaves=31
num_cat=0
split_feature=0 0 3 0 0 8 4 8 0 8 8 8 2 8 8 0 5 5 8 8 8 5 8 5 0 2 0 2 8 0
split_gain=3543.86 372.047 249.338 107.53 79.5598 61.4895 66.1357 64.9583 35.082 27.9445 27.306 24.3388 21.1026 20.0596 17.4379 16.913 12.7666 12.8422 10.7859 9.32898 12.2451 13.0078 8.37744 8.08568 7.20383 6.39958 10.1492 3.53734 1.96015 1.95471
threshold=320.32387731481487 1347.758697916667 0.10555555555555557 30.303512731481486 29.68961226851852 -0.11106829372089243 0.11156297245971725 1.3363062095621225 533.66143518518527 -0.060406289022973798 -0.18427537411290235 4.3865985131140901 5.5000000000000009 -0.15038189688501749 5.8775027652492442 896.2243287037038 6.6833333333333345 12.075000000000001 -0.069237967345302978 -0.19889369214173561 1.2247732239362579 4.2250000000000005 -0.05395565565866154 0.41250000000000003 593.89294560185192 1.0000000180025095e-35 1.0000000180025095e-35 2.5000000000000004 -0.14851099033688575 256.24564814814818
decision_type=2 2 10 2 2 8 8 10 2 8 8 10 2 8 10 2 10 10 10 10 10 10 8 10 2 2 2 2 10 2
left_child=2 5 3 25 10 6 24 8 18 -10 12 23 -4 17 -13 21 19 -5 -7 -8 -15 -16 -20 -9 -2 26 -1 -12 -21 -6
right_child=1 -3 4 13 29 7 16 11 9 -11 27 14 -14 20 15 -17 -18 -19 22 28 -22 -23 -24 -25 -26 -27 -28 -29 -30 -31
leaf_value=0.022004974509322667 -0.015509811574158403 -0.044381593467920553 0.022035033013684299 0.01752907411372184 0.022035033013684299 -0.019999063046359754 0.014267681948643621 0.013996583418801469 -0.02232471181039462 -0.038530015810220218 0.035689583066517122 -0.031904399789896273 0.041579027731961725 0.00040267004669452747 0.017816030381267296 -0.018981635078930907 -0.015509811574158403 -0.0081390506126556138 0.0098113860006083641 -0.0061703407349751136 0.017903196782582141 -0.010557003476188319 -0.012085039578996128 -0.0039020798637830626 -0.039355523105027636 0.022035033013684299 0.017903196782582141 0.045214663220449404 0.00040267004669452747 0.017903196782582141
leaf_weight=644.60229223966599 22.125152885913849 883.0933690071106 126.05633877962828 121.27060080319643 380.6718353740871 80.634546924382448 61.880021274089813 37.094533503055573 204.159967366606 248.00104860961437 197.38015934452415 38.428759641945362 67.02038274332881 307.00871662423015 24.890657089650631 58.095367521047592 29.375900067389011 17.377852734178305 23.30875351279974 35.85100220516324 36.277215644717216 23.718136720359325 30.710713569074869 45.743762347847223 40.140997938811779 141.89085939154029 278.23713802173734 381.86635953187943 90.902227353304625 36.00512632727623
leaf_count=4108 84 396 862 907 2132 222 124 51 254 279 818 50 242 2766 49 69 72 168 46 92 233 53 86 89 59 807 2417 1052 150 132
internal_value=0.000629921 -0.0299173 0.0227329 0.0147156 0.0330565 -0.0181041 -0.0058504 -0.0222579 -0.0275154 -0.0315372 0.0388227 -0.00842462 0.0275796 0.0029167 -0.0156785 -0.00866841 0.00212598 0.0141406 -0.0133647 0.0029167 0.0029167 0.0029167 -0.00260621 0.0029167 -0.0318598 0.0200176 0.0183586 0.0423022 0.00040267 0.022035
internal_weight=4713.82 1978.15 2735.66 1546.66 1189 1095.06 280.275 814.786 586.815 452.161 772.323 227.971 193.077 481.934 145.133 106.704 218.009 138.648 134.654 188.633 343.286 48.6088 54.0195 82.8383 62.2662 1064.73 922.839 579.247 126.753 416.677
internal_count=18869 2225 16644 11406 5238 1829 581 1248 887 533 2974 361 1104 4074 221 171 438 1075 354 366 2999 102 132 140 143 7332 6525 1870 242 2264
is_linear=0
shrinkage=0.03


Tree=10
num_leaves=31
num_cat=0
split_feature=0 0 2 2 0 0 2 8 2 6 8 8 2 2 0 8 2 8 8 5 8 8 8 8 8 8 0 8 8 8
split_gain=3327.45 311.041 180.895 93.7198 89.5321 66.8558 63.0581 62.8544 68.0959 48.2939 42.2808 60.47 23.5918 21.3568 32.3694 26.6788 15.206 13.5379 18.2957 11.7956 10.1923 16.969 8.37703 21.1693 6.81702 6.12083 6.02503 5.1489 18.1812 4.90311
threshold=320.32387731481487 1347.758697916667 2.5000000000000004 1171.5000000000002 65.176186342592601 28.046319444444446 124.50000000000001 -0.47148539307352649 3.5000000000000004 0.090097402597402607 -0.075683053628122096 1.3363062095621225 5.5000000000000009 1.0000000180025095e-35 1.0000000180025095e-35 3.1851417882256152 70.500000000000014 -0.12656766823670626 -0.027799858695191502 0.65833333333333344 -0.061840684483087792 -0.069237967345302978 4.1721371262788347 7.7812465438342988 1.0000000180025095e-35 -0.11783250591323975 90.93401041666668 1.2910918749267415 -0.21813070768502107 -0.089272192474319043
decision_type=2 2 2 2 2 2 2 10 2 10 8 10 2 2 2 8 2 8 10 10 8 10 10 10 10 8 2 10 10 10
left_child=2 6 4 5 9 -4 8 -6 10 13 -2 20 19 14 -1 -15 -14 -9 25 -7 21 -12 -13 -24 -21 -19 -26 28 -10 -27
right_child=1 -3 3 -5 7 12 -8 17 27 -11 11 22 16 15 -16 -17 -18 18 -20 24 -22 -23 23 -25 26 29 -28 -29 -30 -31
leaf_value=0.020531890795450702 -0.015080043217311193 -0.042572353074631156 0.042165631987173886 -0.018643478562943894 -0.015080043217311193 0.029530493250567683 -0.042572353074631156 0.016772294997388301 0.0026512047473490003 0.046224155736515123 -0.035499815263994594 0.0022658318047754688 0.034199227481463285 0.01509570129653038 0.011171682614654252 0.031307527496181681 0.0026512047473490003 -0.019842817273343312 0.011171682614654252 0.015232698415708314 -0.035101483563529066 -0.008502994038359947 -0.027711456664725055 -0.0020011871238594338 0.018463691291196779 0.0057813855047555178 0.0026512047473490003 0.0026512047473490003 -0.017396160817050085 -0.008502994038359947
leaf_weight=624.41098619624972 385.56160788610578 883.34026099741459 486.53266751021147 14.991597205400465 108.64750418066978 30.504509937018156 67.803534556180239 163.7325343452394 23.99565664306283 58.018112327903509 35.881357446312904 40.063952498137951 148.96237709373236 174.44740324467421 367.7568836659193 235.70184340700507 14.521867252886294 17.044653128832579 53.457493156194687 64.814082603901625 283.95838662981987 51.884068325161934 46.955238979309797 66.645385328680277 17.891690950840712 35.030688345432281 33.500255107879639 69.726897228509188 47.419871013611555 22.754541847854853
leaf_count=4096 753 399 1647 45 1054 149 56 1136 58 127 60 64 691 1314 3400 1191 44 143 298 465 440 68 61 87 136 276 135 137 91 166
internal_value=-8.36023e-05 -0.0292748 0.0218094 0.0336294 0.0165775 0.0351238 -0.0186435 0.00395497 -0.0166575 0.0200154 -0.0196474 -0.025564 0.0235852 0.0187707 0.0162175 0.0246771 0.0314272 0.0111717 0.00366261 0.0140988 -0.0320602 -0.0208587 -0.00933431 -0.0133484 0.00899689 -0.00638471 0.0026512 0.0026512 -0.00516559 -0.00115095
internal_weight=4675.96 2003.24 2672.72 811.719 1861 796.727 1119.9 400.667 1052.09 1460.34 910.95 525.388 310.195 1402.32 992.168 410.149 163.484 292.02 128.287 146.711 371.724 87.7654 153.665 113.601 116.206 74.8299 51.3919 141.142 71.4155 57.7852
internal_count=18787 2274 16513 3312 13201 3267 1875 3073 1819 10128 1533 780 1620 10001 7496 2505 735 2019 883 885 568 128 212 148 736 585 271 286 149 442
is_linear=0
shrinkage=0.03


Tree=11
num_leaves=29
num_cat=0
split_feature=0 0 3 0 0 1 0 2 3 6 1 0 1 0 2 5 2 2 1 0 0 1 1 1 1 2 5 1
split_gain=3240.9 310.487 232.996 89.7875 69.896 59.8182 54.4623 38.5166 36.5734 33.0759 14.2897 12.5629 30.3106 11.7056 11.3894 11.127 9.01587 4.42029 6.13937 3.769 13.2548 13.0473 8.26397 2.91858 3.69303 2.5591 1.74467 0.506511
threshold=320.32387731481487 1397.0709780092595 0.095454545454545472 30.303512731481486 11.659120370370372 123.00000000000001 1003.6055555555557 3.5000000000000004 0.66546329723225039 0.0040405524537173087 178.50000000000003 1.0000000180025095e-35 1.0000000180025095e-35 101.43821180555557 4.5000000000000009 19.012500000000003 70.500000000000014 2.5000000000000004 8.5000000000000018 562.04461805555559 161.38208912037041 1.0000000180025095e-35 1.0000000180025095e-35 3.5000000000000004 1.0000000180025095e-35 3.5000000000000004 2.4083333333333337 15.500000000000002
decision_type=2 2 10 2 2 2 2 2 10 10 2 2 2 2 2 10 2 2 2 2 2 2 2 2 2 2 10 2
left_child=2 5 3 11 25 6 7 8 15 13 17 -1 -13 14 -6 19 -16 20 -9 -2 23 -21 -22 24 -5 -4 -8 -20
right_child=1 -3 4 10 9 -7 26 18 -10 -11 -12 12 -14 -15 16 -17 -18 -19 27 21 22 -23 -24 -25 -26 -27 -28 -29
leaf_value=0.021474387658854413 -0.011215806583466145 -0.042688952748722968 0.038666091422315481 0.0051842585431661091 0.020424627251364218 -0.042688952748722968 -0.023283031193072155 0.0076925103929667386 0.0091349010446240986 0.038666091422315481 -0.030287051813323945 0.0076925103929667386 0.020424627251364218 0.013279585770380379 0.034442681232919013 -0.02523401513913253 0.020424627251364218 0.0076925103929667386 -0.0044742751734094706 -0.022050740019231258 0.00013246761123518342 -0.011215806583466145 -0.011215806583466145 -0.0069538532821453647 0.013279585770380379 0.044125109710889072 -0.031879150482156081 0.00068391847627597769
leaf_weight=644.21451957523823 211.78437945619226 837.7993286550045 294.17318974807858 241.26435799896717 186.42266540974379 72.732644259929657 328.45836448669434 30.472123831510544 52.332553304731846 65.503672610968351 6.2457669191062442 272.45098912715912 138.13353741914034 167.43742019683123 129.11329966410995 37.391055814921856 13.908966235816477 34.342760816216469 26.484709549695253 186.52930891513824 114.69409561157227 82.147056024521589 36.877967368811369 10.37284269183874 51.679103206843138 323.12878642231226 73.9151481539011 35.116567868739367
leaf_count=4118 581 346 1315 2333 1310 72 340 68 97 224 4 2401 814 891 655 101 48 198 67 281 774 105 251 103 430 853 101 92
internal_value=0.000384166 -0.0288465 0.021547 0.0138304 0.0315865 -0.0185078 -0.0165482 -0.0111213 -0.0140691 0.0235434 0.00325204 0.0187607 0.0142956 0.0204246 0.0238032 -0.016479 0.0308712 0.00398229 0.00325204 -0.0147583 0.0027846 -0.0172947 -0.0043652 0.00637032 0.0069509 0.0386661 -0.025234 -0.00170319
internal_weight=4705.13 1975.16 2729.96 1550.28 1179.69 1137.36 1064.63 662.258 570.184 562.386 495.477 1054.8 410.585 496.882 329.445 517.852 143.022 489.231 92.0734 480.461 454.888 268.676 151.572 303.316 292.943 617.302 402.374 61.6013
internal_count=18973 2251 16722 11426 5296 1905 1833 1392 1165 3128 4093 7333 3215 2904 2013 1068 703 4089 227 967 3891 386 1025 2866 2763 2168 441 159
is_linear=0
shrinkage=0.03


Tree=12
num_leaves=31
num_cat=0
split_feature=0 0 2 1 0 1 8 8 8 1 0 0 8 8 8 0 2 8 6 8 1 8 8 8 1 8 8 8 8 8
split_gain=3138.17 299.552 166.956 153.413 101.811 67.255 35.9779 37.1914 90.2687 35.6273 35.3798 34.1206 27.7452 22.9492 20.2262 19.537 13.6731 13.4426 9.50758 8.9603 7.09648 6.52495 17.089 10.9721 5.98715 5.83014 4.22132 5.0404 12.1764 14.4064
threshold=320.32387731481487 1347.758697916667 2.5000000000000004 230.50000000000003 30.303512731481486 121.50000000000001 -0.58729795912322813 1.1926614701735352 -0.075683053628122096 1.0000000180025095e-35 15.550555555555556 1.0000000180025095e-35 0.60381809924952667 4.3865985131140901 7.7812465438342988 66.8498263888889 6.5000000000000009 -0.32702254282720306 0.44949494949494956 11.576149430677996 1.0000000180025095e-35 -0.13606990972723812 -0.24247297771058599 -0.027799858695191502 1.5000000000000002 2.217106583904477 -0.079587637321171648 -0.089272192474319043 -0.098112905730255662 -0.11106829372089243
decision_type=2 2 2 2 2 2 10 10 8 2 2 2 8 10 10 2 2 10 10 10 2 8 10 10 2 8 10 10 10 10
left_child=2 5 4 10 9 7 15 8 17 11 -4 -1 18 25 -15 -6 -12 -2 -11 -16 -17 -8 -19 -23 -22 -9 27 28 29 -24
right_child=1 -3 3 -5 6 -7 21 13 -10 12 16 -13 -14 14 19 20 -18 22 -20 -21 24 23 26 -25 -26 -27 -28 -29 -30 -31
leaf_value=0.021209310704656578 -0.02479716422878582 -0.04143448035834036 0.041721821805166294 -0.017939848521533828 0.0052789983838768739 -0.04143448035834036 0.01589071796519672 0.01761454005310301 -0.029197677858044033 0.011628992802133368 0.021070870454242829 0.011392461710778786 0.033579994718806967 -0.024072498620158578 0.010051760391508126 -0.017086788381756608 0.034253295310213101 0.010873132161251457 0.036196211511245184 -0.0094638671703915558 0.0052789983838768739 -0.0010546370850873532 -0.0082022371419370379 0.011392461710778786 -0.013324275784777812 0.0012112790588913488 -0.0010546370850873532 -0.018852793617012815 -0.0010546370850873532 -0.029718026850094077
leaf_weight=647.67825499922037 39.778647810220718 893.36897487938404 404.17481796815991 32.167811527848244 112.91534768044949 79.046259604394436 201.72224295511842 30.602308455854654 380.12228758633137 111.71005415543914 190.29878325015306 259.53663948178291 279.60804006457329 58.799776051193476 32.253328692167997 83.285797107964754 171.03164864704013 38.281066730618477 13.701452940702437 44.138443078845739 12.495588708668949 99.65378886833787 206.7088270150125 66.494936939328909 12.720649961382149 44.898021895438433 29.82301764190197 50.186730079352856 37.469683296978474 29.125438418239355
leaf_count=4129 96 401 1249 87 1096 74 1490 53 584 854 1216 2345 1245 89 52 849 752 87 32 64 85 746 401 398 75 84 42 88 63 73
internal_value=-4.43939e-05 -0.0285402 0.0210268 0.0325496 0.0161204 -0.0179398 0.00569787 -0.0157098 -0.0186137 0.0207614 0.0353227 0.0172727 0.0282701 -0.00435269 -0.0116013 -0.00380599 0.027693 -0.0090596 0.0155979 -0.00111287 -0.0090596 0.0113925 -0.00716849 0.0100518 0.000804291 0.00854107 -0.00924772 -0.0102635 -0.0083759 -0.0114212
internal_weight=4693.8 1994.6 2699.2 797.673 1901.52 1101.23 589.288 1022.19 811.496 1312.23 765.505 907.215 405.02 210.692 135.192 221.417 361.33 431.373 125.412 76.3918 108.502 367.871 391.595 166.149 25.2162 75.5003 353.314 323.491 273.304 235.834
internal_count=18899 2251 16648 3304 13344 1850 4739 1776 1434 8605 3217 6474 2131 342 205 2105 1968 850 886 116 1009 2634 754 1144 160 137 667 625 537 474
is_linear=0
shrinkage=0.03


Tree=13
num_leaves=31
num_cat=0
split_feature=0 0 2 1 0 1 0 2 1 8 8 0 8 1 8 0 0 6 8 8 0 0 2 2 0 5 8 2 5 0
split_gain=3022.88 263.953 175.489 125.503 87.888 53.4515 46.4455 90.9368 35.8746 33.9578 36.301 28.0109 27.6585 24.4364 24.3156 22.0981 14.4795 10.9904 10.6802 21.3729 15.0697 10.3432 8.29607 12.5562 9.14721 7.12397 6.62536 5.23368 6.48258 4.94945
threshold=320.32387731481487 1347.758697916667 2.5000000000000004 365.50000000000006 31.777581018518521 121.50000000000001 28.046319444444446 3.5000000000000004 1.0000000180025095e-35 -0.11623193596915153 5.8775027652492442 1.0000000180025095e-35 0.41317901791323425 3.5000000000000004 -0.53444969203625436 562.04461805555559 66.8498263888889 0.44949494949494956 -0.061840684483087792 -0.03226654156120868 940.72428240740749 940.72428240740749 6.5000000000000009 6.5000000000000009 657.95267939814823 5.7125000000000012 -0.079587637321171648 4.5000000000000009 0.41250000000000003 248.73701967592595
decision_type=2 2 2 2 2 2 2 2 2 8 10 2 8 2 10 2 2 10 8 10 2 2 2 2 2 10 10 2 10 2
left_child=2 5 4 6 8 7 27 9 11 13 15 -1 17 -2 16 -11 -6 -10 20 -20 -17 -12 25 -9 -25 -8 -22 28 -4 -24
right_child=1 -3 3 -5 14 -7 22 23 12 10 21 -13 -14 -15 -16 18 -18 -19 19 -21 26 -23 29 24 -26 -27 -28 -29 -30 -31
leaf_value=0.01942300566803886 -0.0055596587687282584 -0.040999423331502707 0.04204157158711086 -0.018743603114390852 0.0063671076907390635 -0.040999423331502707 0.027857908097383026 0.014600497398062793 0.0099933037573745279 -0.015018972237749333 0.0060386935598929518 0.0077767890975643118 0.032260179210071453 -0.032034509648059241 0.0077767890975643118 -0.015018972237749333 -0.0045802503226678899 0.036063266375110238 -0.039751076275682216 -0.01946640275683641 -0.038059379838559386 -0.014225345149515362 0.031820059489924446 0.0092819113976412362 -0.012306810958775994 0.014600497398062793 -0.019543445600238473 0.04284715805683452 0.029865855438918992 0.0092819113976412362
leaf_weight=628.39291730523109 196.57026458531618 865.5411184579134 70.141238428652287 23.559147585183382 109.58527026325464 68.375003404915333 51.912535309791565 69.008433170616627 108.28244614973664 141.33240542560816 39.774441212415695 277.07131494581699 276.22185793146491 33.141676221042871 353.4010052382946 75.825745318084955 110.35482807084918 13.608478892594574 181.7491489648819 84.237479221075773 54.643679440021515 41.920847862958908 125.60786185413599 25.805127941071987 37.050106227397919 115.54296388849616 55.259628981351852 333.17361192405224 86.999226365238428 14.446510110050438
leaf_count=4085 393 399 198 70 1031 70 275 144 870 380 66 2401 1284 82 2577 122 1027 30 226 89 60 43 562 85 46 760 60 1013 482 48
internal_value=-0.000389479 -0.0285998 0.0202238 0.0317848 0.0150935 -0.0187436 0.033896 -0.0168724 0.0193886 -0.0202523 -0.0236501 0.0159216 0.0269786 -0.00998037 0.00524471 -0.0262168 -0.00295247 0.0142102 -0.0295176 -0.0338047 -0.0226528 -0.00458025 0.0240314 0.00620316 -0.00341274 0.0184272 -0.0300051 0.0397777 0.0321492 0.0298659
internal_weight=4668.54 1970.24 2698.3 821.383 1876.92 1104.69 797.824 1036.32 1303.58 904.455 674.743 905.464 398.113 229.712 573.341 593.048 219.94 121.891 451.716 265.987 185.729 81.6953 307.51 131.864 62.8552 167.455 109.903 490.314 157.14 140.054
internal_count=18978 2265 16713 3408 13305 1866 3338 1796 8670 1521 1046 6486 2184 475 4635 937 2058 900 557 315 242 109 1645 275 131 1035 120 1693 680 610
is_linear=0
shrinkage=0.03


Tree=14
num_leaves=31
num_cat=0
split_feature=8 8 1 8 3 8 3 6 8 8 1 3 5 6 5 8 6 8 1 3 3 8 8 1 1 3 8 1 5 5
split_gain=760.328 468.219 255.727 262.012 240.899 54.8278 48.1588 44.7328 36.2335 27.2161 51.6003 29.5941 23.0902 18.5796 19.5455 20.6704 18.119 15.6915 15.1671 16.101 10.9342 9.71666 9.48053 8.50604 8.42293 8.01747 6.90168 6.53103 6.6333 6.49489
threshold=-0.14258136166983529 0.10947385941339509 365.50000000000006 4.0015567420314797 0.5004770164787512 -0.094211819394037541 0.62510229132569572 0.0040405524537173087 11.576149430677996 -0.68585991094688847 1.0000000180025095e-35 0.12696813115463698 0.41250000000000003 0.0022290392584983459 2.4083333333333337 0.99015368604283005 0.0040405524537173087 -0.060406289022973798 3.5000000000000004 0.39658659924146655 0.078703703703703706 -0.10306521699421792 -0.027799858695191502 15.500000000000002 7.5000000000000009 0.5004770164787512 -0.067404673961580883 3.5000000000000004 1159.3791666666668 24234.529166666671
decision_type=10 10 2 10 10 10 10 10 10 10 2 8 10 10 10 10 10 10 2 10 10 10 10 2 2 8 10 2 8 8
left_child=4 5 3 6 7 21 13 9 18 10 -1 27 -12 14 15 -3 -6 26 29 24 23 25 -19 -16 -20 -2 -7 -11 -29 -5
right_child=1 2 -4 8 16 17 -8 -9 -10 11 12 -13 -14 -15 20 -17 -18 22 19 -21 -22 -23 -24 -25 -26 -27 -28 28 -30 -31
leaf_value=0.0053594246893879796 -0.025138892436069593 0.0021881343217166746 -0.044075543122118491 0.00098654809298536167 0.027922287810295671 -0.026939359592827533 0.030870650668679386 0.0281693173648002 -0.025531137999988469 -0.0051886452993411651 0.027922287810295671 0.0055029486486627352 0.0068451101206587137 0.030870650668679386 0.00079515792714452695 0.025902165404502867 0.043596733360551046 -0.036378974140674085 0.0040504064827277348 0.01404776544639025 0.0021881343217166746 -0.0015911091390404695 -0.021201423392669443 -0.022458991534166056 -0.019778240719118153 -0.012758653129262594 -0.015063523087814133 -0.0072716022104447383 -0.026996137254114896 -0.016529779628010416
leaf_weight=1245.4868011884391 75.676379434764385 21.495433699339628 89.224127322435379 23.806319840252399 524.2508013471961 299.74228326231241 243.20331436023116 35.483174614608288 122.033821541816 111.96696883067489 143.95100727304816 275.29383832961321 74.106979172676802 22.351417072117329 27.216482795774937 83.295738346874714 77.390493080019951 367.37573952227831 22.104674454778433 53.149938300251961 96.229644410312176 45.258839029818773 69.649435862898827 23.777247007936239 24.00611212849617 179.74330821633339 78.282906524837017 37.46193078532815 29.008959989994764 80.624904602766037
leaf_count=8499 138 54 94 71 2256 459 811 95 120 589 671 1407 541 82 107 239 186 319 47 167 425 125 101 62 57 667 106 162 97 165
internal_value=0.000739634 -0.0128598 0.00283106 0.00802451 0.0116482 -0.0259283 0.0212114 0.00649912 -0.012933 0.00578018 0.00776445 -0.000635087 0.0210732 0.01225 0.0094118 0.0189987 0.0281693 -0.0299901 -0.00495453 0.00338547 0.00218813 -0.0146074 -0.0342273 -0.011085 -0.00907646 -0.0168389 -0.0247088 -0.00999672 -0.0171661 -0.0126741
internal_weight=4602.65 2048.25 932.519 843.295 2554.4 1115.73 517.569 1952.76 325.726 1917.28 1463.54 453.732 218.058 274.366 252.015 104.791 601.641 815.05 203.692 99.2607 147.223 300.679 437.025 50.9937 46.1108 255.42 378.025 178.438 66.4709 104.431
internal_count=18919 4416 2501 2407 14503 1915 1780 12061 627 11966 9711 2255 1212 969 887 293 2442 985 507 271 594 930 420 169 104 805 565 848 259 236
is_linear=0
shrinkage=0.03


Tree=15
num_leaves=22
num_cat=0
split_feature=0 0 3 0 1 2 0 2 5 0 3 1 2 0 2 1 0 6 1 2 1
split_gain=2549.02 279.058 168.922 82.0117 67.4321 80.5559 48.8597 22.9631 23.6082 14.6501 28.496 8.17035 14.8669 8.96291 10.7887 8.06688 6.78187 2.34521 1.67256 1.25309 1.20087
threshold=311.3555844907408 1347.758697916667 0.078703703703703706 28.824554398148152 121.50000000000001 3.5000000000000004 30.303512731481486 3.5000000000000004 2.4083333333333337 624.39576388888906 0.99909747292418782 135.50000000000003 2.5000000000000004 562.04461805555559 6.5000000000000009 1.0000000180025095e-35 1143.929039351852 0.090097402597402607 96.500000000000014 1.0000000180025095e-35 1.5000000000000002
decision_type=2 2 10 2 2 2 2 2 10 2 10 2 2 2 2 2 2 10 2 2 2
left_child=2 4 6 7 5 9 19 8 -4 10 20 12 -8 -7 -15 -11 -17 -10 -9 -1 -2
right_child=1 -3 3 -5 -6 13 11 18 17 15 -12 -13 -14 14 -16 16 -18 -19 -20 -21 -22
leaf_value=0.015132234193039379 -0.011181410001401661 -0.039389719242678971 0.032964524222593661 0.016856761657904663 -0.039389719242678971 0.016529247996011451 0.0028787311291724699 0.040324807025528521 0.016856761657904663 -0.022967273580414407 0.016280813833827245 -0.028891039876252734 0.016529247996011451 0.010961066988960199 -0.0088734318735537564 -0.014368147830309883 -0.024883259604694168 0.032139286719536718 0.018293561978345418 0.016856761657904663 -0.014368147830309883
leaf_weight=889.19582632184029 203.06913366541266 826.56868036091328 241.0088715814054 402.6764005087316 74.47374789044261 40.607653073966503 431.83842781931162 358.25308086723089 94.981434486806393 358.84383671358228 26.138118527829647 6.2374073751270762 31.134484451264143 49.837669566273689 40.061744570732117 157.23437459021807 59.875877439975739 12.210593722760676 15.173136148601769 138.78755249083042 68.692906226962805
leaf_count=6478 563 398 1024 2317 70 150 3827 1152 676 433 60 5 194 74 58 190 72 37 62 822 206
internal_value=7.0607e-05 -0.026296 0.0192485 0.0280314 -0.0161287 -0.013918 0.0125816 0.0341081 0.027652 -0.017191 -0.0114546 0.00782364 0.00782364 0.00782364 0.00212042 -0.0200339 -0.0147778 0.0168568 0.0396832 0.0165292 -0.0143681
internal_weight=4526.9 1905.4 2621.5 1124.3 1078.84 1004.36 1497.19 721.627 348.201 873.854 297.9 469.21 462.973 130.507 89.8994 575.954 217.11 107.192 373.426 1027.98 271.762
internal_count=18868 2274 16594 5268 1876 1806 11326 2951 1737 1524 829 4026 4021 282 132 695 262 713 1214 7300 769
is_linear=0
shrinkage=0.03


Tree=16
num_leaves=31
num_cat=0
split_feature=0 0 2 1 0 1 0 8 6 8 8 8 0 8 0 2 8 1 5 8 8 8 0 8 8 8 8 8 8 8
split_gain=2535.77 256.229 166.845 122.476 73.3306 57.2469 41.1141 39.914 31.4636 24.2432 23.8001 60.5202 23.3184 16.3953 15.5075 15.4198 10.4838 30.9816 8.62687 7.13971 7.74482 6.81476 5.70061 3.55595 6.57736 2.48632 14.6616 4.7113 6.50866 7.37163
threshold=293.91310763888896 1292.1540972222226 2.5000000000000004 343.50000000000006 30.303512731481486 128.50000000000003 15.550555555555556 19.868193860798456 0.090097402597402607 -0.65431743350022564 0.81693409210196033 -0.077894202850768146 164.88806712962966 2.7044694707785459 66.8498263888889 6.5000000000000009 0.3433756774523446 1.0000000180025095e-35 0.65833333333333344 -0.32702254282720306 -0.49974213505257487 -0.047652940983513893 1.0000000180025095e-35 6.9435779072769845 4.7674795406178676 3.7733712206366348 -0.24247297771058599 -0.20087517160411791 -0.12798340198523966 -0.083880866328817763
decision_type=2 2 2 2 2 2 2 8 10 10 10 10 2 8 2 2 8 2 10 10 10 10 2 10 10 10 8 10 8 10
left_child=2 5 4 6 8 7 -4 10 16 14 11 19 -11 -12 -6 18 -1 22 -8 20 -2 -13 -18 24 -15 -20 -21 -28 -29 -30
right_child=1 -3 3 -5 9 -7 15 -9 -10 12 13 21 -14 23 -16 -17 17 -19 25 26 -22 -23 -24 -25 -26 -27 27 28 29 -31
leaf_value=0.0071423686028122095 -0.0065181493549988619 -0.037557156699158725 0.039468188419760332 -0.015691932591883853 0.0054616330888976918 -0.037557156699158725 0.030278911145826377 -0.031024315263132093 0.041464785841054036 0.015584639718747569 0.013142515645424997 -0.02032060144250817 -0.00048207756091346945 -0.0010244520378248276 -0.0065181493549988619 0.031717303523060028 0.018804087077066874 0.027813675073047429 0.013142515645424997 0.011995161604418802 -0.028863612206965376 -0.032417049264288893 0.015584639718747569 -0.0022247778930279652 -0.020029424419804626 0.025065040649987397 -0.016605768284954005 -0.0001476035715055458 -0.012467462313481587 -0.00048207756091346945
leaf_weight=99.56973373144865 18.551094926893711 920.1875913888216 409.56555725261569 22.471732687205076 114.25535484030843 70.829053703695536 40.421615652740002 102.22522450983524 46.984421763569117 221.67302570864558 44.797867201268673 180.33564823120832 126.30880256742239 29.564698349684477 102.1410139799118 161.97421118989587 626.37785929441452 226.42509827017784 135.30430145189166 36.1347263045609 21.0911052711308 89.632082622498274 263.38273914903402 76.39300886169076 33.429064821451902 17.619281005114317 37.298394650220871 118.85735080391169 136.42888230457902 38.591839220374823
leaf_count=811 38 471 1330 70 1081 78 192 200 102 1759 101 283 806 68 989 730 4113 1156 938 103 69 127 2364 120 53 87 79 265 294 58
internal_value=-0.000243113 -0.0260566 0.0190656 0.0306005 0.0140249 -0.0156919 0.0327881 -0.0136083 0.0180333 0.00497701 -0.0113736 -0.0139591 0.0098286 -0.00175349 -0.00287049 0.0246474 0.0169617 0.0178018 0.0180744 -0.00651815 -0.0179606 -0.0248532 0.0155846 -0.00683029 -0.0118411 0.0139919 -0.00505859 -0.00707006 -0.00560226 -0.00919955
internal_weight=4568.82 1954.35 2614.47 787.357 1827.12 1034.16 764.885 963.331 1262.74 564.378 861.106 676.921 347.982 184.185 216.396 355.319 1215.76 1116.19 193.345 406.953 39.6422 269.968 889.761 139.387 62.9938 152.924 367.311 331.176 293.878 175.021
internal_count=18935 2407 16528 3347 13181 1936 3277 1858 8546 4635 1658 1316 2565 342 2070 1947 8444 7633 1217 906 107 410 6477 241 121 1025 799 696 617 352
is_linear=0
shrinkage=0.03


Tree=17
num_leaves=28
num_cat=0
split_feature=0 0 3 0 0 1 6 1 3 0 1 5 0 1 0 1 1 6 1 0 1 1 1 1 0 0 5
split_gain=2473.81 210.104 188.975 68.7438 56.5524 49.975 27.0381 24.7437 13.6226 13.2725 11.0492 5.45882 7.51217 5.30098 4.43197 10.01 3.09844 3.56527 2.48602 2.19329 23.5952 0.795961 0.704341 3.29244 0.605273 0.308343 0.25818
threshold=320.32387731481487 1292.1540972222226 1.0000000180025095e-35 30.303512731481486 14.980341435185187 121.50000000000001 0.0040405524537173087 17.500000000000004 0.16025641025641027 161.38208912037041 1.0000000180025095e-35 1.0000000180025095e-35 284.73871527777789 1.5000000000000002 562.04461805555559 1.0000000180025095e-35 6.5000000000000009 0.0040405524537173087 3.5000000000000004 0.00067708333333333346 1.0000000180025095e-35 3.5000000000000004 2.5000000000000004 1.5000000000000002 242.05051504629634 293.91310763888896 128.3666666666667
decision_type=2 2 10 2 2 2 10 2 10 2 2 10 2 2 2 2 2 10 2 2 2 2 2 2 2 2 10
left_child=2 5 3 19 16 8 11 9 14 10 -5 13 24 -6 21 -16 17 -4 -17 -1 -21 -2 23 25 -13 -11 -12
right_child=1 -3 4 7 6 -7 -8 -9 -10 22 26 12 -14 -15 15 18 -18 -19 -20 20 -22 -23 -24 -25 -26 -27 -28
leaf_value=0.017947905049794131 -0.010713192256802933 -0.037269899478520434 0.027205991305535245 0.0037820922528547466 0.015703627913039225 -0.037269899478520434 0.033873354428147949 -0.015134014913042049 -0.0080960220570452882 -0.0035721327601281635 0.015703627913039225 0.015703627913039225 -0.0035721327601281635 0.026950339025583293 -0.022223669261104521 -0.015134014913042049 0.039674205417100046 0.040305617535822839 -0.024239304237642145 0.0052445459654065591 0.015703627913039225 -0.01879984587912906 -0.0035721327601281635 -0.010713192256802933 0.0061836573034838617 -0.0075844141343400931 0.0051180726517876833
leaf_weight=631.7128486931324 188.59760707244277 888.78703938424587 314.83658985048532 241.78968556597829 64.606079518795013 72.229008536785841 53.178431253880262 17.396688863635063 209.43749073892832 103.36483186483383 67.360780723392963 260.62823576107621 11.262688159942625 96.849948842078447 354.54482003301382 112.40714430809021 248.36255077645183 45.373364940285683 58.49854788184166 253.63541588932276 131.55571322888136 19.193105116486549 20.505598243325949 11.015340980142353 17.181272938847542 16.586674828082323 8.8751645386219007
leaf_count=4132 531 469 1532 2317 410 72 198 65 419 781 542 1713 45 479 461 132 743 111 81 2358 795 79 135 63 74 88 79
internal_value=-0.000642877 -0.0266221 0.0182767 0.0112828 0.0276396 -0.0171605 0.0198492 0.00198388 -0.015134 0.00365724 0.00710251 0.0169721 0.0157036 0.0221322 -0.0170758 -0.0189975 0.0338734 0.0338734 -0.015134 0.0157036 0.0157036 -0.015134 -0.00357213 -0.0058374 0.0157036 -0.00357213 0.0157036
internal_weight=4519.77 1903.69 2616.08 1503.8 1112.28 1014.91 503.707 486.895 942.679 469.498 318.026 450.528 289.072 161.456 733.241 525.451 608.573 360.21 170.906 1016.9 385.191 207.791 151.472 130.967 277.81 119.952 76.2359
internal_count=18904 2244 16660 11355 5305 1775 2919 4070 1703 4005 2938 2721 1832 889 1284 674 2386 1643 213 7285 3153 610 1067 932 1787 869 621
is_linear=0
shrinkage=0.03


Tree=18
num_leaves=27
num_cat=0
split_feature=0 0 3 0 0 0 3 8 8 4 8 8 6 0 0 8 6 8 0 8 8 6 8 5 8 8
split_gain=2102.97 262.464 196.634 71.1136 61.6571 30.5547 35.1866 29.5049 45.741 34.6269 27.255 24.5608 22.7975 13.1187 13.0961 11.3539 7.0494 8.213 5.98953 5.20456 5.02929 2.38471 2.31644 1.89606 0.98527 0.225782
threshold=320.32387731481487 1397.0709780092595 0.078703703703703706 30.303512731481486 14.980341435185187 624.39576388888906 0.99909747292418782 -0.089272192474319043 1.3363062095621225 0.70408621413769723 0.92867564137862479 -0.40814210300142445 0.0040405524537173087 65.176186342592601 152.53480324074076 -0.055695427628336465 0.53571428571428581 1.4146579967887816 1.0000000180025095e-35 -0.067404673961580883 -0.14534024114653069 0.0022290392584983459 1.2910918749267415 8.158333333333335 -0.077894202850768146 -0.46540249995852678
decision_type=2 2 10 2 2 2 10 8 10 8 10 10 10 2 2 8 8 10 2 10 8 10 10 10 8 8
left_child=2 5 3 18 21 6 -2 9 15 -7 -3 13 -6 25 20 19 17 -16 -1 -9 -13 -4 -22 -10 -18 -5
right_child=1 10 4 11 12 7 -8 8 23 -11 -12 14 -14 -15 16 -17 24 -19 -20 -21 22 -23 -24 -25 -26 -27
leaf_value=0.017041699795596731 -0.0098956345197043216 -0.040421239420043102 0.031870916639626268 0.0057793109708298446 0.019175348910609537 -0.034240131838568146 0.019175348910609537 -0.022171340529873983 -0.0098956345197043216 -0.0098956345197043216 -0.027423702388967866 0.017928528536061056 0.033662596903338865 -0.0098956345197043216 -0.0098956345197043216 -0.027423702388967866 0.0089935078637705407 0.0053957298875630701 0.013055658531823012 -0.0098956345197043216 0.0053957298875630701 0.041586359331335573 0.013055658531823012 -0.017062870505497693 0.0053957298875630701 0.0010829371676312682
leaf_weight=629.76520431786776 331.15716791525483 600.85592065751553 520.40818896517158 5.8433177098631859 460.62820638716221 49.35549633949995 28.584197867661715 93.746898517012596 113.6151437908411 177.10950099676847 165.62327831983566 78.081382498145103 52.763621840626001 97.299525585025549 39.005072176456451 226.04823239520192 74.752155799418688 15.836449973285196 400.54785205051303 54.17506305128336 43.42565568163991 92.561039350926876 16.467132218182087 49.838015899062157 12.027356717735527 94.636170476675034
leaf_count=4100 927 268 2143 55 2792 70 58 107 128 224 77 611 200 992 230 252 510 87 3205 60 411 234 118 67 88 935
internal_value=0.0003921 -0.0237183 0.0177051 0.0105651 0.0271733 -0.0143829 -0.00703587 -0.0177746 -0.0216368 -0.00989563 -0.0372216 0.000975368 0.0191753 -0.00701385 0.00665069 -0.0274237 0.000178232 -0.00783879 0.0149822 -0.0178628 0.0130557 0.0336626 0.00581105 -0.00989563 0.00539573 0.00161706
internal_weight=4524.16 1890.11 2634.05 1507.69 1126.36 1123.63 359.741 763.888 537.423 226.465 766.479 477.374 513.392 197.779 279.595 373.97 141.621 54.8415 1030.31 147.922 137.974 612.969 59.8928 163.453 86.7795 100.479
internal_count=18949 2238 16711 11342 5369 1893 985 908 614 294 345 4037 2992 1982 2055 419 915 317 7305 167 1140 2377 529 195 598 990
is_linear=0
shrinkage=0.03


Tree=19
num_leaves=31
num_cat=0
split_feature=0 0 0 1 8 1 1 0 8 8 8 6 0 8 8 8 8 1 8 8 8 8 8 8 1 8 1 8 8 5
split_gain=2117.05 177.169 165.984 139.581 61.0283 69.036 38.4994 35.4777 32.7768 31.3668 22.3763 15.5951 14.6667 13.4865 13.1322 13.8983 12.7432 11.3078 10.4165 11.1963 9.38995 12.6993 8.65343 6.47036 5.67561 5.50793 5.44104 3.63364 6.03197 3.33838
threshold=400.60436921296304 1397.0709780092595 31.777581018518521 1.0000000180025095e-35 11.576149430677996 219.50000000000003 123.00000000000001 242.05051504629634 -0.094211819394037541 -0.18427537411290235 -0.03226654156120868 0.0040405524537173087 66.8498263888889 -0.055695427628336465 -0.069237967345302978 -0.12798340198523966 4.3865985131140901 8.5000000000000018 -0.067404673961580883 -0.073921777666113533 -0.31005061774748416 -0.20397731437958902 -0.20397731437958902 6.2480140321346562 8.5000000000000018 -0.079587637321171648 2.5000000000000004 -0.1592926020455202 -0.13932590474386097 1.0000000180025095e-35
decision_type=2 2 2 2 8 2 2 2 8 8 10 10 2 8 10 10 10 2 10 10 10 10 8 10 2 10 2 10 10 10
left_child=2 6 3 -1 5 7 8 24 20 11 13 17 -6 18 15 22 -12 29 19 25 -2 -22 -9 -18 -4 -10 -11 -23 -29 -5
right_child=1 -3 4 9 12 -7 -8 14 10 26 16 -13 -14 -15 -16 -17 23 -19 -20 -21 21 27 -24 -25 -26 -27 -28 28 -30 -31
leaf_value=0.01319151496798497 -0.022232215202018787 -0.037733076385828117 0.01319151496798497 0.020198883355531903 0.0017487978155254838 -0.017900223451879645 -0.037733076385828117 -0.0052616190375635048 -0.021640136396468165 0.028374491835896631 -0.0030223137627013678 0.038748893996353111 -0.012032112858149809 -0.030444558561519841 0.009949393332193834 -0.0075781954528504353 -0.02831958537519343 0.028182742686499559 -0.0075343077804141227 -0.037447941422437757 0.0053263139497963701 -0.016929159876200254 0.01319151496798497 -0.012524298349936337 0.022464862356530529 -0.0075781954528504353 0.036849025176711452 0.0053470178724179104 -0.0089583350116958504 0.01319151496798497
leaf_weight=883.98873816430569 35.691481590270996 723.76367294788361 397.84009344130754 78.892477221786976 100.85209074988961 27.992791261523962 61.594538357108831 34.755948789417744 60.670787885785103 231.22780327498913 89.239305753260851 34.291978303343058 133.51369030401111 189.17358592525125 70.696033533662558 44.621591731905937 36.712517887353897 56.812270071357489 65.546904403716326 33.763425275683403 54.672136068344116 38.402628544718027 39.121342059224844 95.29672809690237 143.1495895087719 36.704878807067871 389.61941163614392 29.561528284102678 128.11114932596684 79.997430697083473
leaf_count=6532 72 332 2997 498 987 59 71 190 101 1070 157 100 1051 268 254 205 47 247 81 52 103 75 174 136 774 46 1330 56 200 659
internal_value=-4.12382e-05 -0.0265367 0.0161688 0.0217052 0.00632051 0.0104418 -0.0179002 0.0124403 -0.0161278 0.0302228 -0.0200667 0.0204955 -0.00695142 -0.0244608 0.000113323 -0.00592008 -0.0120321 0.0167815 -0.0180934 -0.0229006 -0.0075782 -0.0075782 0.00532631 -0.0177902 0.0131915 -0.016274 0.0339447 -0.00866553 -0.0075782 0.0131915
internal_weight=4426.28 1678.91 2747.37 1754.83 992.543 758.177 955.142 730.185 893.547 870.841 607.108 249.994 234.366 385.86 189.195 118.499 221.249 215.702 196.686 131.139 286.439 250.747 73.8773 132.009 540.99 97.3757 620.847 196.075 157.673 158.89
internal_count=18924 1797 17127 10436 6691 4653 1465 4594 1394 3904 888 1504 2038 548 823 569 340 1404 280 199 506 434 364 183 3771 147 2400 331 256 1157
is_linear=0
shrinkage=0.03


Tree=20
num_leaves=28
num_cat=0
split_feature=0 3 0 0 0 1 8 8 8 0 8 1 0 8 1 1 1 8 8 1 8 5 1 0 8 8 8
split_gain=2041.54 185.869 179.458 111.085 59.0412 49.1735 44.9453 30.8198 71.4011 19.5486 15.4369 12.2008 11.2729 9.6939 9.09498 13.1218 7.80034 5.41838 4.75147 4.4267 5.09303 3.36363 1.91899 0.262489 0.238168 2.66091 0.173333
threshold=400.60436921296304 0.078703703703703706 1347.758697916667 65.176186342592601 29.68961226851852 123.00000000000001 -0.4583192673143594 1.1306764390794029 -0.061840684483087792 171.14935763888892 -0.19173865103933127 6.5000000000000009 0.0021296296296296302 -0.03226654156120868 365.50000000000006 8.5000000000000018 3.5000000000000004 -0.16708457842597305 -0.32702254282720306 1.0000000180025095e-35 2.3361697878337524 1.0000000180025095e-35 3.5000000000000004 1048.9506712962964 -0.19173865103933127 -0.15418879655818046 -0.16708457842597305
decision_type=2 10 2 2 2 2 10 10 8 2 8 2 2 10 2 2 2 10 10 2 8 10 2 2 8 10 8
left_child=1 3 5 12 10 7 -5 8 18 16 11 21 -1 23 15 17 24 -6 -2 -11 -21 -3 -12 -10 -8 26 -26
right_child=2 4 -4 6 14 -7 9 -9 13 19 22 -13 -14 -15 -16 -17 -18 -19 -20 20 -22 -23 -24 -25 25 -27 -28
leaf_value=0.016243973794431495 -0.019424935099936456 0.024580960242433392 -0.036111262796370773 -0.014532260963759364 0.012002330664932098 -0.036111262796370773 0.019803776185060674 -0.0037110494735357841 -0.028495476491173774 0.0018476907117806354 0.028668304115494883 0.032042178696370056 0.012002330664932098 -0.015497961294619618 0.012002330664932098 0.025592001964402769 -0.0033983924850574344 0.019671840153389481 -0.0083806251462428278 -0.018291644675055025 -0.0033983924850574344 0.016243973794431495 0.036466061677717196 -0.036111262796370773 0.006058158618910168 0.012002330664932098 0.0018476907117806354
leaf_weight=654.31258475407958 37.752361107617617 59.613166585564613 795.82881428301334 115.33415327221155 141.5181065350771 69.472964350134134 28.623276583850384 189.90210438519716 123.27124336734414 126.78226995840669 193.50171253085136 72.611202601343393 515.34672239795327 42.117122408002615 15.823778845369814 162.9336955845356 14.572683800011871 107.55099444836378 407.22538368031383 45.667018081992865 18.266026645898819 57.838204674422741 306.29560182057321 79.158407807350159 10.329998303204773 55.348432548344135 5.9105554707348373
leaf_count=4275 74 319 396 1070 986 68 226 274 201 662 869 295 4352 62 42 796 109 596 661 255 72 464 1025 98 96 484 68
internal_value=-0.000341892 0.0159528 -0.025608 0.00931792 0.0253109 -0.0166559 -0.00386633 -0.0145323 -0.0174644 0.00248818 0.0307766 0.0222645 0.0140578 -0.031434 0.016244 0.016244 0.0120023 0.0140095 -0.0145323 -0.00339839 -0.00371105 0.016244 0.0337609 -0.0342962 0.0120023 0.0120023 0.00184769
internal_weight=4452.91 2708.18 1744.73 1590.49 1117.69 948.9 420.834 879.427 689.525 305.5 689.86 190.063 1169.66 244.547 427.827 412.003 114.785 249.069 444.978 190.715 63.933 117.451 499.797 202.43 100.212 71.589 16.2406
internal_count=18895 17061 1834 11669 5392 1438 3042 1370 1096 1972 2972 1078 8627 361 2420 2378 983 1582 735 989 327 783 1894 299 874 648 164
is_linear=0
shrinkage=0.03


Tree=21
num_leaves=27
num_cat=0
split_feature=0 0 3 0 0 1 6 2 5 1 0 0 1 0 2 2 0 2 1 0 1 5 0 3 1 5
split_gain=1910.32 187.397 179.374 79.4497 66.3123 48.7476 35.8182 28.7348 17.2359 10.1652 10.8125 9.82555 25.262 9.81643 11.4893 12.0616 7.32639 7.14203 6.16615 11.2274 5.52341 4.25451 1.01097 0.779419 0.761586 0.747162
threshold=400.60436921296304 1292.1540972222226 0.078703703703703706 27.381128472222226 11.071365740740744 123.00000000000001 0.0040405524537173087 3.5000000000000004 6.0041666666666673 1.0000000180025095e-35 562.04461805555559 1.0000000180025095e-35 1.0000000180025095e-35 101.43821180555557 5.5000000000000009 70.500000000000014 164.88806712962966 3.5000000000000004 2.5000000000000004 940.72428240740749 1.0000000180025095e-35 209.54583333333338 844.38105902777795 0.86688914702111197 1.0000000180025095e-35 0.41250000000000003
decision_type=2 2 10 2 2 2 10 2 10 2 2 2 2 2 2 2 2 2 2 2 2 8 2 8 2 10
left_child=2 5 3 11 17 7 13 8 9 10 -2 -1 -13 14 25 -16 20 -4 19 -11 -5 -9 -10 -15 -3 -6
right_child=1 24 4 16 6 -7 -8 21 22 18 -12 12 -14 23 15 -17 -18 -19 -20 -21 -22 -23 -24 -25 -26 -27
leaf_value=0.016093949901347028 -0.0061049312323373101 -0.038815472066254603 0.03194845564575962 0.0020260090872374721 0.018711580312058714 -0.035103800541923087 0.03194845564575962 -0.00015887652384833454 -0.018642775609387766 -0.00015887652384833454 -0.018476337037526942 0.0028636112512422573 0.013947367119903416 0.0067790057132176536 0.0300393431724463 0.013947367119903416 -0.00015887652384833454 0.038305707443434603 -0.01630118256690203 -0.013546772976249646 0.0084554306095284398 -0.0095041530833039171 -0.033451357811233914 0.011640941945588679 -0.035103800541923087 0.013947367119903416
leaf_weight=630.24695148319006 84.661965664476156 491.9919062256813 263.31059964001179 250.89246419072151 92.453562181442976 66.410618301481009 60.411314621567726 59.706526845693588 33.656967453658581 95.353196188807487 362.89194825664163 244.35258805751801 131.42678136751056 141.44476028159261 98.332665467634797 13.717612534761427 243.96279725432396 280.32585424184799 57.07612170279026 73.926248610019684 86.387667443603277 42.815785799175501 44.584362536668777 58.797132574021816 352.63804253935814 99.635961826890707
leaf_count=4098 215 265 1288 2472 585 69 224 116 84 151 472 2251 794 743 519 47 1349 835 85 74 718 76 58 310 201 846
internal_value=-0.000690246 -0.0249063 0.0151883 0.00867792 0.0244302 -0.0154161 0.0169768 -0.0132921 -0.0153244 -0.0135858 -0.0162294 0.013759 0.009683 0.0139474 0.017368 0.0252413 -0.000158877 0.0319485 -0.00812113 -0.00497451 0.00286361 -0.000158877 -0.0285836 0.00845543 -0.0351038 0.0139474
internal_weight=4461.41 1765.71 2695.7 1587.27 1108.43 921.084 564.793 854.673 752.151 673.909 447.554 1006.03 375.779 504.382 304.14 112.05 581.243 543.636 226.356 169.279 337.28 102.522 78.2413 200.242 844.63 192.09
internal_count=18945 1866 17079 11682 5397 1400 3274 1331 1139 997 687 7143 3045 3050 1997 566 4539 2123 310 225 3190 192 142 1053 466 1431
is_linear=0
shrinkage=0.03


Tree=22
num_leaves=31
num_cat=0
split_feature=0 0 3 0 0 8 8 6 8 8 0 8 5 0 8 3 8 8 3 8 0 0 8 8 8 0 8 8 5 0
split_gain=1867.08 244.936 162.21 58.3629 55.7942 31.2406 40.7213 30.8323 27.654 21.7115 18.3916 14.6461 13.8491 12.6615 13.7702 8.85018 9.60507 8.44871 8.10972 6.27322 7.7159 5.47092 4.77954 10.9176 8.20789 4.31086 3.14343 2.82817 2.62915 2.3918
threshold=320.32387731481487 1397.0709780092595 0.078703703703703706 30.303512731481486 11.90545138888889 -0.11106829372089243 1.3363062095621225 0.0040405524537173087 -0.05395565565866154 1.8712409154881953 533.66143518518527 -0.14415550077362968 4.8583333333333334 940.72428240740749 -0.06560943739585319 0.14835164835164838 -0.22354118250387747 1.3363062095621225 0.73055089209053392 0.3433756774523446 142.82523726851855 1.0000000180025095e-35 4.1721371262788347 6.2480140321346562 11.576149430677996 276.65916666666675 -0.076894660562742842 2.6162113340461972 3.0083333333333337 73.767534722222237
decision_type=2 2 10 2 2 8 10 10 8 10 2 8 10 2 10 8 10 10 10 10 2 2 10 8 10 2 10 10 10 2
left_child=2 5 3 21 -4 15 8 19 13 -3 -10 12 25 14 -7 16 -2 -13 22 -6 -21 -1 27 -24 -25 -5 -15 -8 -19 -14
right_child=1 9 4 11 7 6 18 -9 10 -11 -12 17 29 26 -16 -17 -18 28 -20 20 -22 -23 23 24 -26 -27 -28 -29 -30 -31
leaf_value=0.016295864072478166 -0.022773970335004379 -0.038854986760492767 0.031717681860265287 0.013096406110332637 0.01385585605572111 -0.014619584798110334 -0.0085456161876867592 0.031717681860265287 -0.012938739950717199 -0.023822234500141995 -0.032427102908341332 -0.0021892796456954885 0.0090750400550403537 -0.014619584798110334 -0.0021892796456954885 -0.0054792790798466554 -0.0054792790798466554 0.013096406110332637 0.0022962119479059406 0.024388091724246858 0.013096406110332637 0.013096406110332637 -0.027184983921396601 0.0022962119479059406 -0.016210091726963954 -0.0043056038742264966 -0.026220571875893984 0.0022962119479059406 0.0022962119479059406 -0.0054792790798466554
leaf_weight=617.54906285554171 51.534925255924463 619.78224638104439 555.90595831722021 114.05386770144105 289.39196166023612 106.39870785176754 33.926914870738983 60.197647707536817 66.255648009479046 136.62611824274063 215.14664590358734 305.7086013071239 9.2189620919525641 67.913888856768608 39.529306881129742 188.67839730530977 50.92097269743681 18.919922962784767 66.737127278000116 125.39327788725495 56.102068573236465 402.72070478647947 31.694771274924278 38.949449427425861 34.129604980349541 10.643610659986733 64.981967464089394 30.361340641975403 15.979075901210306 16.426929030567408
leaf_count=4067 104 281 2181 855 1919 253 62 225 166 70 263 2683 84 71 63 394 97 118 97 702 276 3199 55 63 50 46 74 49 87 158
internal_value=-0.000180897 -0.0232361 0.0161912 0.0097826 0.0250153 -0.0140124 -0.0170795 0.0177693 -0.021461 -0.036314 -0.0281446 0.00126342 0.0089043 -0.0143386 -0.00782599 -0.00547928 -0.0141696 -0.00218928 -0.00644029 0.0147457 0.0199748 0.0138559 -0.00985591 -0.0136828 -0.00646099 0.0130964 -0.0209469 -0.00308171 0.0116374 -0.00547928
internal_weight=4441.78 1843.57 2598.21 1511.22 1086.99 1087.16 796.025 531.085 560.226 756.408 281.402 490.951 150.343 278.824 145.928 291.134 102.456 340.608 235.799 470.887 181.495 1020.27 169.062 104.774 73.0791 124.697 132.896 64.2883 34.899 25.6459
internal_count=18812 2212 16600 11297 5303 1861 1266 3122 890 351 429 4031 1143 461 316 595 201 2888 376 2897 978 7266 279 168 113 901 145 111 205 242
is_linear=0
shrinkage=0.03


Tree=23
num_leaves=31
num_cat=0
split_feature=0 0 2 1 0 1 3 8 8 0 8 0 3 8 1 5 8 2 8 8 0 0 8 8 8 8 0 8 0 8
split_gain=1747.69 192.434 144.074 94.7842 59.9086 54.3069 33.3326 28.1918 36.3828 51.109 41.6622 19.4944 11.1993 11.1206 11.1729 11.4072 10.7846 8.50162 7.97153 9.53287 6.36037 6.12985 5.4125 5.14253 5.02607 4.64743 3.59449 15.4017 6.21568 6.72773
threshold=320.32387731481487 1397.0709780092595 3.5000000000000004 230.50000000000003 31.777581018518521 121.50000000000001 0.66546329723225039 -0.53444969203625436 -0.081313953331354438 1048.9506712962964 1.1306764390794029 11.659120370370372 0.99909747292418782 -0.39827587071143966 1.0000000180025095e-35 2.2583333333333337 -0.061840684483087792 7.5000000000000009 4.3865985131140901 6.5472912342668161 562.04461805555559 65.176186342592601 6.2480140321346562 -0.26745255284925956 -0.32702254282720306 -0.070506521604648459 242.05051504629634 -0.20899173069157134 624.39576388888906 -0.12903975949564242
decision_type=2 2 2 2 2 2 10 10 8 2 10 2 10 8 2 10 8 2 8 10 2 2 8 10 10 10 2 10 2 10
left_child=2 5 4 11 6 8 13 12 24 10 16 -4 21 -1 -15 23 25 -13 -12 -20 -18 -6 -11 -16 -2 -10 -19 -26 29 -29
right_child=1 -3 3 -5 7 -7 -8 -9 9 22 18 17 -14 14 15 -17 20 26 19 -21 -22 -23 -24 -25 27 -27 -28 28 -30 -31
leaf_value=-0.00065884531157278008 -0.014601335093384977 -0.034330830137781133 0.037410823318111019 -0.014345144807580167 -0.00065884531157278008 -0.034330830137781133 0.025388667297668442 0.0090594980453512636 -0.014626574505274645 -0.023522427500673775 0.011833791170701369 0.017963406948322543 0.013923354273800728 0.012403458700085985 0.025388667297668442 0.0090594980453512636 -0.013094637629371981 0.031499110066811109 -0.014446862989710199 0.004143029954178935 -0.026255543862243338 -0.0052141894723531142 -0.034330830137781133 0.0090594980453512636 0.0086432550794869559 9.5880903640193553e-05 0.011833791170701369 0.0070280967405578557 -0.010181412264395555 -0.0075074284418278998
leaf_weight=49.472638472914696 41.235349126160145 730.49049389362335 282.71267667040229 23.951805222779512 104.94467091187835 73.471628040075302 253.80076948180795 404.12425607442856 32.772570967674255 152.93801666796207 47.550832014530897 129.81947660259902 23.794971849769354 883.30844539403915 103.85538203269243 36.691076193004847 72.538619969040155 145.08394062705338 33.476087000221014 65.684689354151487 108.09631153568625 99.99588431417942 65.655042424798012 11.47136716917157 66.458552565425634 39.320730563253164 13.83288851007819 46.878995705395937 184.22662771865726 59.15287859365344
leaf_count=428 93 349 863 81 996 79 1269 2906 71 193 108 871 150 6520 489 312 195 657 51 108 146 992 93 76 145 57 45 154 245 189
internal_value=1.4404e-05 -0.0224391 0.015947 0.0288492 0.0119872 -0.0143451 0.015575 0.00433597 -0.0123806 -0.0169161 -0.0103207 0.0314047 -0.00402471 0.013173 0.013834 0.0214863 -0.0175882 0.0249872 0.00236545 -0.00252504 -0.0214655 -0.00521419 -0.0284677 0.0253887 -0.00521419 -0.0071113 0.0300019 -0.00394223 -0.00692142 -0.00105386
internal_weight=4386.81 1819.95 2566.86 595.401 1971.46 1089.46 1338.6 632.86 1015.99 618.033 399.44 571.449 228.736 1084.8 1035.33 152.018 252.728 288.736 146.712 99.1608 180.635 204.941 218.593 115.327 397.952 72.0933 158.917 356.717 290.259 106.032
internal_count=18931 2276 16655 2517 14138 1927 9094 5044 1848 1022 736 2436 2138 7825 7397 877 469 1573 267 159 341 1988 286 565 826 128 702 733 588 343
is_linear=0
shrinkage=0.03


Tree=24
num_leaves=31
num_cat=0
split_feature=0 0 2 1 0 0 1 8 8 8 6 2 8 8 1 0 5 0 8 5 8 8 8 8 8 8 8 8 0 0
split_gain=1610.36 161.831 130.428 139.639 76.3552 44.6007 43.2193 29.3577 37.371 63.6074 23.7344 20.6605 28.424 13.4402 10.0788 25.1787 25.123 8.33621 7.91726 5.6747 26.9498 6.67086 11.3938 15.1092 4.85595 3.92142 3.12069 2.24341 1.55697 1.47917
threshold=400.60436921296304 1397.0709780092595 2.5000000000000004 263.50000000000006 30.303512731481486 15.550555555555556 123.00000000000001 -0.53444969203625436 -0.077894202850768146 1.3363062095621225 0.23764705882352943 6.5000000000000009 4.3865985131140901 7.7812465438342988 1.0000000180025095e-35 1.0000000180025095e-35 1.0000000180025095e-35 65.176186342592601 -0.34293946286267857 0.65833333333333344 -0.23863893236924633 -0.15038189688501749 -0.11106829372089243 -0.098112905730255662 0.41317901791323425 -0.085162603498078915 -0.12512633077784138 0.3433756774523446 139.8040104166667 14.980341435185187
decision_type=2 2 2 2 2 2 2 10 8 10 10 2 8 10 2 2 10 2 10 10 8 10 10 10 8 10 10 8 2 2
left_child=2 6 4 5 10 -4 8 17 18 -10 14 19 -11 -14 15 -1 24 -6 -2 -7 -20 -22 26 -24 -16 -25 -23 -18 -13 -26
right_child=1 -3 3 -5 7 11 -8 -9 9 12 -12 28 13 -15 16 -17 27 -19 20 -21 21 22 23 25 29 -27 -28 -29 -30 -31
leaf_value=0.014961767880051609 -0.018565720630581407 -0.033986886402555622 0.034932500369573807 -0.015146119856753308 0.0016020727027732608 0.025055182611572125 -0.033986886402555622 0.0062535674434239432 -0.025803713124569513 0.013262288580010627 0.036824906772573732 0.030005644977127072 -0.022430642255156553 -0.0031043227102978692 0.014008900175852153 0.0062535674434239432 0.0016020727027732608 -0.0067091067629844034 0.018324767280361934 0.013262288580010627 -0.015083983403785018 -0.0021327420043805133 -0.026585863792996288 -0.0094988624079809358 0.02675233177010581 0.0020665009344651782 0.0062535674434239432 0.0090770102189015409 0.018758370995673269 0.0093476130566524061
leaf_weight=627.30001432821155 34.590683061629534 728.40747766196728 366.46952333115041 34.732857339084148 106.87218251079321 39.420762155205011 62.226474827155471 433.89713551476598 349.67963128164411 55.254447713494301 36.859194461256266 117.03084835037589 53.338401682674885 77.106860760599375 63.807893224060535 263.25073387846351 46.725212693214417 133.34837668389082 37.231882698833942 153.0651510246098 70.724072430282831 51.975936707109213 32.148203611373901 48.374893642961979 160.00458266958594 49.284124623984098 44.710638400167227 35.753353331238031 53.106436457484961 11.663949862122534
leaf_count=4158 63 354 1300 90 1051 196 68 2852 518 86 99 563 71 103 445 2383 403 1123 73 1082 139 95 58 70 780 69 60 268 241 90
internal_value=-0.000466321 -0.0233186 0.0139861 0.0244484 0.00977006 0.0274527 -0.0151461 0.00161896 -0.0132894 -0.0183508 0.0141581 0.0195213 -0.00400809 -0.0115431 0.0133179 0.0115469 0.0180228 -0.00670911 -0.00670911 0.0122788 -0.00422514 -0.00730636 -0.00460441 -0.0102549 0.0230124 -0.00384596 0.00311297 0.00625357 0.0271307 0.0258678
internal_weight=4378.36 1695.05 2683.31 763.826 1919.48 729.093 966.646 674.118 904.42 535.379 1245.36 362.623 185.7 130.445 1208.51 890.551 317.955 240.221 369.04 192.486 334.45 297.218 226.494 129.807 235.476 97.659 96.6866 82.4786 170.137 171.669
internal_count=18951 1827 17124 3472 13652 3382 1473 5026 1405 778 8626 2082 260 174 8527 6541 1986 2174 627 1278 564 491 352 197 1315 139 155 671 804 870
is_linear=0
shrinkage=0.03


Tree=25
num_leaves=31
num_cat=0
split_feature=0 0 3 1 0 0 8 8 6 0 8 8 1 8 3 8 8 3 8 0 8 8 8 8 0 8 6 8 8 8
split_gain=1566.26 172.692 122.34 58.169 44.6433 37.7586 35.0265 46.9592 26.6871 25.725 25.0145 19.9573 23.4642 10.9881 9.03551 10.4767 14.6416 8.02993 7.88812 8.11527 8.46919 15.1065 7.87888 6.46731 9.26072 6.31884 5.10467 4.48364 4.33051 6.82855
threshold=276.65916666666675 1397.0709780092595 1.0000000180025095e-35 121.50000000000001 11.659120370370372 30.303512731481486 1.1306764390794029 -0.061840684483087792 0.0040405524537173087 562.04461805555559 -0.12656766823670626 4.3865985131140901 3.5000000000000004 7.7812465438342988 0.78555427547363044 -0.06560943739585319 -0.073921777666113533 0.35053865652724975 -0.28851761641955753 1292.1540972222226 -0.098112905730255662 -0.11106829372089243 -0.089272192474319043 0.17628365289956047 77.021174768518534 -0.079587637321171648 0.0022290392584983459 -0.055695427628336465 -0.22354118250387747 -0.13032254349676956
decision_type=2 2 10 2 2 2 10 8 10 2 8 8 2 10 10 10 10 10 10 2 10 10 8 10 2 10 10 10 10 10
left_child=2 3 5 6 26 -1 7 14 23 27 -7 -8 13 -13 15 16 18 -14 -2 20 21 28 -22 -6 -25 -24 -4 -9 -20 -30
right_child=1 -3 4 -5 8 10 11 9 -10 -11 -12 12 17 -15 -16 -17 -18 -19 19 -21 22 -23 25 24 -26 -27 -28 -29 29 -31
leaf_value=0.012655860695801565 -0.021553330927751142 -0.033631431531814561 0.027187138488936346 -0.033631431531814561 0.012655860695801565 0.011852943799486268 0.010011653776889633 -0.014734857819486101 0.029220580685377837 -0.030022747599410548 -0.0017761425964382329 -0.030134683857253042 -0.0041777129782956772 -0.0076728361776724988 0.004270751122161129 -0.0017761425964382329 -0.026809157310245871 0.013507030574139184 0.0037420704702016009 -0.023512943083785549 0.004270751122161129 -0.023512943083785549 -0.014649665993648836 0.025060312390257227 0.013507030574139184 -0.0017761425964382329 0.038384111458385189 -0.0017761425964382329 -0.012411866381038009 -0.0017761425964382329
leaf_weight=1021.1312151961029 43.185712747275829 669.11585196852684 443.08765074238181 80.703864185139537 271.59127363562584 155.3569530621171 78.942223735153675 54.204943574965 54.930809417739511 215.06678086146712 295.69059127941728 39.351847130805254 31.71382649987936 43.431200798600912 36.802601084113121 25.994766090065241 49.636898595839739 32.813999004662037 28.935345605015755 24.733337387442589 30.997602581977844 33.774092052131891 38.818965755403042 102.9105517975986 76.774436067789793 36.227562118321657 78.489372409880161 31.305716641247272 116.73470549657941 60.68062112480402
leaf_count=7268 132 336 1936 84 1813 1275 164 167 211 289 2590 53 60 65 76 37 88 65 84 33 60 89 81 552 452 51 228 88 289 114
internal_value=-0.000288528 -0.0215665 0.0150713 -0.0143316 0.023003 0.00947474 -0.0122844 -0.015131 0.0163734 -0.0245371 0.00221316 -0.00177614 -0.00821438 -0.0194586 -0.009581 -0.0106546 -0.0119422 -0.00177614 -0.0098615 -0.00823159 -0.00682053 -0.0099989 -0.00177614 0.013507 0.0187912 -0.00618972 0.0292206 -0.00984384 -0.00650644 -0.00823466
internal_weight=4303.14 1803.17 2499.96 1134.06 1027.78 1472.18 1053.35 827.1 506.207 300.577 451.048 226.253 147.311 82.783 526.522 489.72 463.725 64.5278 414.088 370.902 346.169 240.125 106.044 451.276 179.685 75.0465 521.577 85.5107 206.351 177.415
internal_count=18830 2505 16325 2169 5192 11133 2085 1678 3028 544 3865 407 243 118 1134 1058 1021 125 933 801 768 576 192 2817 1004 132 2164 255 487 403
is_linear=0
shrinkage=0.03


Tree=26
num_leaves=31
num_cat=0
split_feature=0 0 3 1 8 0 6 0 8 0 8 8 4 1 8 8 1 1 3 8 8 1 8 1 0 1 8 8 1 8
split_gain=1373.75 246.078 139.106 54.1635 44.542 39.4908 36.9983 37.7791 28.3892 28.0973 14.329 22.0881 17.9593 15.4733 14.3 13.5632 12.8866 19.3512 8.98565 7.02298 7.12521 6.31342 11.4319 5.54681 4.48286 16.4737 4.08199 5.7986 3.59858 0.676109
threshold=293.91310763888896 1397.0709780092595 0.078703703703703706 121.50000000000001 -0.34293946286267857 25.153819444444448 0.0022290392584983459 9.4828587962962985 -0.21496013155065213 562.04461805555559 0.81693409210196033 -0.061840684483087792 inf 3.5000000000000004 -0.10842981746940834 -0.35321031959442256 1.0000000180025095e-35 3.5000000000000004 0.92567878508973778 -0.11280427960190416 -0.13435603505593771 343.50000000000006 0.17628365289956047 2.5000000000000004 1.0000000180025095e-35 1.0000000180025095e-35 -0.12903975949564242 -0.069237967345302978 8.5000000000000018 -0.05395565565866154
decision_type=2 2 10 2 10 2 10 2 8 2 10 10 8 2 10 8 2 2 10 10 10 2 10 2 2 2 8 8 2 8
left_child=2 3 5 4 16 24 7 15 -6 18 11 12 14 -12 -11 28 -2 -18 26 20 -14 22 -9 -17 -1 -26 -10 -28 -4 -29
right_child=1 -3 6 -5 8 -7 -8 21 9 10 13 -13 19 -15 -16 23 17 -19 -20 -21 -22 -23 -24 -25 25 -27 27 29 -30 -31
leaf_value=0.013945671076118781 -0.030369123072995712 -0.033333580410356507 0.015014458313060261 -0.033333580410356507 0.012397582090541693 0.0019267767971944351 0.038551051785892139 0.015014458313060261 0.011115736867740519 -0.033333580410356507 -0.012934525768810103 -0.023290481240896652 -0.0096318880995927298 0.0010589808878811856 -0.0070293409418825861 0.023663343527626134 0.0019267767971944351 -0.027869225229684109 0.015014458313060261 -0.0070293409418825861 0.0010589808878811856 0.012326948417168566 0.023663343527626134 0.033793966519838008 0.0036894206745326577 0.012326948417168566 -0.0096318880995927298 0.0059914275073032078 0.027903188537096439 0.0010589808878811856
leaf_weight=627.89832302182913 96.249167867004871 692.89272546768188 61.83489328995347 64.582142874598503 62.788596026599407 491.5742022767663 127.71294602379203 293.23126505129039 42.433266598731279 35.482872888445854 82.434651538729668 146.55416337773204 51.456010103225708 80.24935482442379 36.190469011664391 108.33930260315537 23.364856574684381 22.350767347961664 22.911425769329071 155.14875612407923 43.854231648147106 15.225919108837841 181.1423879172653 222.27916271239519 245.94345932081342 125.22616717964411 66.686609048396349 23.64433753117919 21.336965445429087 77.00941277295351
leaf_count=4155 193 350 419 77 165 4202 426 1943 150 55 96 190 66 116 48 564 45 65 62 204 51 56 1007 733 2242 767 228 62 89 232
internal_value=0.000484167 -0.0193013 0.0148229 -0.010614 -0.00888372 0.00891515 0.0232794 0.0209201 -0.00640986 -0.00784001 -0.0111022 -0.0137461 -0.00911427 -0.00330246 -0.0218707 0.027645 -0.0242672 -0.00969286 0.00105898 -0.00510716 0.00105898 0.0150145 0.0153373 0.0304666 0.0123269 0.00943963 0.00105898 0.00105898 0.0153373 0.00105898
internal_weight=4348.03 1826.28 2521.74 1133.39 1068.81 1490.64 1031.1 903.39 926.844 864.056 631.371 468.687 322.132 162.684 71.6733 413.79 141.965 45.7156 232.685 250.459 95.3102 489.6 474.374 330.618 999.068 371.17 209.774 167.34 83.1719 100.654
internal_count=19058 2455 16603 2105 2028 11366 5237 4811 1725 1560 826 614 424 212 103 1805 303 110 734 321 117 3006 2950 1297 7164 3009 672 522 508 294
is_linear=0
shrinkage=0.03


Tree=27
num_leaves=31
num_cat=0
split_feature=0 0 3 8 8 0 6 0 8 1 8 3 1 3 8 0 8 8 1 2 6 0 8 8 8 0 1 8 8 1
split_gain=1386.86 198.538 126.844 48.605 63.2145 48.4839 25.328 22.956 22.5849 21.3869 32.4047 17.4585 17.6815 17.4266 20.604 15.6093 15.3196 9.59311 13.5478 6.01742 5.20197 4.97441 5.55182 11.9489 4.2419 3.91559 13.171 3.77353 3.08689 0.539331
threshold=293.91310763888896 1397.0709780092595 1.0000000180025095e-35 -0.11106829372089243 1.3363062095621225 11.659120370370372 0.0056657678479712387 65.176186342592601 -0.061840684483087792 28.500000000000004 4.1721371262788347 0.74837662337662347 4.5000000000000009 1.0000000180025095e-35 -0.22354118250387747 562.04461805555559 -0.067404673961580883 0.17628365289956047 365.50000000000006 3.5000000000000004 0.0056657678479712387 1238.2568344907411 -0.098112905730255662 -0.076894660562742842 -0.085162603498078915 1.0000000180025095e-35 1.0000000180025095e-35 -0.027799858695191502 -0.23298089659185817 7.5000000000000009
decision_type=2 2 10 8 10 2 10 2 8 2 8 10 2 8 10 2 10 10 2 2 10 2 10 10 10 2 2 10 10 2
left_child=2 3 7 13 8 19 17 25 16 10 -6 12 -12 14 -2 -10 21 -7 29 20 -4 22 -5 24 -24 -1 28 -3 -27 -19
right_child=1 27 5 4 9 6 -8 -9 15 -11 11 -13 -14 -15 -16 -17 -18 18 -20 -21 -22 -23 23 -25 -26 26 -28 -29 -30 -31
leaf_value=0.012078121397421869 -0.025612020685475499 -0.035704066594291678 0.02216478076232431 -0.025206401568787541 0.017758432887143211 0.010354601140800029 0.028662638434142476 0.0011879360600211819 -0.014717239964262201 -0.023738221684915663 -0.023283084257815539 0.0081883523375766171 0.0011879360600211819 0.0011879360600211819 0.0011879360600211819 -0.031150922257352259 0.0011879360600211819 0.017758432887143211 0.010354601140800029 0.034636200954568756 0.035259753653649216 -0.029052454383443733 -0.010616700229987815 -0.023108905593193538 0.0011879360600211819 0.0031822656089125581 0.010354601140800029 -0.031150922257352259 0.010354601140800029 0.02216478076232431
leaf_weight=602.59556566178799 47.70331747084856 510.00335802137852 221.38950857147574 35.917013946920633 63.56846409663558 272.97030573897064 51.519050171598792 315.42210089787841 85.029091944918036 32.692492134869099 61.371279194951057 41.024736989289522 31.706366468220949 210.6057534776628 46.333157822489738 233.66690909489989 41.73322694003582 75.643608948215842 9.7711182571947557 261.88585251756012 36.645095624029636 31.110730081796646 44.743395052850246 45.44393877312541 45.322365436702967 344.11904951557517 164.33050486817956 184.28273838758469 22.0795032158494 93.03198804333806
leaf_count=4129 114 257 1219 83 113 1845 206 2621 239 70 95 54 70 467 96 305 56 476 33 859 100 41 98 83 77 3254 1079 97 157 512
internal_value=-0.000433017 -0.0204931 0.0141265 -0.0124616 -0.016353 0.0221991 0.015301 0.00836951 -0.0217316 -0.00302649 0.000900115 -0.0074423 -0.0143979 -0.0022274 -0.012773 -0.0270614 -0.0143744 0.0126118 0.0182706 0.0286626 0.0286626 -0.0177159 -0.0148935 -0.0113604 -0.00452889 0.0103546 0.00830247 -0.0330145 0.00407337 0.0221648
internal_weight=4263.66 1792.26 2471.4 1097.97 793.33 1022.86 502.936 1448.55 562.967 230.363 197.671 134.102 93.0776 304.642 94.0365 318.696 244.271 451.417 178.447 519.92 258.035 202.537 171.427 135.51 90.0658 1133.12 530.529 694.286 366.199 168.676
internal_count=18905 2415 16490 2061 1384 5250 3072 11240 982 402 332 219 165 677 210 544 438 2866 1021 2178 1319 382 341 258 175 8619 4490 354 3411 988
is_linear=0
shrinkage=0.03


Tree=28
num_leaves=31
num_cat=0
split_feature=8 8 1 3 2 8 8 2 8 1 1 1 8 5 8 1 8 5 2 5 8 6 2 1 8 6 8 8 5 3
split_gain=377.671 298.825 175.729 124.077 93.7244 58.7254 57.9145 28.533 27.8169 26.9662 26.7586 24.6425 18.969 16.9821 15.4749 11.9257 14.755 11.1616 11.0045 12.2873 9.73074 13.0064 8.97488 8.53708 8.53553 7.93515 10.0913 23.4051 11.2099 10.3078
threshold=-0.14415550077362968 -1.0000000180025095e-35 230.50000000000003 0.16025641025641027 5.5000000000000009 4.3865985131140901 -0.16708457842597305 5.5000000000000009 -0.094211819394037541 5.5000000000000009 25.500000000000004 104.50000000000001 19.868193860798456 5.479166666666667 -0.098112905730255662 3.5000000000000004 6.9435779072769845 0.41250000000000003 3.5000000000000004 2.4083333333333337 -0.22027280004219904 1.0000000180025095e-35 2.5000000000000004 76.500000000000014 -0.23298089659185817 0.079277864992150712 3.4579942093215115 3.0759547462939927 1.2083333333333335 0.18366146364420741
decision_type=10 10 2 10 2 10 8 2 10 2 2 2 10 8 10 2 10 10 2 10 8 8 2 2 10 10 10 10 10 10
left_child=3 8 4 9 5 10 7 17 14 20 25 -9 13 -7 -2 -15 -17 -5 19 -8 21 24 -11 -6 -1 26 27 28 -3 -30
right_child=1 2 -4 6 23 12 18 11 -10 22 -12 -13 -14 15 -16 16 -18 -19 -20 -21 -22 -23 -24 -25 -26 -27 -28 -29 29 -31
leaf_value=-0.0064873849719559113 -0.015677191406522954 0.019481152823793788 -0.036774908920864928 0.012445563950232727 0.023176287614806196 0.013183609458759389 0.024978640590063085 0.025782585688179226 -0.025182576986059604 -0.032136838385537179 -0.021048944308905224 -0.015090552505065592 -0.03328117216797559 -0.016191423292861523 0.0096218579960339386 0.013183609458759389 -0.013030318584928081 0.0035386131238530618 0.035015310435194444 0.005520656119735891 0.0035386131238530618 0.0035386131238530618 -0.015090552505065592 0.005031371808153203 -0.03136520125272077 0.030786022073750911 0.025264351354851527 -0.019179562397725058 -0.010407072188621464 0.010462817254755629
leaf_weight=90.405133198946714 283.44020044244826 73.18408390134573 85.936649702489376 123.71645372360945 240.13548298366368 25.127247359603643 186.88485845737159 110.38723856024444 689.7334693595767 26.923598811030388 19.37184127420187 11.711109947413204 27.340510874986649 122.84219686686993 20.272974025458097 20.498460534960032 25.966779809445143 152.74365679547191 111.62822978384793 38.381013222038746 1431.7980153597891 52.089625526219606 34.084630750119686 29.341300245374441 10.384918481111525 15.466054895892738 29.743938133120537 21.787425212562084 27.611495107412338 57.520195089280605
leaf_count=580 928 282 121 662 884 48 780 473 905 127 66 39 17 239 46 61 57 1135 325 263 9690 233 133 87 31 52 95 51 101 331
internal_value=-0.000487834 -0.0107791 0.00260315 0.00736414 0.00741853 -0.000758183 0.0175646 0.00963789 -0.0218078 0.00276619 0.00928747 0.0214228 -0.011802 -0.008023 -0.01386 -0.0114582 0.00141253 0.00414499 0.0266641 0.0218552 0.00353861 -0.00393581 -0.0160457 0.0213283 -0.010412 0.0122961 0.0102486 0.00715326 0.0112534 0.00349208
internal_weight=4196.46 1815.32 821.874 2381.14 735.937 466.46 735.453 398.558 993.447 1645.69 244.685 122.098 221.775 194.435 303.713 169.307 46.4652 276.46 336.894 225.266 1584.68 152.88 61.0082 269.477 100.79 225.313 209.847 180.103 158.316 85.1317
internal_count=18842 4371 2492 14471 2371 1400 3677 2309 1879 10794 978 512 422 405 974 357 118 1797 1368 1043 10534 844 260 971 611 912 860 765 714 432
is_linear=0
shrinkage=0.03


Tree=29
num_leaves=31
num_cat=0
split_feature=0 0 3 8 8 1 8 0 6 1 1 0 1 8 8 1 1 1 0 8 0 1 8 8 3 8 8 8 8 8
split_gain=1301.3 154.58 119.546 41.1552 48.8613 41.0618 40.1046 21.5395 18.8126 16.9273 13.9459 12.6075 11.5399 18.7596 12.3406 10.7269 15.7454 9.64217 9.50592 4.92502 6.26461 4.65742 3.75598 3.5829 3.37146 9.47417 7.2115 6.9525 7.67581 7.20809
threshold=293.91310763888896 1347.758697916667 0.095454545454545472 -0.089272192474319043 1.3363062095621225 343.50000000000006 0.17628365289956047 940.72428240740749 0.0056657678479712387 31.500000000000004 14.500000000000002 161.38208912037041 41.500000000000007 4.3865985131140901 6.2480140321346562 121.50000000000001 1.0000000180025095e-35 8.5000000000000018 11.659120370370372 -0.060406289022973798 512.28103009259269 2.5000000000000004 -0.1732540250764065 1.8712409154881953 0.7279819047761239 -0.14129821556612357 -0.99742487558355464 -0.098112905730255662 -0.39827587071143966 -0.11106829372089243
decision_type=2 2 10 8 10 2 8 2 10 2 2 2 2 8 10 2 2 2 2 8 2 2 8 10 8 10 10 10 8 10
left_child=2 3 9 17 7 6 8 15 10 11 24 -1 13 -6 -15 16 19 25 21 20 -5 -8 -12 -3 -4 -2 -26 29 -28 -27
right_child=1 23 5 4 12 -7 18 -9 -10 -11 22 -13 -14 14 -16 -17 -18 -19 -20 -21 -22 -23 -24 -25 26 27 28 -29 -30 -31
leaf_value=0.0091575446600353824 2.3253846142274779e-05 -0.032186612297790483 0.0049396469928595504 -0.00040329387354693367 0.010604922761182026 0.008702900260410781 0.024581666168377366 -0.029998416716129041 0.034047261247073614 -0.0041861602645731407 0.027147635316071565 2.3253846142274779e-05 -0.022009762778230659 -0.0233042881967804 -0.0041861602645731407 -0.029998416716129041 -0.0041861602645731407 -0.01729082465792493 0.022255450710996258 -0.021762185650001584 -0.017305295563769335 0.034558426451139324 0.0091575446600353824 -0.023665276538633921 0.024205373805671865 -0.0060106832725027766 -0.0021962698298686862 2.3253846142274779e-05 0.01395919987473777 -0.021446561700329301
leaf_weight=1330.3642992116511 163.93348643556237 553.350550532341 118.1738890837878 32.650303043425083 64.961775753647089 22.880391675978899 134.89415263570845 193.35978835821152 39.335119800642133 13.401540134102104 58.16802541911602 136.01970988512039 28.476138530299067 32.679860819131136 96.325646072626114 25.714042102918029 45.015360977500677 39.638328064233065 228.53379555232823 112.15982630476356 45.85651721060276 257.69565987214446 9.5086097065359336 130.47801594436169 30.182193137705326 93.540970209985971 41.347742857411504 33.834670905023813 63.045561108738184 37.514992229640484
leaf_count=10393 408 319 957 93 120 77 625 236 156 48 266 987 64 55 164 25 111 98 1301 254 77 846 44 79 130 183 383 66 428 85
internal_value=0.00026806 -0.0196796 0.0141708 -0.0123317 -0.0167005 0.0221486 0.0236311 -0.0222933 0.0153058 0.0087029 0.0125174 0.00915754 -0.005028 -0.00418616 -0.00857221 -0.0161377 -0.0135226 -0.00418616 0.0282925 -0.0176061 -0.0107209 0.0314826 0.0242909 -0.0307443 0.00915754 -0.00237113 0.0121774 -0.00781606 0.00775248 -0.011055
internal_weight=4213.04 1729.49 2483.55 1045.66 677.199 1003.77 980.885 454.756 359.761 1479.79 320.426 1466.38 222.443 193.967 129.006 261.396 235.682 368.462 621.124 190.667 78.5068 392.59 67.6766 683.829 252.749 328.824 134.575 164.891 104.393 131.056
internal_count=19078 2437 16641 2039 1199 5213 5136 796 2364 11428 2208 11380 403 339 219 560 535 840 2772 424 170 1471 310 398 1898 742 941 334 811 268
is_linear=0
shrinkage=0.03


Tree=30
num_leaves=31
num_cat=0
split_feature=8 8 1 8 3 3 8 8 8 8 8 1 8 2 1 8 1 2 2 3 2 2 1 8 1 1 8 8 2 5
split_gain=357.014 211.617 135.952 125.373 95.6351 44.9599 44.2223 34.5497 34.2575 25.3068 20.0711 17.0802 29.5851 16.1863 34.4289 14.742 21.7739 14.4225 12.7974 11.7945 11.0672 11.0141 9.65595 17.9144 8.32917 8.1654 8.11255 34.8246 8.10018 7.95705
threshold=-0.14129821556612357 0.23002426793889155 365.50000000000006 4.0015567420314797 0.5004770164787512 1.0000000180025095e-35 -0.81565914765519631 2.5031364591382999 11.576149430677996 -0.075683053628122096 1.1926614701735352 3.5000000000000004 8.4552367458671185 3.5000000000000004 3.5000000000000004 -0.027799858695191502 121.50000000000001 1.5000000000000002 4.5000000000000009 0.32396546106223528 1.5000000000000002 4.5000000000000009 9.5000000000000018 6.9435779072769845 76.500000000000014 2.5000000000000004 -0.23298089659185817 -0.81565914765519631 4.5000000000000009 8.0083333333333346
decision_type=10 10 2 10 10 10 10 10 10 10 10 2 10 2 2 10 2 2 2 10 2 2 2 10 2 2 8 10 2 10
left_child=4 9 3 5 13 10 17 24 11 18 -3 12 -5 14 29 -11 28 -6 20 -16 -2 -9 23 -13 -7 -10 -15 -28 -17 -1
right_child=1 2 -4 8 6 7 -8 21 25 15 -12 22 -14 26 19 16 -18 -19 -20 -21 -22 -23 -24 -25 -26 -27 27 -29 -30 -31
leaf_value=0.0043286604581747618 -0.013303412131059214 -0.019962411454008785 -0.039263664840493193 -0.019815020180790222 0.016327592931219374 0.026456576914928143 0.0077687981583425868 0.00032964206433845665 -0.0325427496587683 -0.025983721758010954 0.00032964206433845665 0.030845332430108348 0.014730572044896603 0.025573854111748222 -0.022700718729829282 -0.0067511108421914852 -0.03171561015380666 0.030900227797865998 0.0051110786222028429 -0.00044752591509850023 -0.027228152785585696 0.016846856328783126 -0.0022018955882248488 -0.0057371850435845497 0.005039029357865034 -0.014197968925785429 0.030900227797865998 -0.013920291746434462 0.016690699200397133 -0.006733024062334456
leaf_weight=1578.0350600313395 411.38627676665783 39.327248215675354 64.049880750477314 75.882203906774521 119.68846150673926 247.20367567799985 214.73411856964231 32.007725361734629 46.697856236249208 456.32335820235312 83.153065454214811 24.717777535319328 26.669378265738487 70.858211036771536 55.305123869329691 31.958690544590354 21.944812815636396 192.1189015712589 26.799232289195061 33.574297890067101 61.588586535304785 31.336231978610158 50.28504204750061 17.990838810801506 20.315684948116541 63.23508594930172 23.708098756149411 26.553374569863081 15.763607921078799 56.451076649129391
leaf_count=10512 1128 113 90 185 624 1068 1199 111 44 546 224 85 45 367 283 58 18 674 41 238 116 120 154 45 58 77 91 77 83 516
internal_value=-0.000415112 -0.0102825 0.00105604 0.00469405 0.00728374 0.0146391 0.0185008 0.0203134 -0.010063 -0.0193394 -0.00088469 -0.00235934 -0.010564 0.00404026 0.00292325 -0.0240012 -0.0101454 0.0256524 -0.0142438 -0.0147661 -0.0153825 0.000329642 0.00676595 0.0164489 0.0249524 -0.0230673 0.0077688 0.0077688 0.00184072 0.00392725
internal_weight=4219.66 1848.64 822.872 758.822 2371.03 453.344 526.541 330.863 305.478 1025.76 122.48 195.545 102.552 1844.49 1723.37 525.99 69.6671 311.807 499.774 88.8794 472.975 63.344 92.9937 42.7086 267.519 109.933 121.12 50.2615 47.7223 1634.49
internal_count=18990 4409 2419 2329 14581 1694 2497 1357 635 1990 337 514 230 12084 11549 705 159 1298 1285 521 1244 231 284 130 1126 121 535 168 141 11028
is_linear=0
shrinkage=0.03


Tree=31
num_leaves=31
num_cat=0
split_feature=0 0 0 1 8 1 8 1 0 8 8 8 3 3 1 0 7 1 0 1 0 1 8 3 8 8 8 1 1 1
split_gain=1175.13 164.288 125.13 89.0578 41.9137 46.5778 32.8803 28.4288 23.4024 24.2403 14.6081 17.0597 13.7605 10.9591 8.61578 8.16299 6.29234 5.91622 5.04876 5.01603 4.5372 3.19633 2.58634 2.2875 1.75325 1.38068 1.00123 0.947862 6.39873 2.63252
threshold=562.04461805555559 67.892644675925951 1397.0709780092595 1.0000000180025095e-35 -0.4250736664705087 219.50000000000003 -0.17817416127494948 29.500000000000004 181.542650462963 -0.35321031959442256 1.2910918749267415 -0.073921777666113533 1.0000000180025095e-35 0.5186206896551725 2.5000000000000004 0.0013599537037037039 1.0000000180025095e-35 8.5000000000000018 9.4828587962962985 2.5000000000000004 22.205868055555559 1.5000000000000002 -0.74066514929210181 0.71240601503759404 -0.036132866321819369 -0.055695427628336465 -0.37793073521791937 2.5000000000000004 6.5000000000000009 1.5000000000000002
decision_type=2 2 2 2 10 2 8 2 2 10 10 10 10 10 2 2 2 2 2 2 2 2 10 10 10 10 8 2 2 2
left_child=1 3 7 15 13 8 16 9 -6 -2 11 -11 25 27 -14 -1 17 22 19 -8 -19 -20 23 -5 -13 -10 -24 29 -29 -3
right_child=2 4 -4 6 5 -7 18 -9 12 10 -12 24 14 -15 -16 -17 -18 20 21 -21 -22 -23 26 -25 -26 -27 -28 28 -30 -31
leaf_value=0.013196116354985113 -0.028473720656257417 -0.014304721740879057 -0.032236075437761552 0.0096802535809345693 0.0096802535809345693 -0.014196723372644739 0.023690025049824072 -0.032236075437761552 -0.0046721577425406615 -0.012802920921319188 -0.0020141226847740288 -0.023528033327944838 -0.0020141226847740288 0.0058137298307575488 0.0096802535809345693 0.0096802535809345693 0.031448122352067412 0.026230289733361317 0.0096802535809345693 0.032614470863957745 0.0096802535809345693 0.022698293123636692 0.0058137298307575488 0.022399738262670971 -0.013343802180991149 -0.0020141226847740288 0.010157170211500565 0.0058137298307575488 -0.018799698055029537 -0.028473720656257417
leaf_weight=627.23396178334951 71.126792572438717 125.8061783798039 644.78496730327606 35.525043740868568 229.28941967710853 31.884947817772627 192.39198332838714 64.169759977608919 212.57424038276076 286.03622248768806 150.5167151466012 156.3265440762043 32.404927305877209 22.230606216937304 105.05360822752118 371.9453941732645 15.602389261126516 43.417112413793802 25.015272861346602 236.56246575899422 29.220411645248532 152.83009324967861 90.087690876796842 27.996815865859389 43.596588313579559 61.03745337203145 62.576711697503924 7.4002069160342243 10.356520507484673 8.9898409843444806
leaf_count=4192 105 988 343 233 1720 66 958 70 991 403 186 212 149 153 438 3446 52 213 176 879 197 892 770 132 53 198 467 49 79 40
internal_value=-0.00032947 0.0110762 -0.0224923 0.0159414 7.40722e-05 0.00349189 0.0227165 -0.0141967 0.00567444 -0.0128029 -0.010264 -0.0128029 0.00092599 -0.0128029 0.00858414 0.00968025 0.0142853 0.0128388 0.0267951 0.0289308 0.0202719 0.0209935 0.00993954 0.0160853 -0.021687 -0.00201412 0.00968025 -0.0156142 -0.00636525 -0.0165614
internal_weight=4173.99 2757.43 1416.56 1910.41 847.028 672.245 911.226 771.773 640.36 707.603 636.476 485.959 411.07 174.783 137.459 999.179 304.426 288.824 606.8 428.954 72.6375 177.845 216.186 63.5219 199.923 273.612 152.664 152.553 17.7567 134.796
internal_count=18850 17478 1372 12607 4871 3562 4969 1029 3496 959 854 668 1776 1309 587 7638 2064 2012 2905 1837 410 1068 1602 365 265 1189 1237 1156 128 1028
is_linear=0
shrinkage=0.03


Tree=32
num_leaves=28
num_cat=0
split_feature=0 6 0 2 0 8 1 1 8 8 3 3 0 8 8 1 1 0 0 0 0 2 8 8 8 8 1
split_gain=1161.34 134.314 130.071 87.2597 83.1301 42.4222 35.2286 34.8805 29.6585 29.3614 15.6749 15.0044 24.5264 37.6659 12.0745 12.0715 6.48045 6.16028 5.576 6.61334 5.53639 3.69251 3.39027 11.6132 2.91504 2.14994 1.55578
threshold=562.04461805555559 0.0040405524537173087 69.40056134259261 3.5000000000000004 1397.0709780092595 -0.70710678118654846 271.50000000000006 35.500000000000007 -0.027799858695191502 -0.65431743350022564 0.52722715880610627 0.66546329723225039 320.32387731481487 -0.20899173069157134 -0.12903975949564242 1.0000000180025095e-35 23.500000000000004 1.0000000180025095e-35 11.90545138888889 35.80854745370371 11.071365740740744 7.5000000000000009 -0.13435603505593771 -0.11280427960190416 0.92867564137862479 3.7733712206366348 1.5000000000000002
decision_type=2 10 2 2 2 10 2 2 10 10 10 10 2 8 8 2 2 2 2 2 2 2 10 8 8 8 2
left_child=1 2 3 11 9 10 20 12 -6 -2 26 14 -7 -11 -1 17 22 -16 -17 24 -5 -22 -15 -24 -13 -20 -4
right_child=4 -3 5 6 8 7 -8 -9 -10 13 -12 19 -14 16 15 18 -18 -19 25 -21 21 -23 23 -25 -26 -27 -28
leaf_value=0.0028517915149309653 -0.03419744474960075 0.038945092420502689 -0.015971160837336171 0.033220874081348224 -0.03419744474960075 0.0092599563532439321 0.0028517915149309653 -0.015394618385034737 -0.018643426689261201 0.0081860361835429368 0.0028517915149309653 0.012971000814582991 -0.0026636757601990559 -0.024319416453934865 0.012403135434162264 0.017496827650261886 -0.018643426689261201 0.0092599563532439321 -0.0058477862523740095 0.0092599563532439321 0.015378924973486616 0.027888102354173067 0.001429929698259 -0.015394618385034737 0.022394710137344113 0.0092599563532439321 -0.031364720799083756
leaf_weight=112.44208079576492 56.149069651961327 143.19813551008701 124.8906926959753 205.13537740148604 472.95333313941956 387.74764328636229 11.788829892873762 57.936000648885965 171.8258895277977 62.918597336858511 14.377007793635128 72.354704910889268 233.34602987393737 66.106550082564354 607.54584276303649 108.9583093225956 62.270839594304562 363.96475507318974 13.172026455402372 30.532296322286129 64.676270300522447 75.557899672538042 54.126191254705191 458.13984849303961 141.62595533393323 18.58086791262031 8.9219476357102376
leaf_count=993 85 501 947 727 248 2745 37 195 98 93 74 499 718 92 4124 599 76 3332 113 251 468 339 69 613 698 147 58
internal_value=-7.58521e-05 0.0110983 0.00952518 0.013985 -0.0222874 -0.000346069 0.0272226 0.00285179 -0.0302278 -0.0153946 -0.014614 0.0106855 0.00499588 -0.0153946 0.00925996 0.0102653 -0.0156092 0.00925996 0.0174968 0.0174968 0.0293948 0.0228469 -0.0138303 -0.0153946 0.0195771 0.00925996 -0.0180903
internal_weight=4201.24 2796.75 2653.55 1826.34 1404.49 827.219 357.158 679.03 644.779 759.711 148.19 1469.18 621.094 703.562 1224.66 1112.22 640.643 971.511 140.711 244.513 345.37 140.234 578.373 512.266 213.981 31.7529 133.813
internal_count=18939 17565 17064 12327 1374 4737 1571 3658 346 1028 1079 10756 3463 943 9308 8315 850 7456 859 1448 1534 807 774 682 1197 260 1005
is_linear=0
shrinkage=0.03


Tree=33
num_leaves=31
num_cat=0
split_feature=0 0 0 1 8 8 8 0 3 8 0 5 1 1 1 0 7 1 1 8 8 3 8 8 8 1 8 1 8 3
split_gain=1043.85 127.317 126.198 90.7219 39.925 33.6574 25.1237 22.8087 22.5006 19.7107 13.517 10.9156 9.26254 18.8011 7.87095 6.99949 6.39295 6.30653 6.27492 5.33488 2.40964 3.81256 3.4096 2.37208 2.81209 1.7639 1.06295 1.04506 0.9619 0.953685
threshold=562.04461805555559 89.014924768518526 1397.0709780092595 1.0000000180025095e-35 0.10947385941339509 -0.076894660562742842 1.3363062095621225 1.0000000180025095e-35 0.078703703703703706 -1.2197458291074501 1103.3390335648148 11.766666666666667 10.500000000000002 103.50000000000001 5.5000000000000009 9.4828587962962985 1.0000000180025095e-35 2.5000000000000004 230.50000000000003 -0.15038189688501749 -0.81565914765519631 0.71240601503759404 -0.39827587071143966 -0.12903975949564242 -1.2197458291074501 1.5000000000000002 -0.055695427628336465 104.50000000000001 -0.067404673961580883 0.61298798798798815
decision_type=2 2 2 2 8 8 10 2 8 10 2 10 2 2 2 2 2 2 2 8 10 10 8 8 10 2 8 2 10 10
left_child=1 3 5 7 12 11 26 -1 -3 29 -8 -2 16 -14 -4 17 20 -6 -11 -9 21 -5 -22 -21 -25 -17 28 -27 -7 -10
right_child=2 8 14 4 15 6 10 19 9 18 -12 -13 13 -15 -16 25 -18 -19 -20 23 22 -23 -24 24 -26 27 -28 -29 -30 -31
leaf_value=0.011557275172396544 -0.0054752759219395802 -0.0054752759219395802 -0.033390572078750951 0.0051130269461739869 0.022317628517758623 -0.022398765653102705 -0.0054752759219395802 0.011557275172396544 -0.0054752759219395802 0.0024045011347025623 -0.020850438319541056 -0.020332136181488478 0.026569470974698396 0.0024045011347025623 -0.023722255505560924 0.0096470356821634871 0.028219715639754304 0.031925856319875975 -0.0054752759219395802 -0.0054752759219395802 0.0017028448745202446 0.020083396511979369 0.0098578524836253102 0.0012962463480672235 0.011557275172396544 0.021559495548905003 -0.023722255505560924 0.0063723298817116953 -0.012890690953645922 0.0024045011347025623
leaf_weight=605.72917132824659 259.05926213786006 144.15996329113841 538.55170397460461 35.658305108547211 179.97830499894917 39.345001414418221 101.49817788600922 23.797155898064375 114.0006458312273 491.9418765604496 52.898369118571281 40.187024869024754 78.60530699044466 11.154200568795202 91.717743486166 27.73528016731143 11.007071763277052 230.09631748124957 18.824602780863643 6.9673649407923222 92.505026891827583 29.84419035166502 92.366073951125145 372.08829466253519 11.744669295847414 149.67382408306003 194.59211910888553 9.4865219257771951 57.83641367405653 9.9399986229836923
leaf_count=4143 356 805 283 245 930 56 129 188 797 2550 68 74 403 37 60 205 42 843 47 78 816 150 727 3517 108 897 274 45 70 47
internal_value=-0.000597531 0.0100816 -0.0218836 0.0141352 0.0208031 -0.0133877 -0.018575 0.00786802 -0.000187776 0.0024045 -0.00840885 -0.00547528 0.0124977 0.020744 -0.0317472 0.025544 0.00932969 0.0280285 0.0024045 0.0024045 0.00796297 0.0128744 0.00592958 0.0024045 0.0024045 0.0195044 -0.0237223 0.0208759 -0.0176478 -0.00547528
internal_weight=4122.99 2747.3 1375.69 1968.44 948.11 745.416 446.17 1020.33 778.867 634.707 154.397 299.246 351.14 89.7595 630.269 596.97 261.381 410.075 510.766 414.597 250.374 65.5025 184.871 390.8 383.833 186.896 291.774 159.16 97.1814 123.941
internal_count=18990 17620 1370 13374 5340 1027 597 8034 4246 3441 197 430 2420 440 343 2920 1980 1773 2597 3891 1938 395 1543 3703 3625 1147 400 942 126 844
is_linear=0
shrinkage=0.03


Tree=34
num_leaves=31
num_cat=0
split_feature=0 6 0 0 2 1 2 1 8 0 3 0 3 8 1 0 1 1 3 8 8 8 0 2 0 8 8 8 8 8
split_gain=971.705 133.602 114.692 108.625 84.7636 36.9788 41.4774 27.667 26.6823 28.1479 20.5863 11.9939 10.2146 10.4655 11.2291 9.21843 9.00398 4.74397 4.02367 3.56327 8.72387 3.09113 2.9715 2.29868 5.222 2.27595 4.75493 2.26381 1.16116 0.903395
threshold=562.04461805555559 0.0040405524537173087 1292.1540972222226 29.68961226851852 3.5000000000000004 219.50000000000003 5.5000000000000009 3.5000000000000004 -0.70710678118654846 320.32387731481487 0.60303030303030314 61.72733796296297 0.66546329723225039 2.3361697878337524 1.0000000180025095e-35 1.0000000180025095e-35 11.500000000000002 96.500000000000014 0.74837662337662347 -0.12903975949564242 -0.069237967345302978 0.28543727991069318 1484.9627025462964 5.5000000000000009 2.0619502314814819 -0.082682446638312826 -0.098112905730255662 -0.05395565565866154 -0.16708457842597305 19.868193860798456
decision_type=2 10 2 2 2 2 2 2 10 2 8 2 10 8 2 2 2 2 10 10 10 8 2 2 2 10 10 8 10 8
left_child=1 3 16 4 12 6 8 22 11 -10 -11 -5 13 -1 15 -15 29 23 -13 28 25 -14 -4 24 -6 26 -21 -22 -12 -2
right_child=2 -3 7 5 17 -7 -8 -9 9 10 19 18 21 14 -16 -17 -18 -19 -20 20 27 -23 -24 -25 -26 -27 -28 -29 -30 -31
leaf_value=0.00046097129864349921 -0.011423374534626518 0.038170662471594931 -0.024079471003442304 0.00046097129864349921 0.031464330269006448 -0.011423374534626518 0.017990789413712304 -0.015612936959543596 0.0081462657362248309 -0.011423374534626518 0.00090928588567644767 -0.011423374534626518 0.010168943592915595 0.012116498662798751 0.017175969808034239 0.0081462657362248309 -0.015612936959543596 0.017990789413712304 0.00046097129864349921 -0.011045635576016956 0.013964918870526552 0.019903278564879032 -0.033263207933033105 0.03331383946857551 0.017990789413712304 -0.011423374534626518 0.0073250130144099481 0.0013133525810992586 0.0081462657362248309 -0.015612936959543596
leaf_weight=77.842863226309419 561.43684777989984 144.4639531429857 108.20684018731117 108.38661865517497 37.510790478438139 31.593256559222937 140.64596916548908 134.02463077008724 454.24365614727139 63.036428548395634 21.540122892707586 141.43169562891126 60.846474478021264 594.3203075453639 100.41533823683858 264.18914952874184 87.147335996851325 12.503257766366003 11.270132098346947 23.372291889041662 22.67185840383172 132.6844931319356 455.39140419661999 181.11023785732687 34.645415317267179 17.383689384907484 18.337797794491053 25.704900663346052 23.572021398693323 43.87143886461854
leaf_count=655 742 511 140 1065 116 78 704 103 3408 225 71 1144 444 4118 598 2386 131 53 72 82 45 710 226 680 262 50 53 67 60 69
internal_value=0.000193918 0.0105433 -0.0201981 0.00893743 0.0141904 0.00178184 0.00310295 -0.0287646 0.000769631 0.00393789 -0.00491155 -0.00728029 0.0107894 0.00952047 0.0103844 0.00911988 -0.0114234 0.0294446 -0.0114234 0.00203327 -0.00100913 0.017176 -0.0317272 0.0306532 0.0222491 -0.00842919 -0.00304946 0.00799527 0.00814627 -0.0114234
internal_weight=4133.8 2743.72 1390.08 2599.26 1496.07 1103.19 1071.6 697.623 930.951 669.863 215.619 261.088 1230.3 1036.77 958.925 858.509 692.456 265.77 152.702 152.583 107.471 193.531 563.598 253.266 72.1562 59.0938 41.7101 48.3768 45.1121 605.308
internal_count=19068 17657 1411 17146 10022 7124 7046 469 6342 4061 653 2281 8911 7757 7102 6504 942 1111 1216 428 297 1154 366 1058 378 185 135 112 131 811
is_linear=0
shrinkage=0.03


Tree=35
num_leaves=31
num_cat=0
split_feature=0 0 2 1 0 1 5 2 6 6 6 5 1 0 5 0 1 5 1 2 1 1 0 1 2 5 1 1 2 0
split_gain=869.645 139.013 109.098 86.2076 51.6152 41.8271 31.8107 43.9755 22.5993 15.0889 14.175 12.5215 9.13866 8.39053 8.29596 7.02596 6.41133 13.2803 6.18633 3.86535 2.53932 2.25495 2.03004 3.7476 6.73533 3.5573 2.43907 1.83458 1.42249 1.08077
threshold=400.60436921296304 1292.1540972222226 2.5000000000000004 263.50000000000006 31.777581018518521 123.00000000000001 1.0000000180025095e-35 6.5000000000000009 0.090097402597402607 0.0088492125370341502 0.15412895927601813 0.80833333333333346 23.500000000000004 161.38208912037041 1055.4750000000001 77.021174768518534 1.0000000180025095e-35 1.0000000180025095e-35 1.0000000180025095e-35 1.5000000000000002 1.0000000180025095e-35 1.0000000180025095e-35 4.2213425925925936 3.5000000000000004 3.5000000000000004 6875.3291666666673 5.5000000000000009 6.5000000000000009 1.0000000180025095e-35 263.69260416666674
decision_type=2 2 2 2 2 2 10 2 10 10 10 10 2 2 10 2 2 10 2 2 2 2 2 2 2 10 2 2 2 2
left_child=2 5 4 6 8 14 -4 9 16 12 11 13 22 28 20 -9 -1 -18 -3 21 -2 -15 -8 -24 -25 26 -26 -28 -6 -17
right_child=1 18 3 -5 10 -7 7 15 -10 -11 -12 -13 -14 19 -16 29 17 -19 -20 -21 -22 -23 23 24 25 -27 27 -29 -30 -31
leaf_value=0.008385765648600968 -0.010507066675470425 -0.033108534645321597 0.033719046510832879 -0.0097465490139236298 0.0016189574923871706 -0.028227804775069445 0.014206135505099976 0.030758309671990114 0.033265283594725151 0.029836019587798072 0.026253094577386785 -0.007752731393273064 -0.007752731393273064 -0.0026918222255329634 -0.020745518816895469 0.018812519802117504 0.017506863391180735 0.0040352729548351037 -0.028227804775069445 0.0040352729548351037 -0.007752731393273064 -0.007752731393273064 0.014206135505099976 -0.0067997184355506066 0.014206135505099976 -0.0089879709210125506 -0.0037597268371967049 0.0076965441579267616 0.0040352729548351037 0.0064891184317588989
leaf_weight=861.25370084494352 408.65827842801809 395.97103114426136 194.9792803786695 30.953804183751345 228.21778949722648 54.297995960339904 32.709667094051838 181.08400851488113 34.214888747781515 22.598837511613965 13.143642187118528 65.290417242795229 8.5178053192794305 179.86175928637385 41.008942048996687 45.044769793748856 215.89166287891567 81.70778457261622 270.76208475232124 15.983920790255068 320.0571776740253 42.250101335346699 29.212559709325433 36.949445325881243 27.647204019129276 6.706960989162325 13.291570799425243 46.255850117653608 105.47092487663031 15.628699123859404
leaf_count=6506 689 262 746 88 2287 68 182 750 102 98 44 620 53 972 85 270 1319 653 195 69 542 247 192 309 194 56 106 355 735 59
internal_value=6.8466e-05 -0.0180789 0.0107555 0.0208821 0.00690994 -0.00974655 0.0234049 0.0187737 0.0106032 0.00889873 0.000104001 -0.000635726 0.00588194 0.000990531 -0.00775273 0.0275532 0.00979411 0.013664 -0.0282278 -0.00327187 -0.00775273 -0.00449868 0.00764264 0.00591166 0.00344289 0.00761327 0.00930842 0.00504624 0.00403527 0.0163739
internal_weight=4025.62 1490.76 2534.87 691.58 1843.29 824.022 660.627 465.647 1193.07 223.89 650.219 637.075 201.291 571.784 769.724 241.757 1158.85 297.599 666.733 238.096 728.715 222.112 192.773 160.064 130.851 93.9016 87.1946 59.5474 333.689 60.6735
internal_count=18853 1841 17012 3458 13554 1384 3370 2624 8580 1545 4974 4930 1447 4310 1316 1079 8478 1972 457 1288 1231 1219 1394 1212 1020 711 655 461 3022 329
is_linear=0
shrinkage=0.03


Tree=36
num_leaves=31
num_cat=0
split_feature=0 0 2 1 1 6 8 8 0 8 0 1 2 5 8 1 8 5 2 8 8 5 0 1 8 5 8 8 8 5
split_gain=889.516 147.609 102.129 74.0262 50.1672 45.9447 29.7396 47.1677 28.7522 25.9539 24.5426 19.3904 17.7078 14.131 15.5133 12.5251 12.4307 11.4742 24.9538 7.74373 12.7483 6.81222 5.99368 15.0194 5.64857 5.53488 4.49996 4.31048 3.32938 3.58002
threshold=293.91310763888896 1397.0709780092595 2.5000000000000004 263.50000000000006 121.50000000000001 0.090097402597402607 -0.11106829372089243 1.1306764390794029 11.659120370370372 -0.061840684483087792 30.303512731481486 2.5000000000000004 7.5000000000000009 2.4083333333333337 4.3865985131140901 3.5000000000000004 -0.098112905730255662 1.0000000180025095e-35 1.5000000000000002 -0.077894202850768146 -0.070506521604648459 13.945833333333335 1.0000000180025095e-35 1.0000000180025095e-35 7.7812465438342988 2.5041666666666669 3.0759547462939927 -0.085162603498078915 3.0759547462939927 16.716666666666672
decision_type=2 2 2 2 2 10 8 10 2 8 2 2 2 10 8 2 10 10 2 10 10 8 2 2 8 10 8 10 8 8
left_child=2 4 5 8 6 10 11 9 -4 16 17 -2 25 14 -9 -15 -8 18 22 27 -21 -13 -1 -24 -16 -10 -27 -18 -17 -30
right_child=1 -3 3 -5 -6 -7 7 13 12 -11 -12 21 -14 15 24 28 19 -19 -20 20 -22 -23 23 -25 -26 26 -28 -29 29 -31
leaf_value=0.011137627615279398 0.0017259513957120552 -0.028821721897425861 0.030979182784282435 -0.010108639880419825 -0.028821721897425861 0.035624555001070903 -0.023383359785614281 0.021647532436212945 0.021647532436212945 -0.023043788801693329 0.0017259513957120552 0.0017259513957120552 0.025820319831456044 -0.026319248808957071 -0.0095005966152271921 0.0064035407978702118 -0.0069322481099662256 0.0017259513957120552 0.028954904729965661 -0.023137894662864103 -0.0021313268812423233 -0.017181285447485203 0.0017259513957120552 0.011137627615279398 0.0017259513957120552 0.0054236021650489801 0.021647532436212945 0.0017259513957120552 0.00092216536633567194 -0.013236942935287469
leaf_weight=597.79987237229943 215.0907119512558 580.97509798407555 296.18879960477352 25.415669772773981 63.160287832841277 47.651899088174105 41.949019607156515 42.661442067474127 44.610287329182029 265.12964381463826 535.25981815159321 21.010935939848423 136.37441591732204 23.905190259218216 37.825499240309 22.671282760798931 52.8279236741364 78.759830459952354 57.322996202856302 43.296820443123579 58.77763769030571 64.923102781176567 266.18374919518828 160.97971250861883 37.63936573266983 128.81172207556665 23.898598063737154 53.497296284884214 27.972756527364254 30.931019753217697
leaf_count=4078 444 337 1176 76 78 147 101 68 264 500 4534 65 668 45 50 60 100 687 229 84 91 177 2411 1086 56 975 141 76 51 70
internal_value=5.39972e-05 -0.0166299 0.0117761 0.0218419 -0.0101086 0.00794216 -0.00836401 -0.0115829 0.0240593 -0.0165337 0.0070621 -0.000400805 0.0175504 -5.78996e-05 0.00172595 -0.00931188 -0.00932294 0.0095042 0.0103512 -0.00601114 -0.011706 -0.0126719 0.00917525 0.00633189 -0.00020145 0.011338 0.00812744 -0.000263708 -0.00309577 -0.0095006
internal_weight=4083.5 1684.25 2399.26 655.299 1103.27 1743.96 1040.11 739.085 629.884 515.478 1696.31 301.025 333.695 223.607 118.126 105.48 250.349 1161.05 1082.29 208.4 102.074 85.934 1024.96 427.163 75.4649 197.321 152.71 106.325 81.5751 58.9038
internal_count=18925 2453 16472 3300 2116 13172 2038 1352 3224 952 13025 686 2048 400 174 226 452 8491 7804 351 175 242 7575 3497 106 1380 1116 176 181 121
is_linear=0
shrinkage=0.03


Tree=37
num_leaves=31
num_cat=0
split_feature=0 0 2 1 6 1 0 2 0 2 1 3 2 3 6 0 0 0 1 1 1 1 1 0 1 0 1 2 1 2
split_gain=846.886 138.174 92.8121 79.938 45.3788 36.0287 34.0376 47.5182 25.6115 20.2424 13.4554 8.05402 11.0487 5.71732 4.24482 3.86643 3.84035 15.0887 2.09143 1.99326 1.95066 1.57985 3.01601 1.47513 1.4425 1.17975 1.4233 1.15856 1.04368 0.754636
threshold=320.32387731481487 1347.758697916667 2.5000000000000004 397.50000000000006 0.090097402597402607 139.00000000000003 8.9460937500000011 3.5000000000000004 29.68961226851852 6.5000000000000009 6.5000000000000009 0.99909747292418782 1.5000000000000002 0.99909747292418782 0.12132352941176472 3.3243750000000003 98.045295138888903 1.0000000180025095e-35 1.0000000180025095e-35 1.0000000180025095e-35 1.0000000180025095e-35 26.500000000000004 27.500000000000004 65.176186342592601 5.5000000000000009 77.021174768518534 56.500000000000007 1.5000000000000002 5.5000000000000009 3.5000000000000004
decision_type=2 2 2 2 10 2 2 2 2 2 2 10 2 10 10 2 2 2 2 2 2 2 2 2 2 2 2 2 2 2
left_child=2 5 4 6 8 7 -4 10 13 14 19 12 20 17 22 27 28 -1 -3 -2 23 -9 24 -10 -8 -11 -27 -15 -14 -26
right_child=1 18 3 -5 -6 -7 9 21 11 25 -12 -13 16 15 -16 -17 -18 -19 -20 -21 -22 -23 -24 -25 29 26 -28 -29 -30 -31
leaf_value=0.011384875740120756 -0.012111350294141921 -0.031601426867894689 0.031642346178355409 -0.0097397303154772383 0.033724828491977957 -0.027710189092392732 0.012997203704379569 0.0088704034787019399 0.0034769196130219888 0.027325815792272733 -0.027710189092392732 0.0092664513591790964 0.0033477769406477496 0.014254966456682111 0.025044567995355968 0.0092664513591790964 -0.009988423359790161 0.0038097359603478658 -0.027710189092392732 -0.009988423359790161 0.0038097359603478658 0.0013485661909969039 0.0013485661909969039 -0.00057103287181060728 -0.003750524589200682 0.019782073512072538 0.0052336338077099932 0.025164266347548217 -0.0072323007156082095 0.0088704034787019399
leaf_weight=600.36670325696468 503.73509516566992 372.86714954674244 260.36265763640404 23.113747268915176 53.25782004930079 51.300699755549431 97.762098658829927 95.8528439886868 116.81610322743654 109.31164690665901 27.756620571017265 73.723849330097437 24.85643431544305 65.839136559516191 11.936888707801698 46.575840467587113 43.57599551230669 400.27059293165803 257.01509118080139 296.39549889788032 51.730749975889921 27.084668878465891 8.3091854117810708 238.618183914572 12.190818168222902 47.581264048814774 11.870446406304834 28.308686850592494 6.6853623688220969 63.389745371416211
leaf_count=4150 948 231 1034 59 160 68 642 212 1089 553 73 513 231 391 60 386 325 3401 169 505 441 65 50 2073 124 280 52 110 66 483
internal_value=-9.97108e-05 -0.016739 0.011243 0.0209326 0.007619 -0.00973973 0.0232876 -0.00826254 0.00670324 0.0169354 -0.0108447 0.00140582 -5.52842e-05 0.00926645 0.00991572 0.0150058 -0.00998842 0.00838871 -0.0277102 -0.00998842 0.00192735 0.0088704 0.0088704 0.000789134 0.00944271 0.0244707 0.0175086 0.0186388 0.000422547 0.0088704
internal_weight=4028.46 1632.01 2396.45 645.828 1750.63 1002.13 622.715 950.825 1697.37 362.352 827.887 556.007 482.283 1141.36 193.589 140.724 75.1178 1000.64 629.882 800.131 407.165 122.938 181.652 355.434 173.343 168.763 59.4517 94.1478 31.5418 75.5806
internal_count=18944 2271 16673 3337 13336 1871 3278 1803 13176 2244 1526 4738 4225 8438 1359 887 622 7551 400 1453 3603 277 1299 3162 1249 885 332 501 297 607
is_linear=0
shrinkage=0.03


Tree=38
num_leaves=31
num_cat=0
split_feature=8 8 1 2 7 6 2 2 8 1 3 8 8 1 8 1 3 2 8 8 3 8 8 2 2 1 8 1 8 8
split_gain=211.692 198.981 100.367 84.027 64.7191 56.3334 44.1586 39.2038 38.3454 27.7623 25.8214 20.2622 19.373 18.6626 31.7707 18.011 16.2044 14.6567 14.2815 10.4944 16.8991 10.308 10.2924 9.7709 22.3188 12.2722 13.9104 8.99142 8.69167 6.94789
threshold=-0.14129821556612357 0.23002426793889155 365.50000000000006 3.5000000000000004 1.0000000180025095e-35 0.0061219331829372179 3.5000000000000004 158.50000000000003 -0.060406289022973798 3.5000000000000004 0.66546329723225039 2.7044694707785459 -0.70710678118654724 11.500000000000002 4.3865985131140901 3.5000000000000004 0.32396546106223528 5.5000000000000009 -0.17085734086238022 3.4579942093215115 0.99909747292418782 -0.027799858695191502 -0.55430595281611306 4.5000000000000009 1.5000000000000002 1.0000000180025095e-35 -0.077894202850768146 76.500000000000014 -0.090867408602795879 5.0251581615581147
decision_type=10 10 2 2 2 10 2 2 10 2 10 10 10 2 10 2 10 2 8 10 10 10 10 2 2 2 10 2 10 10
left_child=3 8 5 4 9 6 13 12 23 10 -1 27 -5 14 19 -16 -11 -14 -18 20 -3 -10 -12 24 25 26 -2 -8 -27 -13
right_child=1 2 -4 7 -6 -7 11 -9 21 16 22 29 17 -15 15 -17 18 -19 -20 -21 -22 -23 -24 -25 -26 28 -28 -29 -30 -31
leaf_value=0.0018688052364522036 -0.0091570825985758664 -0.0021026058018404968 -0.035087328591671893 0.031018384051846617 0.036684233211061894 0.037278080751403792 0.020325025430762308 -0.025481354967517304 -0.027956290948851961 -0.022645317057876337 0.01604690349305108 -0.0037057728087644928 0.0014951712591268166 -0.028886689840544117 -0.014785233828125344 0.0090412101054359786 -0.0097474549478677903 0.021338728223180312 0.018641721496538644 0.025317652788352806 0.02217646106405018 -0.012896473465610722 0.002888408034397051 0.004535235403777883 -0.028555625337240528 -0.0091555744302940674 -0.020559432909918882 -0.0021287885375360326 0.012062163744364784 0.0096119051622304483
leaf_weight=1598.1307116281241 330.21720803901553 92.049715729430318 52.026851758360863 134.36584068462253 45.853260124102235 44.233687659725547 166.04727881029248 11.967947116121648 279.61943661049008 54.627773061394691 175.40800295211375 68.627317931503057 52.739247720688581 19.408540079370141 139.85157530382276 31.963479552417994 45.425252962857485 90.806924918666482 18.333806823939085 22.698793478310108 30.461447723209858 63.077490566298366 79.676054736599326 25.90272437594831 74.813244886696339 29.879182752221823 142.65710104256868 16.722331207245588 29.722629453986883 63.445928432047367
leaf_count=10933 976 361 84 537 127 177 758 28 319 292 954 190 349 90 260 65 325 426 91 72 121 161 497 43 138 80 252 49 37 160
internal_value=-0.000481545 -0.00842319 0.0032169 0.00545572 0.00326049 0.00631219 0.00394105 0.0204194 -0.0173105 0.00239233 0.00330183 0.0119288 0.0228114 -0.00359933 -0.00162673 -0.0102224 -0.0114017 0.0143439 -0.000822227 0.00854551 0.00456707 -0.0254097 0.0120714 -0.0127624 -0.0135312 -0.0111742 -0.0127761 0.0182687 0.00154007 0.00280908
internal_weight=4030.76 1723.43 747.537 2307.33 2017.45 695.51 651.276 289.88 975.889 1971.6 1853.21 314.843 277.912 336.434 317.025 171.815 118.387 143.546 63.7591 145.21 122.511 342.697 255.084 633.192 607.289 532.476 472.874 182.77 59.6018 132.073
internal_count=18952 4393 2387 14559 13219 2303 2126 1340 2006 13092 12384 1157 1312 969 879 325 708 775 416 554 482 480 1451 1526 1483 1345 1228 807 117 350
is_linear=0
shrinkage=0.03


Tree=39
num_leaves=31
num_cat=0
split_feature=0 0 0 2 1 2 1 8 8 7 7 0 8 8 8 5 8 3 8 2 8 8 8 8 2 1 2 2 8 8
split_gain=733.123 119.935 93.254 80.3855 39.7777 45.5481 39.0386 25.0499 29.4647 20.2218 29.6591 20.1353 19.3661 11.2108 38.6843 8.36293 7.81462 7.75691 11.2987 6.12504 3.56614 6.15855 5.49779 6.28143 2.08536 1.91512 2.07044 1.40478 1.06149 0.936365
threshold=562.04461805555559 1397.0709780092595 31.777581018518521 3.5000000000000004 219.50000000000003 5.5000000000000009 24.500000000000004 -0.41335543583102713 -0.57763538050316432 1.0000000180025095e-35 1.0000000180025095e-35 164.88806712962966 -0.20899173069157134 -0.027799858695191502 -0.055695427628336465 1.0500000000000003 4.3865985131140901 0.99909747292418782 0.60381809924952667 104.00000000000001 -0.13032254349676956 -0.11280427960190416 -0.079587637321171648 -0.089272192474319043 21.500000000000004 3.5000000000000004 1.5000000000000002 37.500000000000007 1.2247732239362579 10.275374294413295
decision_type=2 2 2 2 2 2 2 10 10 2 2 2 8 10 8 10 8 10 8 2 10 8 10 8 2 2 2 2 8 10
left_child=2 6 3 9 5 7 8 -4 -2 17 11 -9 -10 14 15 20 -15 18 -1 -5 -14 -22 23 -23 -7 26 -19 -26 -20 -18
right_child=1 -3 4 19 -6 24 -8 10 12 -11 -12 -13 13 16 -16 -17 29 25 28 -21 21 22 -24 -25 27 -27 -28 -29 -30 -31
leaf_value=-0.0024234778025458629 -0.027399228555703103 -0.028422548968426511 -0.0057847913904990941 0.029480023207701687 -0.010141480036223166 0.021392207990462025 -0.028422548968426511 0.0097875460746906142 0.010332237795597301 0.032295177348818122 0.027953690103988852 -0.0010549988353777823 -0.0084528745851568735 0.0082988575383131664 -0.026432893447996014 -0.018366122311712502 -0.0081640978859850548 0.013159941252088135 0.019017145934184215 0.019225036110526235 0.010830652245467856 -0.0017420072070856683 -0.0010549988353777823 -0.018340331904878455 0.010830652245467856 0.0097875460746906142 0.02208834568919979 0.019225036110526235 0.0097875460746906142 -0.00214340484588889
leaf_weight=75.299169478937984 58.237286005169153 572.48389580845833 292.2954335231334 278.91395898722112 37.264449985697865 112.16790462471545 68.988189434632659 250.88184224627912 56.448640953749418 33.128874838352203 18.525055963546038 372.06274969875813 63.286426600068808 53.813362702727318 93.988214513286948 45.272223383188248 49.372362248599529 95.03856360912323 12.672197876498101 11.365927692502735 38.089892137795687 47.01712204888463 96.90492881834507 33.107124697417021 18.532810525968671 10.622199403122066 66.822367494925857 14.816882302984594 992.70032599195838 49.04096432030201
leaf_count=664 89 338 2503 1275 83 645 87 2029 92 101 42 1718 83 72 144 72 61 643 65 41 47 72 129 48 71 85 319 59 7257 61
internal_value=0.000108654 -0.0181109 0.00909666 0.0137837 0.00244663 0.00390835 -0.0101415 0.00143172 -0.0078206 0.01049 0.00473935 0.00338674 -0.0057976 -0.00747125 -0.00999256 -0.0048892 -0.001055 0.00978755 0.00978755 0.0279537 -0.00578479 -0.001055 -0.00578479 -0.00927481 0.019225 0.0162709 0.0173974 0.0108307 0.00978755 -0.00578479
internal_weight=4019.16 1326.05 2693.11 1576.56 1116.55 1079.28 753.567 933.765 684.579 1286.28 641.47 622.945 626.341 569.893 417.666 323.678 152.227 1253.15 1080.67 290.28 278.405 215.119 177.029 80.1242 145.518 172.483 161.861 33.3497 1005.37 98.4133
internal_count=18995 1395 17600 10450 7150 7067 1057 6292 970 9134 3789 3747 881 789 595 451 194 9033 7986 1316 379 296 249 120 775 1047 962 130 7322 122
is_linear=0
shrinkage=0.03


Tree=40
num_leaves=31
num_cat=0
split_feature=0 6 0 0 2 8 8 2 8 2 5 0 2 0 0 2 0 8 8 8 8 2 8 8 8 8 2 8 8 8
split_gain=643.424 109.681 97.2588 79.1837 73.568 37.1449 26.4349 20.7098 19.796 17.0153 11.137 8.31195 16.5628 17.5746 8.20443 7.3877 6.18219 9.96935 5.45907 3.84905 15.1756 2.08245 1.74567 1.83305 1.61137 1.63926 1.17204 0.884777 1.88784 0.529146
threshold=562.04461805555559 0.0022290392584983459 1397.0709780092595 89.014924768518526 3.5000000000000004 -0.027799858695191502 -0.073921777666113533 93.500000000000014 -0.03226654156120868 13.500000000000002 8.3416666666666686 4.549363425925927 1.0000000180025095e-35 1.0000000180025095e-35 8.4547511574074097 8.5000000000000018 1048.9506712962964 3.7733712206366348 -0.49974213505257487 -0.12012500544818673 -0.085162603498078915 1.5000000000000002 0.76010615342734078 -0.81565914765519631 -0.37793073521791937 -0.7716513920136453 21.500000000000004 -0.37793073521791937 -0.055695427628336465 -0.47148539307352649
decision_type=2 10 2 2 2 10 8 2 10 2 10 2 2 2 2 2 2 10 8 10 10 2 8 10 8 10 2 8 8 8
left_child=1 3 6 4 11 -4 10 14 -8 16 19 12 13 -1 -6 22 -10 -18 25 -2 -21 -20 23 -16 29 -14 -5 -25 -29 -13
right_child=2 -3 5 26 7 -7 8 -9 9 -11 -12 24 18 -15 15 -17 17 -19 21 20 -22 -23 -24 27 -26 -27 -28 28 -30 -31
leaf_value=0.010721880634646474 -0.00057057462595542629 0.035756147359462843 -0.03107299862535946 0.00057630044341960797 0.030911751098703946 -0.013122043065545846 -0.020936103377641468 -0.00057057462595542629 -0.00057057462595542629 -0.013122043065545846 -0.013122043065545846 0.0033494622761814203 0.009789468044116862 0.00486370980031328 0.016765303486871219 0.026449052452983731 -0.00057057462595542629 -0.013122043065545846 0.014296328895609218 -0.013122043065545846 -0.00057057462595542629 0.022755198058481207 0.017418211985142526 -0.00040322846087697894 0.00486370980031328 0.00057630044341960797 -0.00057057462595542629 0.014482302580666535 0.00057630044341960797 0.00057630044341960797
leaf_weight=597.61316012591124 141.6526173055172 126.42851209640503 397.13389430940151 716.80116108059883 156.63900926709175 154.6973524838686 209.90663979575038 16.70142225921154 91.162780746817589 40.904824147000909 44.678700685501099 57.141164662316442 35.227356882765889 138.14692107960582 9.1654181666672212 71.405687199905515 41.28846250474453 51.874659284949303 100.15761754103005 74.304949905723333 54.096119359135628 91.429616024717689 31.472817083820701 23.689484996721148 415.99079629778862 13.126281863078473 36.088018719106913 9.838486183434723 7.0546929892152574 23.188284248113632
leaf_count=4115 194 505 249 4028 619 97 310 64 118 49 79 487 194 1307 43 351 51 69 606 109 74 462 222 211 3746 115 111 72 65 249
internal_value=0.000582292 0.0089911 -0.016681 0.0075972 0.0110095 -0.0262037 -0.00954598 0.0238213 -0.013122 -0.00791823 -0.0027637 0.00810136 0.00971509 0.00739468 0.0256191 0.019379 -0.00224255 -0.00845024 0.0165343 -0.000570575 -0.00568227 0.0188092 0.01199 0.00727869 0.00486371 0.0066026 -0.000570575 0.00353219 0.0078826 0.0005763
internal_weight=3979.01 2677.31 1301.7 2550.88 1797.99 551.831 749.87 325.967 435.137 225.231 314.732 1472.02 975.701 735.76 309.266 152.627 184.326 93.1631 239.941 270.054 128.401 191.587 81.2209 49.7481 496.32 48.3536 752.889 40.5827 16.8932 80.3294
internal_count=18971 17572 1399 17067 12928 346 1053 1647 597 287 456 11281 6799 5422 1583 964 238 120 1377 377 183 1068 613 391 4482 309 4139 348 137 736
is_linear=0
shrinkage=0.03


Tree=41
num_leaves=31
num_cat=0
split_feature=0 0 6 0 1 1 1 8 8 8 8 8 1 0 0 0 0 8 8 5 8 8 8 8 8 1 0 8 8 1
split_gain=764.161 93.372 84.7314 58.7714 46.8271 32.7286 46.6682 34.8724 27.7887 21.2725 10.7005 28.3857 10.5017 9.36586 9.26837 9.18486 8.18321 7.71195 12.1315 6.18696 6.85281 8.27178 3.53745 3.31968 6.79627 3.28725 4.76478 1.72187 1.59076 1.13558
threshold=400.60436921296304 1397.0709780092595 0.0040405524537173087 29.68961226851852 1.0000000180025095e-35 123.00000000000001 219.50000000000003 -1.2197458291074501 0.60381809924952667 -1.0710377264579813 1.4146579967887816 -0.075683053628122096 11.500000000000002 66.8498263888889 1.0000000180025095e-35 896.2243287037038 284.73871527777789 3.7733712206366348 7.7812465438342988 8.3416666666666686 -0.24247297771058599 -0.14534024114653069 -0.049338372682085012 -0.12012500544818673 -0.085162603498078915 2.5000000000000004 8.9460937500000011 -0.22639738596760769 -0.039088848192108873 1.0000000180025095e-35
decision_type=2 2 10 2 2 2 2 10 8 10 10 10 2 2 2 2 2 8 10 10 8 10 10 8 10 2 2 8 10 2
left_child=2 5 3 4 14 9 7 13 12 -2 11 19 -6 -5 -1 22 -9 -12 -19 20 -11 -22 -13 -23 -25 -10 -27 -21 -17 -15
right_child=1 -3 -4 6 8 -7 -8 16 25 10 17 15 -14 29 -16 28 -18 18 -20 27 21 23 -24 24 -26 26 -28 -29 -30 -31
leaf_value=0.010970858753592501 -0.02634946614530724 -0.027353451596531079 0.034029155003212901 0.00031738183176160522 0.0072134321699039612 -0.027353451596531079 -0.027353451596531079 0.0072134321699039612 0.018945785397966521 0.0075908721391593761 0.0068980071206111481 -0.014684475577997985 0.021943761378668755 -0.012805334145475338 0.0072134321699039612 -0.025412185929234013 -0.00042062153593744095 -0.017710310849187762 -0.00042062153593744095 -0.0053742544198273502 -0.013800890670580702 0.0044143098171331632 -0.0023780708179385818 -0.0094326169407170906 -0.00042062153593744095 0.029039540683370651 0.014723686993638501 -0.017853667958039783 -0.014048189017343633 -0.0039557422582824839
leaf_weight=617.43361501395702 61.350069778040051 553.23918908834457 117.7158918492496 111.11141343414783 155.02945777215064 54.350043809041381 25.881529979407787 546.16696732677519 176.12897897697985 41.582395818084478 56.484957400709391 51.803420316427946 43.597762575373054 104.44615995511413 255.86904460191727 108.87189681828022 125.83759497478604 44.959148574620485 73.84499728679657 21.451875243335962 64.900850266218185 52.678737930953503 36.955212589353323 95.245286539196968 53.835239760577679 167.96971706859767 43.197527322918177 32.972942147403955 37.610004916787148 21.29869682341814
leaf_count=4125 113 343 489 1070 1241 70 55 3926 998 77 86 110 233 913 2358 145 518 78 107 54 117 84 91 163 77 684 278 66 54 125
internal_value=-0.000328849 -0.0176991 0.00966 0.00839329 0.0121462 -0.011571 0.00250124 0.00373673 0.0186911 -0.00989626 -0.00842985 -0.0103284 0.00923622 -0.00607251 0.00767359 -0.0184242 0.00721343 -0.00184705 -0.00611551 -0.00607251 -0.00313092 -0.00491179 -0.00996069 -0.00178295 -0.00404498 0.0233605 0.0265193 -0.0138009 -0.0230544 -0.011515
internal_weight=3953.82 1442.14 2511.68 2393.97 1459.23 888.897 934.742 908.861 585.923 834.547 773.197 597.908 198.627 236.856 873.303 235.241 672.005 175.289 118.804 362.667 308.243 266.66 88.7586 201.759 149.081 387.296 211.167 54.4248 146.482 125.745
internal_count=18848 1835 17013 16524 9917 1492 6607 6552 3434 1422 1309 1038 1474 2108 6483 400 4444 271 185 638 518 441 201 324 240 1960 962 120 199 1038
is_linear=0
shrinkage=0.03


Tree=42
num_leaves=31
num_cat=0
split_feature=6 8 8 1 2 2 8 8 8 3 1 1 1 8 8 8 1 8 8 8 8 8 8 3 1 8 1 2 2 8
split_gain=173.681 179.194 105.974 92.0141 57.578 48.3004 41.0238 37.17 28.3349 25.1173 21.9482 17.4013 16.3532 14.6739 14.2206 13.2818 13.1966 17.2025 11.4532 10.3938 10.0519 20.2999 11.5766 19.0053 9.98994 18.3805 9.64681 9.6227 17.3223 10.398
threshold=0.0040405524537173087 -0.14258136166983529 0.23002426793889155 365.50000000000006 3.5000000000000004 6.5000000000000009 -0.060406289022973798 -0.70710678118654724 11.576149430677996 0.66546329723225039 3.5000000000000004 57.500000000000007 23.500000000000004 -0.027799858695191502 -0.17817416127494948 2.5031364591382999 56.500000000000007 -0.22354118250387747 -0.19173865103933127 -0.15200790376124682 4.3865985131140901 3.4579942093215115 2.7044694707785459 1.0000000180025095e-35 3.5000000000000004 8.4552367458671185 1.5000000000000002 1.5000000000000002 2.5000000000000004 -0.10976661887118579
decision_type=10 10 10 2 2 2 10 10 10 10 2 2 2 10 8 10 2 10 10 8 10 10 10 8 2 10 2 2 2 10
left_child=1 4 6 5 9 8 27 -6 12 10 -1 15 20 -8 -11 -7 17 -9 -19 -12 21 22 23 26 25 -22 -4 29 -29 -3
right_child=-2 2 3 -5 7 11 13 16 -10 14 19 -13 -14 -15 -16 -17 -18 18 -20 -21 24 -23 -24 -25 -26 -27 -28 28 -30 -31
leaf_value=0.002207907391690985 0.033948822077758511 -0.0025918615754944815 0.010436237356628473 -0.035029110158198588 0.029444897885722431 0.027526537256189958 -0.026848123722408017 0.016535380016633898 -0.018219085550724191 0.0037497873344227591 -0.017356665646707341 -0.0023393089239982174 -0.020794156090956799 -0.0085745238110447857 0.017614940927251799 0.0081474585206735024 -0.014826019413411598 -0.022248589375041535 0.0090239696611618698 0.0037497873344227591 -0.017856363061652079 0.027812670563135564 -0.010288444822834752 0.01498935182433617 0.0078646041368145136 0.0093037269095847426 -0.013351630962589121 -0.032859137287706487 -0.0062393557983173673 -0.011606051866662952
leaf_weight=1581.4650653339922 127.71996363252401 171.28706445917487 18.355354607105255 55.282151721417904 121.93243754468858 93.654113719239831 257.46893489360809 96.009549396112561 71.455615468323231 128.39617614448071 72.78124638646841 34.827726230025291 22.045662354677916 53.676775081083179 141.32544467411935 55.299925956875086 17.350562689825892 16.605124928057194 16.570301065221429 9.6851518508046848 59.568978048861027 31.333321176469326 39.992825349792838 95.794349078088999 45.811821088194847 30.503031760454178 42.243419483304024 40.63738089427352 48.152662605047226 369.80010924488306
leaf_count=10991 505 608 40 93 479 409 306 576 95 807 452 112 70 135 762 170 60 46 57 63 157 100 116 539 127 41 153 78 89 770
internal_value=0.000208009 -0.00095712 -0.00845997 0.000420927 0.00462749 0.00372631 -0.0149976 0.017517 -0.00152986 0.00279734 0.00140531 0.0164938 0.00175604 -0.0238812 0.0112031 0.0208302 0.00694773 0.0103156 -0.00749262 -0.0132326 0.0033868 0.00718216 0.00328176 0.00696317 -0.00300277 -0.00865298 -0.00590003 -0.0104557 -0.0195249 -0.00880237
internal_weight=3967.03 3839.31 1637.19 696.168 2202.12 640.886 941.023 268.468 457.104 1933.65 1663.93 183.782 385.649 311.146 269.722 148.954 146.536 129.185 33.1754 82.4664 363.603 227.719 196.386 156.393 135.884 90.072 60.5988 629.877 88.79 541.087
internal_count=19006 18501 4208 2222 14293 2129 1986 1218 1438 13075 11506 691 1343 441 1569 579 739 679 103 515 1273 948 848 732 325 198 193 1545 167 1378
is_linear=0
shrinkage=0.03


Tree=43
num_leaves=31
num_cat=0
split_feature=8 6 2 8 1 8 8 6 1 1 8 2 3 1 2 8 8 8 3 1 8 2 2 8 8 8 8 8 3 8
split_gain=199.951 132.014 78.6811 68.3224 86.9639 70.8221 63.5884 35.2336 29.1873 28.0175 22.7917 22.5439 22.4624 20.8774 17.4577 17.0359 16.989 16.2149 14.5421 12.9143 12.6309 19.9949 10.8214 10.6082 10.9217 16.3057 12.1555 8.82013 8.63583 8.41821
threshold=-0.23298089659185817 0.0040405524537173087 3.5000000000000004 0.23002426793889155 219.50000000000003 5.6428937444573917 -0.089272192474319043 0.15412895927601813 3.5000000000000004 263.50000000000006 7.2234608325877323 6.5000000000000009 0.66546329723225039 10.500000000000002 3.5000000000000004 -0.31618295127277313 -0.32702254282720306 -0.47148539307352649 0.14835164835164838 28.500000000000004 -0.14129821556612357 4.5000000000000009 5.5000000000000009 1.6367615931413522 3.4579942093215115 4.0015567420314797 2.9626513442337257 -0.14724856230795377 0.16025641025641027 -0.24247297771058599
decision_type=10 10 2 10 2 10 10 10 2 2 10 2 10 2 2 8 8 10 8 2 10 2 2 10 10 10 10 10 10 8
left_child=2 3 7 6 5 11 18 12 -7 16 -10 13 15 23 -15 -1 17 -4 -2 -13 27 -22 -12 28 26 -26 -25 -20 -5 -14
right_child=1 -3 9 4 -6 8 -8 -9 10 -11 22 19 29 14 -16 -17 -18 -19 20 -21 21 -23 -24 24 25 -27 -28 -29 -30 -31
leaf_value=-0.0086499616389711133 -0.015626973911581597 0.036264783900356187 0.022198771715554681 0.0023390842697226617 -0.032644215445816999 -0.021126173237194814 -0.0201694517094409 0.028827167497768442 0.023207069106192118 -0.019554361038058542 -0.016457900746469443 0.025659468360860176 0.0049852620405232322 -0.034279714453157119 0.0010792947519232578 0.0027742673383411068 0.03185190705107236 -0.00068049347816587355 -9.6498703323022147e-05 0.0067705158435781287 -0.0096987922108139214 0.021330110004422607 0.0062244095388775521 0.0028229048387775125 0.030309302266145491 -6.0072222149354823e-05 -0.020838713680926522 0.01859638314595962 0.021580982302158821 0.01639733579034949
leaf_weight=123.76638158410788 107.8732982724905 55.813919425010681 83.098750784993172 32.826064296066761 67.212969785556197 122.25455180555582 580.357675421983 44.82580772973597 24.334428772330284 10.561517436057327 43.940903272479773 86.315956208854914 109.32094394788146 16.215936722233891 30.108250562101603 1351.0751913730055 120.5254591666162 40.359619868919253 161.24187498539686 57.900401782244444 256.06658644601703 15.472352834418414 27.416032334789634 60.03055957891047 20.615103174000978 41.95023450255394 23.300010971724987 21.433724250644445 60.613529784604907 136.16610680893064
leaf_count=913 375 242 480 100 101 193 961 150 73 27 74 393 701 76 86 9579 455 243 836 217 890 27 56 261 55 132 69 89 329 748
internal_value=-0.000359009 -0.0072991 0.00621724 -0.00870195 -0.00141269 0.00205286 -0.0132381 0.00393711 -0.0117128 0.0216484 0.000765431 0.00908645 0.0032069 0.00406831 -0.013432 0.00178958 0.0237889 0.014984 -0.00596679 0.0185569 -0.00352738 -0.00757706 -0.00790621 0.0076611 0.00243476 0.011449 -0.00459819 0.00253378 0.0152833 0.0115162
internal_weight=3932.99 1913.29 2019.7 1857.48 715.035 647.822 1142.45 1765.15 217.946 254.545 95.6914 429.876 1720.33 285.66 46.3242 1474.84 243.984 123.458 562.088 144.216 454.215 271.539 71.3569 239.336 145.896 62.5653 83.3306 182.676 93.4396 245.487
internal_count=18931 5635 13296 5393 2215 2114 3178 12091 396 1205 203 1718 11941 1108 162 10492 1178 723 2217 610 1842 917 130 946 517 187 330 925 429 1449
is_linear=0
shrinkage=0.03


Tree=44
num_leaves=31
num_cat=0
split_feature=7 8 8 1 2 2 8 8 8 3 5 1 8 1 5 2 2 8 8 2 3 8 2 1 1 8 2 1 2 2
split_gain=153.43 142.724 80.7242 92.5148 68.8545 44.2456 49.5646 38.975 27.6329 23.3379 26.5544 22.2606 14.7749 13.5856 12.443 10.5993 11.9597 9.71625 9.04649 8.8631 13.0347 12.8678 8.4005 8.80373 7.94116 6.99912 9.13717 5.58277 7.04406 6.96974
threshold=1.0000000180025095e-35 -0.14129821556612357 0.17628365289956047 230.50000000000003 7.5000000000000009 3.5000000000000004 -0.70710678118654724 7.2234608325877323 -0.061840684483087792 0.66546329723225039 1.0000000180025095e-35 223.00000000000003 -0.21813070768502107 23.500000000000004 7.7125000000000012 1.5000000000000002 2.5000000000000004 -0.33546687003424353 11.576149430677996 1.5000000000000002 0.74837662337662347 1.8712409154881953 1.5000000000000002 1.5000000000000002 5.5000000000000009 -0.36912183149666417 7.5000000000000009 57.500000000000007 42.500000000000007 33.500000000000007
decision_type=2 10 10 2 2 2 10 10 10 10 10 2 10 2 8 2 2 10 10 2 10 10 2 2 2 10 2 2 2 2
left_child=1 5 8 4 7 9 -7 13 15 10 22 12 17 19 -9 -3 -17 25 -16 21 -21 -4 23 -1 -22 26 -8 29 -29 -6
right_child=-2 2 3 -5 27 6 11 14 -10 -11 -12 -13 -14 -15 18 16 -18 -19 -20 20 24 -23 -24 -25 -26 -27 -28 28 -30 -31
leaf_value=0.0024431280160076407 0.041346951263878155 -0.0075823229377407174 0.015415055448684592 -0.032568426369558492 0.025166344491958582 0.028915359097521257 -0.0031231545588269547 0.0012302493070906529 -0.02061652673486631 0.010756740286877762 -0.010539911057461149 -0.031791486954425886 -0.010075039571608829 -0.016777488770323468 -0.0084045664657814139 -0.030139098176217644 -0.0071212712025932618 0.022377712120156261 -0.027289628569197331 0.0036059108059207602 0.025850552990909947 -0.0092126509068090178 0.010756740286877762 -0.010539911057461149 0.0036059108059207602 -0.013061589800681183 0.019318224296033339 -0.0065101349676963292 0.017455257290400115 0.0018543663421415767
leaf_weight=1447.9618544131517 75.405559293925762 501.84088208153844 21.01348115131259 64.925179645419121 117.04061304777861 126.68524493835866 28.827489452436566 31.011549830436707 306.32804462499917 275.37889199331403 147.64128207974136 9.6120682694017869 31.260885821655393 23.015478473156691 44.32666428014636 39.765854366123676 44.710499497130513 43.58229137212038 61.063073698431253 167.21129485405982 43.091359566897154 67.703187353909016 60.623979903757572 28.869398791342974 16.591594727709889 11.905484111979602 29.363610647618771 15.000349372625349 22.410993164405227 13.667081376537679
leaf_count=9833 257 1312 73 110 494 523 254 49 463 1612 1149 18 102 82 102 77 94 214 79 750 165 169 256 188 107 53 164 45 79 39
internal_value=0.000332372 -0.000525204 -0.00735489 0.000217191 0.00375259 0.00435711 0.0153803 -0.00212898 -0.013329 0.0027407 0.00140277 0.00372715 0.00706426 0.00334996 -0.0153683 -0.00937946 -0.0190352 0.0120033 -0.0200871 0.00505649 0.00815007 -0.00286811 0.00258007 0.00209154 0.0196184 0.00449265 0.00883345 0.0199527 0.00821151 0.0228869
internal_weight=3917.84 3842.43 1600.72 708.072 643.147 2241.71 281.237 475.028 892.645 1960.48 1685.1 154.552 144.94 338.626 136.401 586.317 84.4764 113.679 105.39 315.611 226.894 88.7167 1537.46 1476.83 59.683 70.0966 58.1911 168.119 37.4113 130.708
internal_count=18912 18655 4289 2343 2233 14366 1328 1576 1946 13038 11426 805 787 1346 230 1483 171 685 181 1264 1022 242 10277 10021 272 471 418 657 124 533
is_linear=0
shrinkage=0.03


Tree=45
num_leaves=31
num_cat=0
split_feature=0 0 6 3 1 0 0 5 3 1 1 1 0 3 1 1 1 0 3 1 1 1 0 0 0 0 3 1 1 1
split_gain=595.556 116.891 71.4658 41.9468 37.483 25.5098 16.2897 12.8706 12.1889 16.1849 12.1604 11.7225 10.104 9.68438 5.99373 4.96288 7.87541 5.62532 2.14407 1.91856 1.80455 1.52715 8.33557 1.36288 1.2468 0.85519 0.766454 2.52611 0.465398 0.926118
threshold=293.91310763888896 1397.0709780092595 0.0022290392584983459 0.5186206896551725 123.00000000000001 6.6527256944444462 30.303512731481486 980.59583333333342 0.16025641025641027 3.5000000000000004 135.50000000000003 2.5000000000000004 657.95267939814823 0.66730279898218836 4.5000000000000009 365.50000000000006 16.500000000000004 703.59190972222234 0.5004770164787512 5.5000000000000009 1.5000000000000002 1.0000000180025095e-35 1.032013888888889 149.05817129629634 174.30959490740744 2234.0129687500007 0.095454545454545472 10.500000000000002 4.5000000000000009 3.5000000000000004
decision_type=2 2 10 10 2 2 2 10 10 2 2 2 2 8 2 2 2 2 8 2 2 2 2 2 2 2 10 2 2 2
left_child=2 4 3 6 7 14 21 8 -2 13 11 18 -9 -10 -5 16 19 -15 -8 20 24 -1 -23 -18 -7 -3 27 28 29 -13
right_child=1 25 -4 5 -6 15 10 12 9 -11 -12 26 -14 17 -16 -17 23 -19 -20 -21 -22 22 -24 -25 -26 -27 -28 -29 -30 -31
leaf_value=0.006853311777936689 -0.0076580150715424549 -0.025378538284962643 0.033260588881406761 0.017346500573462351 -0.025378538284962643 0.011236324898679139 -0.0039584070032863475 -0.0076580150715424549 -0.021576212332087241 0.0019777251561972626 -0.025378538284962643 0.0082609019693002227 -0.025378538284962643 0.0064269942072410213 0.028545146880100954 0.0082609019693002227 0.017346500573462351 -0.0076580150715424549 0.0011660052958965125 0.0082609019693002227 0.014502067850094606 0.017346500573462351 0.0082609019693002227 0.0082609019693002227 0.0064269942072410213 -0.030249229187819509 0.0082609019693002227 0.0019777251561972626 0.0082609019693002227 0.0019777251561972626
leaf_weight=860.91587929055095 729.43980952724814 375.17435874044895 106.44242427125573 136.24391989409924 52.25200967118144 52.701873412355781 88.951791491359472 19.806466702371836 35.85623824223876 108.00114884227514 8.933253910392521 13.543685965240003 30.795233521610498 30.501981131732464 109.91405319049954 14.144830126315354 64.342659460380673 38.068389132618904 332.32152415066957 62.267144955694675 105.56451897509396 91.241599293425679 131.80898799747229 11.071746272966264 7.269347306340932 163.18768429756165 88.590245774015784 10.487615883350371 20.40822621434927 6.2303259670734397
leaf_count=6536 1443 290 468 756 72 407 688 78 68 246 17 104 51 73 406 48 295 46 3059 494 706 526 1022 53 51 58 610 93 146 66
internal_value=9.05464e-05 -0.0140749 0.00975189 0.00855086 -0.00815679 0.0155978 0.00610937 -0.00669234 -0.00582735 0.0004904 0.00197773 0.00264347 -0.0208209 -0.00765802 0.0228156 0.00973226 0.0124874 -0.00286925 5.02477e-05 0.00934479 0.0119663 0.0082609 0.0082609 0.0208088 0.0082609 -0.0253785 0.0082609 0.00293072 0.0082609 0.00256409
internal_weight=3906.48 1583.08 2323.4 2216.95 1044.72 563.52 1653.43 992.469 941.868 212.428 569.467 560.533 50.6017 104.427 246.158 317.362 303.217 68.5704 421.273 227.803 165.536 1083.97 223.051 75.4144 59.9712 538.362 139.26 50.6699 40.1822 19.774
internal_count=18976 2425 16551 16083 2077 3216 12867 2005 1876 433 4783 4766 129 187 1162 2054 2006 119 3747 1658 1164 8084 1548 348 458 348 1019 409 316 170
is_linear=0
shrinkage=0.03


Tree=46
num_leaves=31
num_cat=0
split_feature=0 0 2 1 7 1 1 2 0 0 0 8 2 8 1 8 1 0 8 8 8 8 8 8 1 8 8 8 0 8
split_gain=635.02 100.54 65.1807 58.1057 42.7852 36.5888 32.3357 19.836 17.5753 16.3093 14.519 28.673 11.2626 4.01513 3.98381 11.5331 3.59533 2.85356 4.47899 3.69844 2.75625 2.54461 2.27973 1.94287 2.16854 1.78395 1.63333 5.14371 1.59743 1.13698
threshold=320.32387731481487 1484.9627025462964 5.5000000000000009 365.50000000000006 1.0000000180025095e-35 3.5000000000000004 19.500000000000004 2.5000000000000004 2.9292881944444447 149.05817129629634 44.70169560185186 -0.28934063992376752 15.500000000000002 -0.16363511832720443 1.0000000180025095e-35 4.0015567420314797 5.5000000000000009 65.176186342592601 -0.47148539307352649 -0.28934063992376752 -0.039088848192108873 3.1851417882256152 -0.19889369214173561 -0.28934063992376752 9.5000000000000018 1.2910918749267415 -0.39827587071143966 -0.46540249995852678 21.710214120370374 -0.12393097265100135
decision_type=2 2 2 2 2 2 2 2 2 2 2 10 2 10 2 8 2 2 10 8 10 10 8 10 2 10 10 10 2 8
left_child=2 -2 4 9 6 20 7 10 -9 28 14 17 22 23 -1 -16 -15 19 -19 -12 -3 25 -11 24 26 -18 27 -10 -4 -13
right_child=1 5 3 -5 -6 -7 -8 8 13 12 11 29 -14 16 15 -17 21 18 -20 -21 -22 -23 -24 -25 -26 -27 -28 -29 -30 -31
leaf_value=0.0075313276681366996 -0.0099876531056004615 -0.032871943088186112 0.030727340448791711 -0.0099876531056004615 0.034582583382816848 -0.0099876531056004615 -0.0099876531056004615 0.027322280908290249 0.0088156662064536994 0.0033818923495266655 -0.0099876531056004615 0.00929187633393809 -0.0099876531056004615 0.018432734032794884 0.004485434052836839 0.015898983961726332 0.0057062051956598137 -0.0099876531056004615 -0.0011959953721965228 0.0033580741824538974 -0.024035277103944569 0.015300325716308905 0.021873103696660845 -0.0029143244063696595 -0.0058016101998507969 -0.0089040682908501489 0.015228594800247956 -0.0099876531056004615 0.021873103696660845 0.004485434052836839
leaf_weight=898.21804095432162 1024.3189949449152 275.65846688300371 168.22095324844122 18.703039240092039 45.781700130552053 98.10133296251297 26.702513113617897 70.279310282319784 46.78688657283783 10.766293535009025 9.6490470059216005 156.03967450559139 13.696661943569778 56.215732555836439 147.79019166715443 182.57544053904712 10.480066716670995 114.879982881248 23.41943209245801 40.361920431256294 127.96711365878582 7.0672655049711457 19.279090579599146 19.037965171039104 7.1486947275698176 9.854376155883072 20.076108897104859 6.5577955506741992 97.396933853626251 118.82596433535218
leaf_count=6997 1940 158 767 64 165 61 137 313 347 67 99 1199 58 333 1134 1169 88 1086 179 430 68 49 116 182 67 80 115 74 574 902
internal_value=-0.000423792 -0.0154585 0.00936897 0.0216924 0.00731664 -0.0264189 0.00659777 0.00715937 0.0149377 0.025102 0.00595322 0.00140742 0.00712781 0.00958782 0.00765434 0.0109361 0.0143208 -0.00749489 -0.00965145 -0.001196 -0.0303987 0.0043424 0.0166749 0.00512001 0.00707782 -0.00173408 0.00862179 0.00504337 0.0278756 0.00753133
internal_weight=3871.86 1526.05 2345.81 328.063 2017.75 501.727 1971.97 1945.26 253.504 309.36 1691.76 463.176 43.742 183.225 1228.58 330.366 83.6174 188.31 138.299 50.011 403.626 27.4017 30.0454 99.6075 80.5695 20.3344 73.4208 53.3447 265.618 274.866
internal_count=19018 2227 16791 1646 15145 287 14980 14843 1648 1582 13195 3895 241 1335 9300 2303 550 1794 1265 529 226 217 183 785 603 168 536 421 1341 2101
is_linear=0
shrinkage=0.03


Tree=47
num_leaves=31
num_cat=0
split_feature=0 6 0 0 2 1 2 2 5 5 5 2 0 5 2 1 2 2 0 1 1 1 2 0 2 0 2 1 1 1
split_gain=548.007 103.987 79.3624 59.0779 61.6085 25.91 31.5917 20.0294 11.5034 10.1634 9.98134 36.2276 13.7487 8.66329 9.07279 8.24448 8.1924 11.7516 6.69907 6.82013 3.79689 3.16892 2.428 2.1995 2.19765 1.48063 1.15814 1.03246 0.443542 0.272252
threshold=562.04461805555559 0.0040405524537173087 1397.0709780092595 31.777581018518521 3.5000000000000004 219.50000000000003 5.5000000000000009 20.500000000000004 4.4750000000000005 21.19166666666667 1.0000000180025095e-35 1.5000000000000002 1.0000000180025095e-35 1.0000000180025095e-35 5.5000000000000009 1.0000000180025095e-35 21.500000000000004 71.500000000000014 248.73701967592595 20.500000000000004 1.5000000000000002 1.0000000180025095e-35 7.5000000000000009 320.32387731481487 2.5000000000000004 2.7096412037037041 34.500000000000007 7.5000000000000009 3.5000000000000004 2.5000000000000004
decision_type=2 10 2 2 2 2 2 2 10 10 10 2 2 10 2 2 2 2 2 2 2 2 2 2 2 2 2 2 2 2
left_child=1 3 7 4 10 6 8 9 23 -2 11 12 -1 -6 -15 -14 22 -16 19 24 -17 -4 -8 -5 27 -13 -18 28 29 -10
right_child=2 -3 21 5 13 -7 16 -9 18 -11 -12 25 15 14 17 20 26 -19 -20 -21 -22 -23 -24 -25 -26 -27 -28 -29 -30 -31
leaf_value=0.0099711657736532011 -0.0096510905727696539 0.034774017555198614 -0.029469411163642927 0.0019774065062136722 0.032043187015086391 -0.0096510905727696539 0.010940380038217949 -0.025070825020936067 -0.0047046857685962701 -0.021774065614122325 0.0019774065062136722 0.03174700328455194 0.0019774065062136722 0.0040354380745982743 0.026259400510925963 0.0099711657736532011 -0.0060405737745203181 0.0014661621410288048 -0.0096510905727696539 -0.0096510905727696539 0.0019774065062136722 -0.025070825020936067 0.023669394261052339 -0.0011013065549612712 0.0019774065062136722 0.015924309454301271 0.0014661621410288048 0.0019774065062136722 -0.0096510905727696539 0.0013680123856443318
leaf_weight=594.98901844024658 611.47620501369238 118.87583530321717 304.84564214199781 526.40762782655656 94.910536063835025 32.24452974461019 34.629143638536334 35.346827199682593 25.94610653445125 69.528805904090405 112.15570293553174 52.262993380427361 259.15765497460961 33.080437513068318 90.813387680798769 134.89120339602232 13.687695039436223 11.05884021706879 50.27451553195715 8.319193057715891 17.239844987168908 221.40247152745724 64.27824174426496 205.90910414978862 64.949146376922727 25.523212414234877 14.590025953948496 5.3075094521045676 7.0885869674384585 6.0305855162441722
leaf_count=4101 882 522 208 4370 404 84 233 41 259 123 940 193 2414 271 464 930 52 42 238 53 160 146 328 600 528 150 57 41 81 59
internal_value=9.85475e-05 0.00791697 -0.0162557 0.00656536 0.0105414 0.00119008 0.00235889 -0.00965109 0.000346026 -0.00965109 0.00774343 0.00868095 0.00707038 0.0246272 0.0184532 0.00280461 0.0160542 0.0227272 -0.00662023 -0.00153258 0.00898877 -0.0250708 0.0199537 0.00197741 0.00168345 0.0278306 0.00146616 -0.00439882 -0.00621309 -0.0035293
internal_weight=3847.22 2604.62 1242.6 2485.74 1426.08 1059.66 1027.42 716.352 900.232 681.005 1196.22 1084.06 1006.28 229.863 134.953 411.289 127.185 101.872 167.916 117.641 152.131 526.248 98.9074 732.317 109.322 77.7862 28.2777 44.3728 39.0653 31.9767
internal_count=18974 17574 1400 17052 10069 6983 6899 1046 6229 1005 8888 7948 7605 1181 777 3504 670 506 1259 1021 1090 354 561 4970 968 343 109 440 399 318
is_linear=0
shrinkage=0.03


Tree=48
num_leaves=29
num_cat=0
split_feature=0 0 6 0 2 2 2 2 2 5 0 0 5 1 0 1 1 2 3 3 0 2 2 2 3 1 1 1
split_gain=535.528 115.832 94.098 67.4024 58.3953 29.7447 29.2713 24.3661 20.9646 18.032 15.6822 15.0455 7.23374 5.05675 4.45332 6.08218 5.52133 3.62673 3.19381 5.84007 1.76048 0.999396 4.25505 0.492238 0.428309 0.0799483 2.47875 0.111652
threshold=562.04461805555559 1397.0709780092595 0.0040405524537173087 30.994739583333338 2.5000000000000004 12.500000000000002 203.50000000000003 3.5000000000000004 3.5000000000000004 11.491666666666669 9.4828587962962985 320.32387731481487 0.41250000000000003 1.0000000180025095e-35 1.0000000180025095e-35 1.0000000180025095e-35 3.5000000000000004 2.5000000000000004 0.99909747292418782 0.99909747292418782 1292.1540972222226 5.5000000000000009 52.500000000000007 4.5000000000000009 0.99909747292418782 4.5000000000000009 2.5000000000000004 3.5000000000000004
decision_type=2 2 10 2 2 2 2 2 2 10 2 2 10 2 2 2 2 2 10 10 2 2 2 2 10 2 2 2
left_child=2 5 3 4 14 8 7 11 9 13 23 12 17 20 -1 -16 -17 24 25 -13 -2 -12 -23 -6 -5 26 -14 -28
right_child=1 -3 -4 6 10 -7 -8 -9 -10 -11 21 19 18 -15 15 16 -18 -19 -20 -21 -22 22 -24 -25 -26 -27 27 -29
leaf_value=0.0095035972066527634 -0.0090585367319105225 -0.026731508367861988 0.033749721330073867 0.0020205671882153006 0.020970506744305957 -0.026731508367861988 -0.026731508367861988 0.010749046754427087 0.008466868819972365 -0.024072268729251702 0.011098482751174922 -0.0064414445766734713 -0.0064414445766734713 -0.0064414445766734713 0.0032138472949089633 0.0095035972066527634 0.0032138472949089633 0.011098482751174922 0.0026318928568783168 0.0026318928568783168 -0.016354748509269084 0.022288782109387378 0.010749046754427087 0.029938215596604652 0.0032138472949089633 -0.0064414445766734713 0.0020205671882153006 -0.00079703669871957373
leaf_weight=583.20315781235695 307.49009586498141 526.95104473084211 115.87184618413448 418.21855763718486 75.716656591743231 40.874023972079158 21.728234469890594 202.61138275265694 72.106959335505962 54.119253233075142 37.133162716403604 197.93190621212125 22.795096796005964 188.46005769446492 275.53242269530892 248.05305179581046 20.372275939211249 12.390753110870717 15.92004821076989 20.620897736400366 39.876022413372993 41.042219802737236 9.0414438322186452 129.69172360561788 65.474542211741209 27.582846567034721 18.651742585003376 12.192195355892183
leaf_count=4102 460 352 526 3605 385 51 60 1168 116 91 311 634 251 237 2420 1770 187 72 112 50 58 266 31 542 439 247 161 118
internal_value=9.08039e-05 -0.0161529 0.00787516 0.00658828 0.0108223 -0.00808983 0.000762334 0.001577 -0.00637728 -0.00824754 0.0226747 -0.000764036 0.00174335 -0.00644144 0.0076587 0.00561215 0.00884917 0.00321385 -0.00555591 -0.00644144 -0.0101163 0.0110985 0.0163435 0.0272095 0.00263189 -0.00644144 -0.00343983 0.00202057
internal_weight=3801.65 1229.88 2571.78 2455.9 1419.79 702.926 1036.12 1014.39 662.052 589.945 292.625 811.779 593.226 535.826 1127.16 543.958 268.425 496.084 97.1419 218.553 347.366 87.2168 50.0837 205.408 483.693 81.2219 53.639 30.8439
internal_count=18822 1365 17457 16931 10014 1013 6917 6857 962 846 1535 5689 5005 755 8479 4377 1957 4116 889 684 518 608 297 927 4044 777 530 279
is_linear=0
shrinkage=0.03


Tree=49
num_leaves=31
num_cat=0
split_feature=0 0 2 1 1 0 8 8 1 0 1 5 8 8 8 0 8 0 8 8 8 8 8 8 8 8 2 0 8 8
split_gain=500.75 127.281 64.7011 50.4739 42.6835 21.9735 26.9752 26.96 22.9954 22.535 14.9319 10.8649 8.44409 17.9464 20.0465 7.17501 4.68635 4.6746 5.72621 4.12908 7.73625 6.13426 9.42267 3.97338 3.25937 2.94669 2.93939 2.23511 2.05717 1.58028
threshold=293.91310763888896 1397.0709780092595 5.5000000000000009 343.50000000000006 121.50000000000001 65.176186342592601 -0.70710678118654846 -0.70710678118654846 1.0000000180025095e-35 3.6019965277777781 20.500000000000004 21.19166666666667 -0.075683053628122096 -0.03226654156120868 2.7044694707785459 21.710214120370374 1.4738358943994012 0.00067708333333333346 -0.70710678118654846 0.81693409210196033 6.2480140321346562 -0.067404673961580883 -0.061840684483087792 -0.042572471411883264 0.10947385941339509 -0.22941573387056174 1.5000000000000002 28.824554398148152 3.5826916815289569 -0.05180712410923604
decision_type=2 2 2 2 2 2 10 10 2 2 2 10 8 10 8 2 8 2 10 10 8 8 8 10 8 8 2 2 10 10
left_child=2 4 5 15 6 8 -2 -7 17 25 -9 12 -8 21 -15 -4 -11 -1 -19 -13 -21 -14 -23 29 -17 -10 -27 -18 -29 -24
right_child=1 -3 3 -5 -6 7 11 10 9 16 -12 19 13 14 -16 24 27 18 -20 20 -22 22 23 -25 -26 26 -28 28 -30 -31
leaf_value=0.0080867542465483614 -0.020956827355891234 -0.02598536391042211 0.029610254134728918 -0.0075368997155850596 -0.02598536391042211 -0.012216108017987197 0.00017818279638369053 0.005374251610637106 0.010010716628009767 0.00428642693149138 -0.004212514615461886 -0.019338846718899513 -0.025363904042667203 0.016393881749392391 -0.0045752311664205274 0.010635777466428104 0.015455576615855449 -0.00057871430249118133 0.0080867542465483614 0.00017818279638369053 -0.018665908923075212 0.0025849790756873065 -0.013004930891662306 -0.019338846718899513 0.022281407797960069 0.015455576615855449 0.024280842900231712 0.005374251610637106 0.015455576615855449 -0.004212514615461886
leaf_weight=586.43022219836712 91.735018167644739 499.4489931166172 154.95614638365805 16.021997448056936 59.241800898686051 105.02657767757773 403.6765048392117 327.20829192176461 42.799752881750464 199.38370681367815 17.323865912854671 52.938335243612528 31.694787587970495 54.779701087623835 126.3033805899322 51.436769349500537 48.807149887084961 321.36612445116043 23.58681557700038 31.975965093821287 22.931111730635166 35.698652092367411 51.081724356859922 34.380738580599427 76.67378369346261 108.59337215870619 124.97837445884943 30.897224789485335 7.4191305190324774 34.906316414475441
leaf_count=4128 208 346 756 57 83 1026 858 2427 273 1665 53 147 68 103 201 334 329 3164 171 84 50 57 96 53 460 652 627 216 43 68
internal_value=-0.000417869 -0.013621 0.0086036 0.0214956 -0.0075369 0.00656989 -0.00589179 0.000743787 0.00831438 0.0130892 0.00481269 -0.00421251 -0.00421251 -0.00607704 -0.00421251 0.0248429 0.00700818 0.00537425 0.00537425 -0.0135634 -0.00684575 -0.0135634 -0.0106814 -0.0145621 0.0181808 0.0191567 0.0205877 0.0126663 0.00593928 -0.0097841
internal_weight=3773.7 1530.79 2242.91 299.089 1031.34 1943.82 972.102 449.559 1494.26 562.879 344.532 880.367 772.522 368.845 181.083 283.067 286.507 931.383 344.953 107.845 54.9071 187.762 156.067 120.369 128.111 276.371 233.572 87.1235 38.3164 85.988
internal_count=18803 2422 16381 1607 2076 14774 1993 3506 11268 3805 2480 1785 1504 646 304 1550 2253 7463 3335 281 134 342 274 217 794 1552 1279 588 259 164
is_linear=0
shrinkage=0.03


Tree=50
num_leaves=31
num_cat=0
split_feature=0 6 0 1 2 8 0 8 1 0 2 8 1 8 1 1 0 8 8 8 8 0 1 8 2 0 1 8 8 0
split_gain=404.499 106.779 88.9537 58.7808 55.8457 19.5628 18.6912 22.2442 18.5416 11.97 9.8604 10.824 18.1643 9.54453 6.75645 9.39535 6.63428 6.44562 9.59135 7.43961 14.5514 6.85811 6.23291 21.0099 4.61586 9.96815 4.44765 3.64619 4.51185 3.10138
threshold=1003.6055555555557 0.0040405524537173087 69.40056134259261 28.500000000000004 4.5000000000000009 -0.57763538050316432 1484.9627025462964 -0.027799858695191502 123.00000000000001 284.73871527777789 3.5000000000000004 6.5472912342668161 2.5000000000000004 -0.092524289806454343 1.0000000180025095e-35 1.5000000000000002 136.27947337962965 -0.14415550077362968 -0.090867408602795879 -0.075683053628122096 -0.06560943739585319 657.95267939814823 1.0000000180025095e-35 3.7733712206366348 8.5000000000000018 6.2178761574074084 1.0000000180025095e-35 -0.11106829372089243 -0.12512633077784138 450.13877893518526
decision_type=2 10 2 2 2 10 2 10 2 2 2 10 2 8 2 2 2 10 10 10 8 2 2 8 2 2 2 10 10 2
left_child=1 2 4 5 22 14 -2 13 24 -7 11 12 17 -8 -4 -16 -17 26 27 -20 -21 -22 -1 -24 25 -6 -11 28 -19 -14
right_child=6 -3 3 -5 8 9 7 -9 -10 10 -12 -13 29 -15 15 16 -18 18 19 20 21 -23 23 -25 -26 -27 -28 -29 -30 -31
leaf_value=0.0065409460606395868 -0.01763477346293784 0.033567754407226466 -0.011876482272147191 -0.01763477346293784 0.027646787968754714 0.0065409460606395868 -0.017720275930145708 -0.01763477346293784 -0.0077051052372594589 0.0065409460606395868 0.0065409460606395868 0.0065409460606395868 -0.0036948216522525103 -0.031788308603396785 0.006679409622728864 0.006679409622728864 -0.01763477346293784 -0.013026463482738103 0.0065409460606395868 -0.02017416801579144 0.0065409460606395868 -0.0050136164884400135 0.006679409622728864 0.016818509028874912 0.029413587369837707 0.006679409622728864 -0.0036996134313478672 -0.01763477346293784 0.0028989815167507729 -0.01763477346293784
leaf_weight=957.45248477905989 405.48344800621271 112.93559156544507 133.25136150419712 110.14442396722734 37.848254615440965 338.9218591619283 80.64770345389843 139.86215744912624 14.384903045371173 55.434598721563816 68.174050889909267 36.790056616067886 17.775332387536764 245.0769751816988 18.24963004514575 8.5735190026462096 13.267182283103464 29.209748767316341 50.143793847411871 30.387166474014521 51.605237238109112 63.343253986909986 257.20077609829605 233.53058624453843 122.65296956896782 40.772204197943211 36.298055786639452 34.298019412904978 27.280111346393824 40.04200142621994
leaf_count=7747 528 526 938 316 180 2504 52 86 65 160 182 69 89 148 88 61 80 75 113 70 133 86 2039 1438 589 359 98 109 63 84
internal_value=0.000261754 0.00558518 0.00441003 -0.00195084 0.00884942 0.00033919 -0.0176348 -0.0238839 0.0229399 0.00216484 -0.000612584 -0.00226282 -0.0037818 -0.0286257 -0.00872684 0.00189798 -0.0123404 -0.00127573 -0.00348916 0.000313765 -0.00334201 0.00176311 0.00667941 0.00997658 0.0252637 0.0174181 0.00545496 -0.0112664 -0.00572538 -0.0176348
internal_weight=3811.04 2939.97 2827.03 1163.19 1663.84 1053.04 871.07 465.587 215.658 879.703 540.781 472.607 435.817 325.725 173.342 40.0903 21.8407 378 286.267 195.479 145.336 114.948 1448.18 490.731 201.273 78.6205 91.7327 90.7879 56.4899 57.8173
internal_count=19075 18261 17735 5318 12417 5002 814 286 1193 3835 1331 1149 1080 200 1167 229 141 907 649 402 289 219 11224 3477 1128 539 258 247 138 173
is_linear=0
shrinkage=0.03


Tree=51
num_leaves=31
num_cat=0
split_feature=0 0 2 0 1 1 8 7 7 2 3 0 8 8 5 1 8 3 8 8 8 0 5 2 8 5 8 8 5 8
split_gain=402.859 89.1284 64.9276 54.0039 34.7958 39.2075 22.318 21.658 33.0202 20.6195 18.4998 13.9168 15.2053 14.2258 9.52678 12.2087 7.81885 7.23777 6.51385 5.00049 5.96334 3.6852 8.13343 3.67023 2.40149 2.05114 2.88321 3.36752 2.77125 1.93861
threshold=1003.6055555555557 89.014924768518526 3.5000000000000004 1484.9627025462964 22.500000000000004 343.50000000000006 -0.027799858695191502 1.0000000180025095e-35 1.0000000180025095e-35 3.5000000000000004 0.99909747292418782 293.91310763888896 -0.099972245348957697 -0.55430595281611306 3.6041666666666674 1.0000000180025095e-35 -0.22639738596760769 0.99909747292418782 -0.077894202850768146 -0.36912183149666417 -0.20397731437958902 5.6969097222222231 1299.8958333333337 1.5000000000000002 -0.085162603498078915 0.93333333333333346 -0.06560943739585319 -0.05395565565866154 4.8583333333333334 -0.33546687003424353
decision_type=2 2 2 2 2 2 10 2 2 2 10 2 10 10 10 2 10 10 10 8 10 2 10 2 10 10 8 10 10 8
left_child=1 2 7 16 8 21 -5 17 9 10 11 13 -13 -3 15 18 -2 -1 24 -15 28 -4 -11 -19 -14 -18 -20 -28 -21 -25
right_child=3 4 5 6 -6 -7 -8 -9 -10 22 -12 12 14 19 -16 -17 25 23 26 20 -22 -23 -24 29 -26 -27 27 -29 -30 -31
leaf_value=0.0060927246258750583 -0.022552581252553248 -0.0086699786094850996 0.030263204720626768 -0.029833175222494727 -0.0098764581634975084 -0.0098764581634975084 -0.014354711302180313 0.030524068199434901 0.023648807664513254 0.015228003393696128 0.0061737060745768952 -0.0098764581634975084 -0.002400436643413952 0.021458496284319176 -0.0098764581634975084 0.0060927246258750583 -0.0098764581634975084 0.0077825823904622265 -0.014428411164535342 0.00064269913287298881 0.0060927246258750583 0.023648807664513254 -0.0035632092574554371 0.0069758335303537686 0.0060927246258750583 -0.014354711302180313 0.0029458475169674087 -0.009045137547148939 -0.0098764581634975084 0.019394388409617092
leaf_weight=1234.4552332814783 41.829054638743401 77.229106813669205 134.72508327104151 308.0388744994998 110.29963269643486 11.727050349116324 135.684411033988 29.043920453637838 19.209242921322584 93.435979172587395 90.266480011865497 240.18810212798417 29.267341803759336 14.84713366255164 27.772155173122883 61.432095021009445 267.88448328524828 115.97950436919928 34.383823074400425 28.096624501049519 149.13257156126201 185.89459779858589 24.153909141197801 23.108559690415859 24.118012219667435 83.071575418114662 33.34648584201932 44.537846429273486 9.6725391186773759 61.469987150281668
leaf_count=10008 58 729 608 193 356 41 85 115 32 449 336 682 79 69 66 97 339 872 84 223 1139 1242 122 170 45 124 71 87 100 302
internal_value=0.000117285 0.00539924 0.0095214 -0.0181663 -0.00127644 0.0214097 -0.0253128 0.00675901 0.000785628 -0.000138719 -0.00176236 -0.00341254 -0.00640979 0.00192529 -0.00106367 0.0013487 -0.00987646 0.00617371 -0.00370941 0.00609272 0.00609272 0.0236488 0.0113802 0.0118057 0.00463019 -0.00987646 -0.00770337 -0.00404315 -0.00588793 0.0165801
internal_weight=3744.3 2907.79 1796.4 836.508 1111.39 332.347 443.723 1464.06 1001.09 981.88 864.29 774.024 495.046 278.978 254.858 227.086 392.785 1435.01 165.654 201.749 186.902 320.62 117.59 200.558 53.3854 350.956 112.268 77.8843 37.7692 84.5785
internal_count=18923 18124 13358 799 4766 1891 278 11467 4410 4378 3807 3471 1211 2260 529 463 521 11352 366 1531 1462 1850 571 1344 124 463 242 158 323 472
is_linear=0
shrinkage=0.03


Tree=52
num_leaves=27
num_cat=0
split_feature=0 6 0 0 2 1 2 2 2 5 1 1 2 0 1 1 0 0 1 0 2 0 1 0 1 0
split_gain=437.559 91.9165 78.9676 51.2935 51.7748 29.1006 26.1684 20.7653 19.4384 12.8449 13.8216 8.50832 12.1791 8.49869 15.4199 6.22645 5.47843 3.92311 5.81666 3.62786 6.86511 0.897101 0.293857 1.18692 0.194719 0.124818
threshold=562.04461805555559 0.0040405524537173087 1397.0709780092595 69.40056134259261 4.5000000000000009 397.50000000000006 12.500000000000002 113.00000000000001 3.5000000000000004 11.491666666666669 1.5000000000000002 5.5000000000000009 2.5000000000000004 1.0000000180025095e-35 1.0000000180025095e-35 2.5000000000000004 3.8507581018518522 1003.6055555555557 1.0000000180025095e-35 8.4547511574074097 8.5000000000000018 60.606909722222234 3.5000000000000004 2234.0129687500007 3.5000000000000004 1292.1540972222226
decision_type=2 10 2 2 2 2 2 2 2 10 2 2 2 2 2 2 2 2 2 2 2 2 2 2 2 2
left_child=1 3 6 4 11 19 8 -5 9 10 17 12 13 -1 -15 21 -14 18 -2 -6 -21 -16 23 -4 -18 -19
right_child=2 -3 22 7 5 -7 -8 -9 -10 -11 -12 -13 16 14 15 -17 24 25 -20 20 -22 -23 -24 -25 -26 -27
leaf_value=0.0086962813235477963 -0.0097229616095604234 0.033095732273175957 -0.024962254319999974 -0.00071334464025343684 0.029304763910665336 -0.00071334464025343684 -0.024814365591869763 -0.024814365591869763 -0.00071334464025343684 -0.02338285313536757 -0.00071334464025343684 -0.00071334464025343684 0.024376306403816592 -0.00035631950820166799 0.0086962813235477963 -0.00071334464025343684 0.011749506328578756 -0.011715986747903584 -0.00071334464025343684 0.0075290785350637501 0.024635405143660524 -0.00071334464025343684 -0.024814365591869763 -0.032549775822835081 0.005849637851215202 -0.016483660479641289
leaf_weight=583.94940297305584 164.39513980969787 109.27599708177149 257.12316167354584 777.629130365327 111.90901525691152 11.160485379397867 46.272576844319701 20.079002790153027 83.58247271925211 50.734509000554681 91.89135323651135 38.354637905955315 44.295766284689307 379.6456571854651 279.91877964697778 38.282399613410234 24.459873193874955 168.48010745644569 42.064505636692047 39.319477567449212 63.025825299322605 7.9281530901789656 92.458376690745354 120.082239985466 31.255098935216665 50.811194851994514
leaf_count=4080 284 514 219 4704 513 32 60 59 127 80 130 371 231 3534 2012 330 159 212 51 341 339 71 76 47 248 76
internal_value=-0.000167996 0.00677195 -0.0153471 0.00553345 0.00854018 0.0217652 -0.00884784 -0.000713345 -0.00711065 -0.00951149 -0.00794125 0.00638404 0.00685305 0.00602315 0.00376582 0.0084973 0.0167589 -0.0103192 -0.00705821 0.0247909 0.0187202 0.00869628 -0.0248144 -0.0277719 0.00919408 -0.0131635
internal_weight=3728.38 2560.49 1167.9 2451.21 1653.5 225.415 698.232 797.708 651.959 568.377 517.642 1428.09 1389.74 1289.72 705.775 326.129 100.011 425.751 206.46 214.254 102.345 287.847 469.664 377.205 55.715 219.291
internal_count=18900 17538 1362 17024 12261 1225 1020 4763 960 833 753 11036 10665 10027 5947 2413 638 623 335 1193 680 2083 342 266 407 288
is_linear=0
shrinkage=0.03


Tree=53
num_leaves=31
num_cat=0
split_feature=7 8 8 1 2 8 3 8 8 5 1 1 8 8 3 2 5 2 1 8 3 1 1 2 8 8 8 2 8 8
split_gain=121.798 100.969 89.0309 79.4435 47.8918 41.6636 37.9342 27.8018 26.6833 25.3052 21.0059 15.6024 14.7204 10.8816 16.6966 12.5153 8.44064 7.36818 6.50144 9.54076 7.9414 6.49259 6.26989 6.16493 6.06784 5.67004 4.68658 4.93508 4.27571 7.4794
threshold=1.0000000180025095e-35 -0.14129821556612357 0.17628365289956047 365.50000000000006 6.5000000000000009 -0.061840684483087792 0.5004770164787512 4.0015567420314797 -0.70710678118654724 0.93333333333333346 19.500000000000004 1.5000000000000002 -0.027799858695191502 10.275374294413295 0.74837662337662347 2.5000000000000004 23.220833333333335 2.5000000000000004 17.500000000000004 1.582065973823646 0.28749624153239361 3.5000000000000004 55.500000000000007 4.5000000000000009 1.4738358943994012 0.99015368604283005 1.7038852393529456 1.5000000000000002 -0.089272192474319043 -0.10306521699421792
decision_type=2 10 10 2 2 10 10 10 10 10 2 2 10 10 10 2 10 2 2 10 10 2 2 2 10 10 10 2 10 10
left_child=1 6 5 4 7 16 22 9 23 25 17 -9 -7 14 15 -13 28 21 -6 -20 -21 -11 -1 -8 -19 -4 -27 -28 29 -3
right_child=-2 2 3 -5 18 12 8 11 -10 10 -12 13 -14 -15 -16 -17 -18 24 19 20 -22 -23 -24 -25 -26 26 27 -29 -30 -31
leaf_value=0.0015054252083293667 0.038254988136130937 -0.0075923490862525355 0.0053220736312187206 -0.034470253162396651 0.024667297934071304 -0.025467128783274718 0.014153140287749015 -0.021624314846824991 0.0023586321714020283 0.0053220736312187206 -0.027869899059062623 0.0089158480594688349 -0.0061450971128920173 -0.013208017802042804 0.022514562412079483 -0.014063949653195854 -0.022175967025396835 -0.0021423324970767364 0.021498605802177512 -0.012206002145004717 0.0095686774920256696 -0.019239692906132193 -0.019153362634948694 0.026055692832123768 0.014906793045651632 0.027660394268844091 0.0053220736312187206 0.019900155427454175 -0.01017625600621218 0.0032008938638470557
leaf_weight=1711.4302911479026 67.844101771712303 203.97240595147014 15.648178329691289 46.864219469949603 64.058256328105927 239.53402474522591 169.28722529113293 56.597246915102005 170.60428569465876 14.242955956608059 20.736255461350083 32.672176208347082 45.944796932861209 60.82266690954566 22.589117158204317 45.123038539662957 33.548388287425041 31.01226687990129 48.203666720539331 15.522320359945295 54.393013184890151 16.955927714705467 8.3461317233741266 65.726770114153624 38.686104085296392 35.32877148129046 36.219721814617515 30.577407073229551 248.25770575925708 76.614500213414431
leaf_count=11958 262 751 59 88 290 337 1038 112 1060 72 66 101 124 94 63 114 71 211 243 43 211 68 23 280 207 145 91 108 449 215
internal_value=-0.000157565 -0.000920923 -0.0067745 0.00126039 0.00412642 -0.0132471 0.00331022 -0.00109491 0.011504 0.00590487 -0.00365788 -0.00874883 -0.0225168 -0.00371391 0.00239228 -0.00445736 -0.00838469 0.00239909 0.0169097 0.0118716 0.00424235 -0.00884041 0.00134993 0.0179554 0.00768517 0.0155277 0.0182962 0.0149068 -0.00731031 -0.0046408
internal_weight=3727.36 3659.52 1534.13 686.253 639.389 847.872 2125.39 457.212 405.618 239.408 121.634 217.804 285.479 161.207 100.384 77.7952 562.393 100.897 182.177 118.119 69.9153 31.1989 1719.78 235.014 69.6984 117.774 102.126 66.7971 528.845 280.587
internal_count=18954 18692 4333 2386 2298 1947 14359 1511 2378 1027 624 484 461 372 278 215 1486 558 787 497 254 140 11981 1318 418 403 344 199 1415 966
is_linear=0
shrinkage=0.03


Tree=54
num_leaves=31
num_cat=0
split_feature=0 0 6 2 1 1 0 8 0 8 8 8 8 8 8 8 1 0 8 8 8 1 8 8 8 8 1 8 8 8
split_gain=398.124 73.6316 67.6328 36.703 49.559 31.7999 28.9587 29.765 19.584 28.9139 11.9732 11.5578 12.1113 9.04784 22.1778 8.85697 9.11575 11.3381 8.31962 12.7484 5.68832 6.01053 5.12223 4.40224 7.16165 4.39027 2.5171 2.37979 1.36677 1.2389
threshold=400.60436921296304 1397.0709780092595 0.0022290392584983459 2.5000000000000004 279.50000000000006 34.500000000000007 8.9460937500000011 -0.31883986381802182 30.303512731481486 -0.20899173069157134 1.1926614701735352 -0.075683053628122096 -0.098112905730255662 3.5826916815289569 5.8775027652492442 0.60381809924952667 1.0000000180025095e-35 1.0000000180025095e-35 -0.067404673961580883 -0.055695427628336465 -0.039088848192108873 1.0000000180025095e-35 1.4738358943994012 -0.11106829372089243 -0.13606990972723812 10.275374294413295 1.0000000180025095e-35 -0.40814210300142445 -0.03226654156120868 5.6428937444573917
decision_type=2 2 10 2 2 2 2 10 2 8 10 10 10 8 10 8 2 2 10 8 10 2 8 10 10 8 2 8 10 8
left_child=2 5 3 8 6 7 27 21 15 -9 11 12 23 -12 -15 -1 17 -17 -13 -20 -3 -2 -8 24 26 -16 -11 -5 -21 -24
right_child=1 20 -4 4 -6 -7 22 9 -10 10 13 18 -14 14 25 16 -18 -19 19 28 -22 -23 29 -25 -26 -27 -28 -29 -30 -31
leaf_value=-0.00028512266937791476 -0.027183170796052689 -0.028237507533871081 0.030905929989025853 0.014360104738875728 -0.0081874710379017356 -0.023040415241767719 0.006971759025767436 0.017567625491452875 -0.00028512266937791476 -0.0068387957928656038 0.010619918468196534 -0.023040415241767719 -0.00028512266937791476 -0.023040415241767719 0.011957101226064179 0.0080920633929732321 0.013320397629866993 0.00064301774878108506 0.00094767091024511004 -0.018298376698530249 -0.023040415241767719 -0.009839845220285779 0.018420915360497381 -0.019301212679796582 -0.00028512266937791476 -0.00089559770430705727 -0.018466494034411422 0.027589152577719711 -0.0088266751267568489 0.011957101226064179
leaf_weight=96.786153206601739 61.062084654346108 282.81401008367538 97.301731677725911 33.513796139508486 27.752175519242883 63.724704684689641 217.5475891251117 46.506804700940847 651.18993820250034 47.713258922100067 53.564492736011744 31.380340069532394 93.66978994756937 36.177614793181419 39.494487326592207 581.95765437185764 173.45978948846459 269.14206326752901 59.592766962945461 81.071939960122108 182.50192739069462 36.094444880262017 74.284799017012119 29.643766686320305 60.435413092374802 50.33625565469265 33.147691383957863 135.66538798622787 34.957149352878332 27.484413489699364
leaf_count=841 120 221 500 219 77 112 1538 84 4984 90 83 62 154 52 58 4142 1139 2404 89 155 128 77 473 61 104 69 72 670 57 167
internal_value=-0.000310614 -0.013475 0.00700637 0.00592519 0.012931 -0.00818747 0.0155219 -0.0063885 0.00385411 -0.00414078 -0.00581321 -0.00832775 -0.00405277 -0.000285123 -0.00356759 0.00624845 0.00709345 0.00575398 -0.013568 -0.0103335 -0.0230404 -0.0215369 0.00994731 -0.00943437 -0.00677541 -0.000285123 -0.0124032 0.025456 -0.0159273 0.0175676
internal_weight=3709.97 1323.89 2386.09 2288.78 516.248 858.573 488.496 794.848 1772.54 697.692 651.185 471.612 264.61 179.573 126.008 1121.35 1024.56 851.1 207.002 175.622 465.316 97.1565 319.317 170.94 141.296 89.8307 80.861 169.179 116.029 101.769
internal_count=19002 1848 17154 16654 3144 1499 3067 1387 13510 1190 1106 844 481 262 179 8526 7685 6546 363 301 349 197 2178 327 266 127 162 889 212 640
is_linear=0
shrinkage=0.03


Tree=55
num_leaves=31
num_cat=0
split_feature=0 0 2 1 7 8 8 0 8 0 1 8 1 2 0 3 3 0 8 8 1 8 1 2 3 0 0 1 8 0
split_gain=416.855 75.5754 45.0749 69.6832 31.9136 28.9668 24.4206 15.6257 22.6971 15.4859 9.6606 13.0798 7.88568 6.53004 5.71611 5.62978 3.45017 3.1713 2.81498 2.75328 2.94057 2.59391 4.8505 2.51987 2.30312 2.11788 1.84263 1.50428 1.3581 1.40656
threshold=320.32387731481487 1397.0709780092595 3.5000000000000004 263.50000000000006 1.0000000180025095e-35 -0.32702254282720306 1.0741638338642534 30.994739583333338 -0.46540249995852678 11.659120370370372 1.0000000180025095e-35 0.60381809924952667 121.50000000000001 7.5000000000000009 1.0000000180025095e-35 0.11805555555555557 0.66730279898218836 18.772274305555559 3.7733712206366348 2.3361697878337524 5.5000000000000009 -0.36912183149666417 5.5000000000000009 70.500000000000014 0.99909747292418782 215.55232638888893 66.8498263888889 3.5000000000000004 -0.41335543583102713 105.25026041666668
decision_type=2 2 2 2 2 10 10 2 10 2 2 8 2 2 2 10 8 2 8 10 2 8 2 2 10 2 2 2 8 2
left_child=2 5 4 9 7 15 -3 10 16 -4 14 -12 -7 18 -1 -2 -9 27 19 20 -11 -10 -23 -15 26 28 -18 -13 -22 -30
right_child=1 6 3 -5 -6 12 -8 8 21 13 11 17 -14 23 -16 -17 24 -19 -20 -21 25 22 -24 -25 -26 -27 -28 -29 29 -31
leaf_value=0.008152775465975438 -0.026381653381404385 -0.027206629684108172 0.027041479304307919 -0.0085476646431314161 0.032049071156430263 -0.0052294252303328017 -0.010330150281394725 -0.014637243480870197 0.014456916330094556 0.015809402997436346 0.0032523951804995289 0.017107132572908003 -0.010330150281394725 0.020712904045669518 0.0051151707563552628 -0.0085476646431314161 -0.0027176993431316777 0.0051151707563552628 0.019822244313448194 -0.0052294252303328017 -0.00038276146580302578 0.0032523951804995289 -0.0052294252303328017 0.0034542000475032471 0.0032523951804995289 -0.0052294252303328017 -0.0085476646431314161 0.0058233610782586834 0.012623454324325338 0.00060373091904790356
leaf_weight=576.41493408381939 95.196183165535331 352.77596988528967 161.94448248576373 29.694489393383265 34.152778103947639 797.76337088085711 109.34491688013077 37.401858523488045 24.771584119647741 26.38480344042182 134.38224411383271 185.22733476758003 36.53987324796617 107.6666910815984 256.32238847389817 21.910121839493513 85.481124490499496 14.368602892383931 14.217938611283897 9.6750755663961154 17.959868140518665 339.81347780488431 19.516426969319582 10.55661923997104 22.651990205049515 10.867600927129386 80.563520286232233 18.312492590397596 27.149966694414616 12.762268295511602
leaf_count=4100 230 265 869 81 139 1553 79 329 162 187 1083 1113 68 647 2430 49 902 130 94 67 172 2560 165 46 176 66 857 136 216 92
internal_value=-0.000707963 -0.0134577 0.00728467 0.0159926 0.00520516 -0.00854766 -0.0233667 0.00460688 0.000697632 0.0197814 0.00660846 0.0107833 -0.00854766 0.0143697 0.00511517 -0.0232614 -0.00675529 0.0152505 0.00881757 0.00648993 0.00806452 0.00511517 0.0032524 0.0193745 -0.00485548 0.00422135 -0.00606808 0.0162559 0.00648585 0.00927514
internal_weight=3671.79 1413.53 2258.26 428.88 1829.38 951.41 462.121 1795.23 610.2 399.185 1185.03 352.291 834.303 237.241 832.737 117.106 226.098 217.908 119.018 104.8 95.1245 384.101 359.33 118.223 188.697 68.7397 166.045 203.54 57.8721 39.9122
internal_count=19063 2244 16819 2537 14282 1900 344 14143 5151 2456 8992 2462 1621 1587 6530 279 2264 1379 894 800 733 2887 2725 693 1935 546 1759 1249 480 308
is_linear=0
shrinkage=0.03


Tree=56
num_leaves=31
num_cat=0
split_feature=7 1 2 8 8 8 8 1 5 5 2 8 8 8 8 1 8 2 8 1 1 8 8 8 8 8 2 1 8 8
split_gain=123.039 92.41 106.459 95.4691 28.3501 31.2083 25.5195 25.2407 23.235 22.2709 40.6367 20.1585 16.706 14.4673 13.6052 14.8814 11.3605 9.53085 8.1354 7.79963 5.5021 7.91817 13.2089 9.03949 12.2535 6.37065 4.74344 7.28553 4.47434 7.25087
threshold=1.0000000180025095e-35 516.00000000000011 4.5000000000000009 -0.14129821556612357 0.23002426793889155 11.576149430677996 15.154108648399317 23.500000000000004 5.479166666666667 1.0000000180025095e-35 1.5000000000000002 -0.05395565565866154 2.7044694707785459 1.7038852393529456 1.6367615931413522 1.5000000000000002 -0.11528239517639434 1.5000000000000002 -0.36912183149666417 1.5000000000000002 1.0000000180025095e-35 -0.089272192474319043 -0.10306521699421792 -0.10976661887118579 -0.11899143375444515 -0.05842411369543999 2.5000000000000004 3.5000000000000004 5.6428937444573917 6.5472912342668161
decision_type=2 2 2 10 10 10 10 2 10 10 2 10 10 8 10 2 8 2 10 2 2 10 10 10 10 10 2 2 10 10
left_child=1 2 3 9 11 7 8 14 16 10 19 17 13 -10 15 -6 -4 20 -12 -1 21 22 23 24 -5 -23 27 -11 -16 -30
right_child=-2 -3 6 4 5 -7 -8 -9 12 26 18 -13 -14 -15 28 -17 -18 -19 -20 -21 -22 25 -24 -25 -26 -27 -28 -29 29 -31
leaf_value=0.0023691136872526931 0.038629045680121751 -0.033310582863869308 0.0094319759549767821 -0.01212045693542532 0.038629045680121751 -0.01977810034028115 -0.018331062166909745 -0.03022642499976852 0.0089969316482018044 -0.0061979801036757898 0.023673273515708939 -0.020565430414325705 -0.0047726895925425117 0.024389480355953581 0.0035997307384779548 0.0075300119397527544 0.029463817116269529 -0.020659761714104514 0.005600536675652008 -0.0061979801036757898 0.00089886834820880623 -0.014100272019808187 0.0074132317819788039 -0.024925718725335732 0.0064208769815734344 0.00091818831110699326 -0.001278413017090539 -0.019139097973118458 -0.017303398313997215 0.00080667903428486968
leaf_weight=1542.4427788816392 68.440799091942608 71.064131090417504 41.115773526951671 82.483203168958426 11.372424077242611 67.93470586836338 17.895384572446346 15.567850952968 202.17442057654262 97.824780315160751 93.78118103928864 189.52839494869113 55.684913285076618 48.284755198284984 135.60569004714489 65.92510381527245 106.90220722928643 55.254616998136044 33.871316086500883 45.012036383152008 57.803101379424334 220.93109203875065 57.557928254827857 21.92823389545083 46.690746214240789 27.977896545082331 105.84654599428177 45.918761229142547 24.062940783798695 61.781835909932852
leaf_count=10714 260 117 167 343 33 88 22 54 1061 831 410 283 200 211 496 343 451 134 155 277 115 450 157 104 174 46 742 307 66 137
internal_value=0.000182965 -0.000589745 0.00010549 -0.00191756 -0.00879411 -0.00209209 0.0133018 0.00198032 0.0147343 0.0020931 0.00331416 -0.0121286 0.0097492 0.0130081 0.00412856 0.0145437 0.0243895 -0.00917207 0.0192697 0.00197465 -0.00775377 -0.00884472 -0.00438025 -0.00896619 -0.00542905 -0.0124273 -0.00619798 -0.00965579 0.000252269 -0.00494267
internal_weight=3718.67 3650.22 3579.16 3107.1 1142.41 382.251 472.057 314.316 454.162 1964.7 1715.11 760.155 306.144 250.459 298.748 77.2975 148.018 570.627 127.652 1587.45 515.372 457.569 208.66 151.102 129.174 248.909 249.59 143.744 221.45 85.8448
internal_count=18948 18688 18571 16459 3023 1217 2112 1129 2090 13436 11556 1806 1472 1272 1075 376 618 1523 565 10991 1389 1274 778 621 517 496 1880 1138 699 203
is_linear=0
shrinkage=0.03


Tree=57
num_leaves=29
num_cat=0
split_feature=0 0 6 2 2 5 2 0 2 0 8 8 0 0 2 8 0 8 8 8 0 3 2 8 0 8 8 8
split_gain=308.424 92.7571 55.6115 31.4457 48.8275 29.1507 32.9589 38.6941 24.2859 12.7421 14.2612 22.6797 11.6787 9.68226 12.7138 22.9929 10.497 4.44927 5.56516 4.32956 5.26869 3.59472 2.39462 2.05193 1.45145 1.85883 0.656018 0.484116
threshold=293.91310763888896 1484.9627025462964 0.0022290392584983459 5.5000000000000009 91.000000000000014 0.41250000000000003 1.5000000000000002 42.918703703703706 22.500000000000004 29.68961226851852 -0.061840684483087792 0.76010615342734078 533.66143518518527 1.0000000180025095e-35 1.0000000180025095e-35 -0.070506521604648459 189.31484953703708 -0.027799858695191502 -0.094211819394037541 -0.12903975949564242 136.27947337962965 0.66546329723225039 8.5000000000000018 3.5826916815289569 1048.9506712962964 0.23002426793889155 -0.055695427628336465 -0.05842411369543999
decision_type=2 2 10 2 2 10 2 2 2 2 8 10 2 2 2 8 2 10 8 8 2 10 2 8 2 8 10 8
left_child=2 8 3 5 9 6 13 -8 10 -5 -2 12 26 -1 15 -15 -16 18 -3 20 22 -9 -11 -23 25 -14 -12 -17
right_child=1 17 -4 4 -6 -7 7 21 -10 19 11 -13 24 14 16 27 -18 -19 -20 -21 -22 23 -24 -25 -26 -27 -28 -29
leaf_value=0.0072075235880995868 -0.0046356306310701345 -0.022983671304235155 0.029808491425206828 0.026997733009176513 -0.0064035653868212252 -0.0046356306310701345 0.028444206684960616 -0.0046356306310701345 -0.022983671304235155 -0.001657780730266152 -0.0083926813054293163 -0.0046356306310701345 -0.010493649548158712 0.0072075235880995868 0.0072075235880995868 -0.010838639852853497 -0.0046356306310701345 -0.022983671304235155 -0.03114884286945465 0.016447835473783819 -0.0046356306310701345 -0.00140801828741673 0.016661062136353651 0.016619043616940943 -0.022983671304235155 -0.021315743149147026 -0.0046356306310701345 -0.003840705561197289
leaf_weight=581.22509901225567 530.4961621593684 83.339239820837975 83.32571398280561 123.54652862809598 27.754591280594468 286.80618073232472 105.50677472725511 30.438412599265575 43.47625776566565 7.9901738166809109 45.205076489597559 224.28366869688034 56.512913927435875 158.75540504977107 238.49741167202592 5.8357378542423248 22.775902155786753 134.25874355435371 209.42136960476637 57.577448455616832 14.421785058453677 9.8508561681956035 16.318449176847935 6.4729961156845119 88.444961056113243 34.395822580903769 21.03912889957428 415.5821288600564
leaf_count=4126 1157 57 468 695 99 2476 511 147 80 84 133 419 94 1217 1759 43 146 87 148 363 79 89 81 31 149 54 64 4135
internal_value=-0.000672058 -0.0112786 0.0064524 0.00546145 0.0154085 0.00410078 0.00570137 0.0187534 -0.00640357 0.0206305 -0.00534408 -0.00995699 -0.0162778 0.00424362 0.00216584 -0.000326765 0.00720752 -0.0229837 -0.0277079 0.0115331 0.00318155 -0.00374685 0.0113841 0.00796104 -0.020185 -0.015486 -0.00502505 -0.00406357
internal_weight=3663.55 1470.87 2192.68 2109.36 247.609 1861.75 1574.94 152.269 1043.85 219.854 1000.38 469.882 245.598 1422.67 841.447 580.173 261.273 427.019 292.761 96.3079 38.7304 46.7623 24.3086 16.3239 179.354 90.9087 66.2442 421.418
internal_count=18991 2442 16549 16081 1401 14680 12204 778 2150 1302 2070 913 494 11426 7300 5395 1905 292 205 607 244 267 165 120 297 148 197 4178
is_linear=0
shrinkage=0.03


Tree=58
num_leaves=31
num_cat=0
split_feature=6 8 8 2 8 8 2 8 5 2 2 7 2 5 8 8 8 3 8 2 8 8 8 2 8 8 5 3 3 8
split_gain=123.231 86.5541 47.947 60.9257 41.2603 22.7718 21.5237 23.7613 15.08 42.3749 14.7146 13.5683 11.5156 8.06912 8.29045 7.82544 26.5713 12.9791 22.9561 7.67181 10.6251 7.01814 6.94635 6.64557 6.58438 6.46422 8.53348 6.17738 5.42713 5.09623
threshold=0.0022290392584983459 -0.14129821556612357 -0.027799858695191502 104.00000000000001 7.2234608325877323 -0.075683053628122096 3.5000000000000004 -0.81565914765519631 1.0000000180025095e-35 1.5000000000000002 6.5000000000000009 1.0000000180025095e-35 3.5000000000000004 7.0750000000000011 3.5826916815289569 3.4579942093215115 4.0015567420314797 1.0000000180025095e-35 2.7044694707785459 1.5000000000000002 4.7674795406178676 1.3363062095621225 -0.23863893236924633 14.500000000000002 -0.31005061774748416 -0.22639738596760769 7.0750000000000011 0.39658659924146655 0.83235116349350269 -0.49974213505257487
decision_type=10 10 10 2 10 10 2 10 10 2 2 2 2 10 10 10 10 8 10 2 8 10 8 2 10 10 10 10 10 10
left_child=1 6 5 4 10 -3 8 -8 9 11 15 22 -6 -12 -15 17 -17 21 28 -18 -21 -4 29 25 -11 26 -9 -22 -19 -1
right_child=-2 2 3 -5 12 -7 7 23 -10 24 13 -13 -14 14 -16 16 19 18 -20 20 27 -23 -24 -25 -26 -27 -28 -29 -30 -31
leaf_value=0.0040989988449071663 0.031899088853189553 -0.0068687728542690622 -0.020729936416500071 -0.029399499677565971 -0.016982311942494679 -0.017312888454859662 0.02468013512218846 0.023826690503586774 -0.005806619075164725 0.025378170585302642 0.025608383603308485 0.030818355916488904 0.001605866666822605 0.013045060093267426 -0.0070513716976009404 0.031899088853189553 -0.010846878502085849 0.0067364630146483969 -0.0089951957728946954 -0.0093108415121068242 0.0033994269904030934 -0.0089951957728946954 0.001976320182448363 -0.0089541689019988508 0.0055398382403915062 -0.0043073155954018458 0.0043082378479355737 0.025594323248214621 0.021368126273127609 -0.005806619075164725
leaf_weight=44.613882709294558 100.85854493267834 428.47558782808483 43.806786013767123 55.99337456561625 103.47568831220269 346.27252544462681 76.759838885627687 26.613279601559043 198.23282906413078 76.86182707734406 36.664282923564315 9.1945619881153089 40.339051360264421 85.416489608585835 19.795343050733209 23.076985221356153 28.13735419139266 88.167747091501951 22.293600747361779 21.254358235746622 24.828287322074175 47.891312096267939 1407.3240601308644 23.872049298137426 22.511368602514267 30.507455723360181 63.870241114869714 18.854577457532287 30.35543243214488 95.37661519087851
leaf_count=304 513 1257 140 117 171 562 417 131 1561 374 175 11 83 428 75 59 81 446 87 52 62 146 10134 125 102 96 437 60 167 519
internal_value=3.53539e-06 -0.00094869 -0.00651982 -0.000756162 0.00198227 -0.0116178 0.00298975 0.0117214 0.00191734 0.00285671 0.0061281 0.00161046 -0.0118897 0.0141044 0.0091156 0.00272894 0.00891161 -0.000482165 0.00517977 0.00110175 0.00668443 -0.0089952 0.00133819 0.00426044 0.0213648 0.00711962 0.0109961 0.0146241 0.0111971 -0.00492386
internal_weight=3641.7 3540.84 1465.1 690.351 634.357 774.748 2075.74 221.623 1854.12 1655.88 490.543 1556.51 143.815 141.876 105.212 348.666 116.152 232.515 140.817 93.0746 64.9372 91.6981 1547.31 144.863 99.3732 120.991 90.4835 43.6829 118.523 139.99
internal_count=18892 18379 4168 2349 2232 1819 14211 1206 13005 11444 1978 10968 254 678 503 1300 314 986 700 255 174 286 10957 789 476 664 568 122 613 823
is_linear=0
shrinkage=0.03


Tree=59
num_leaves=31
num_cat=0
split_feature=0 0 6 2 1 1 0 8 0 8 0 1 1 3 0 8 1 0 8 2 8 8 2 8 2 8 8 8 8 8
split_gain=333.884 88.4006 60.2316 37.5156 39.6846 28.1065 24.7875 24.1181 20.1115 14.1997 11.0124 8.67116 6.85386 6.18058 9.39146 7.04209 6.75185 9.23114 4.73406 4.70307 15.75 8.68379 6.77737 4.4992 3.22617 3.1133 6.71644 2.67833 2.43475 2.13307
threshold=400.60436921296304 1397.0709780092595 0.0022290392584983459 2.5000000000000004 279.50000000000006 39.500000000000007 8.9460937500000011 -0.32702254282720306 171.14935763888892 -0.23863893236924633 1292.1540972222226 1.0000000180025095e-35 3.5000000000000004 0.99909747292418782 0.0021296296296296302 -0.31618295127277313 1.0000000180025095e-35 46.679612268518525 -0.40814210300142445 1.5000000000000002 1.1306764390794029 -0.073921777666113533 3.5000000000000004 -0.027799858695191502 1.5000000000000002 -0.036132866321819369 -0.055695427628336465 -0.16708457842597305 3.7733712206366348 -0.06560943739585319
decision_type=2 2 10 2 2 2 2 10 2 8 2 2 2 10 2 10 2 2 8 2 10 8 2 10 2 10 8 8 8 10
left_child=2 5 3 8 6 7 -5 11 12 -9 19 -2 13 14 -1 16 -16 18 -18 21 -21 -11 -22 -3 -17 26 29 -15 -8 -23
right_child=1 23 -4 4 -6 -7 28 9 -10 10 -12 -13 -14 27 15 24 17 -19 -20 20 22 25 -24 -25 -26 -27 -28 -29 -30 -31
leaf_value=0.0067318046909363716 -0.023683377968934934 -0.028361588023727468 0.029590892187067477 0.02379935442213451 -0.0071248677152462043 -0.023683377968934934 0.0079751675441779198 0.01443459783687364 -0.0035710806237679573 0.0033369935464326226 -0.015568119965617534 -0.0070849477614291509 -0.0035710806237679573 0.0067318046909363716 -0.0021661495015435211 0.0067318046909363716 -0.0035710806237679573 -0.0035710806237679573 0.0067318046909363716 -0.015568119965617534 -0.006701940078795314 -0.011047295934904234 0.0078736536635381944 -0.023683377968934934 -0.0031350546770499777 -0.0035710806237679573 -0.015568119965617534 0.013021677297277066 0.015818964013501451 -0.0035710806237679573
leaf_weight=588.35010754130781 55.255977351218462 308.16365626454353 89.899438499473035 166.74837699532509 23.036663679406047 55.074673371389508 268.95531308837235 32.623280640691519 250.07349813356996 216.16007139906287 68.791445299983025 40.471095856279135 40.026938969269395 68.125324375927448 384.80109046399593 117.47167447954416 35.005413763225079 18.197758745402098 88.711878389120102 76.394735120236874 59.27676647901535 33.707631081342697 46.891978397965431 132.41777040809393 27.633542312309146 75.773423437029123 57.540612397715449 109.28249161504209 45.435645125806332 34.09701731801033
leaf_count=4171 110 246 510 936 69 100 1877 65 1385 392 105 79 377 548 3883 1006 325 146 604 151 85 62 86 101 276 100 118 721 253 51
internal_value=-0.000646306 -0.0128382 0.00615452 0.00514647 0.0123079 -0.00712487 0.0145435 -0.00557118 0.00302711 -0.00357108 -0.00455021 -0.0193185 0.00437442 0.00474774 0.00397954 0.00153731 -0.000101362 0.00538047 0.0067318 -0.00357108 -0.00841153 -0.00357108 -0.00357108 -0.0236834 0.0067318 -0.00522368 -0.00869987 0.00994579 0.00933865 -0.00199874
internal_weight=3614.4 1292.64 2321.76 2231.86 504.176 852.059 481.139 796.984 1727.68 701.257 668.634 95.7271 1477.61 1437.58 1260.17 671.821 526.716 141.915 123.717 599.842 182.563 417.279 106.169 440.581 145.105 201.119 125.345 177.408 314.391 67.8046
internal_count=18938 1851 17087 16577 3135 1504 3066 1404 13442 1215 1150 189 12057 11680 10411 6240 4958 1075 929 1045 322 723 171 347 1282 331 231 1269 2130 113
is_linear=0
shrinkage=0.03


Tree=60
num_leaves=23
num_cat=0
split_feature=0 6 0 0 1 3 1 3 0 5 0 1 5 1 1 1 0 3 1 0 1 1
split_gain=306.502 72.5542 66.6065 40.449 27.5564 25.1921 19.6716 13.4812 8.08901 6.29234 4.23537 3.39093 7.17191 2.84341 2.58964 4.06408 8.55008 4.24054 2.86396 2.22825 1.50553 1.12875
threshold=562.04461805555559 0.0040405524537173087 1484.9627025462964 29.68961226851852 3.5000000000000004 0.5004770164787512 56.500000000000007 1.0000000180025095e-35 6.6527256944444462 3.6041666666666674 92.711105324074083 1.5000000000000002 1.0000000180025095e-35 5.5000000000000009 2.5000000000000004 2.5000000000000004 0.0013599537037037039 0.99909747292418782 4.5000000000000009 161.38208912037041 12.500000000000002 1.0000000180025095e-35
decision_type=2 10 2 2 2 10 2 10 2 10 2 2 10 2 2 2 2 10 2 2 2 2
left_child=1 3 21 5 -4 14 7 9 11 18 -11 -7 -13 -14 16 17 -1 -9 19 -5 -10 -2
right_child=2 -3 4 6 -6 8 -8 15 20 10 -12 12 13 -15 -16 -17 -18 -19 -20 -21 -22 -23
leaf_value=0.007285826356369391 -0.009587122671145169 0.031486330929235994 -0.027408235114866206 6.1397588242234256e-05 -0.0082335696477065304 0.011432109207022891 -0.0076178896201679188 6.1397588242234256e-05 0.0078950186538293901 6.1397588242234256e-05 -0.0076178896201679188 0.02785030662651022 0.0078950186538293901 0.018199015121658602 0.0078950186538293901 0.0078950186538293901 0.0015235721598178458 0.0066883132537979258 0.0078950186538293901 -0.0025338962838290027 0.014809471552462749 -0.0076178896201679188
leaf_weight=582.30240112729371 331.79154662974179 89.858530960977077 302.98014038056135 275.843590259552 93.427284516394138 61.303844023495913 51.260334920138121 27.417487766593695 66.751911982893944 18.136090967804193 47.688492393121123 79.986184566281736 28.717704173177481 40.138077445328236 92.144282290711999 234.42003370262682 348.94470359943807 87.755038317292929 14.968252643942831 307.64252341911197 29.859854009002447 365.92186341993511
leaf_count=4169 544 494 218 2665 68 405 185 198 567 164 318 381 194 196 712 1528 3129 548 86 1470 173 540
internal_value=-9.23791e-05 0.00573208 -0.0132877 0.00470234 -0.0230479 0.00818078 0.000340499 0.00155728 0.0156754 -0.000963833 -0.00761789 0.0189858 0.0216243 0.012996 0.00586899 0.00586899 0.00586899 0.00152357 6.13976e-05 6.13976e-05 0.00789502 -0.00761789
internal_weight=3579.26 2485.14 1094.12 2395.28 396.407 1330.15 1065.13 1013.87 306.758 664.279 65.8246 210.146 148.842 68.8558 1023.39 349.593 931.247 115.173 598.454 583.486 96.6118 697.713
internal_count=18952 17582 1370 17088 286 9926 7162 6977 1916 4703 482 1176 771 390 8010 2274 7298 746 4221 4135 740 1084
is_linear=0
shrinkage=0.03


Tree=61
num_leaves=31
num_cat=0
split_feature=0 0 6 1 1 1 0 8 0 0 8 8 8 1 5 0 8 8 0 8 8 8 8 8 8 8 1 1 8 1
split_gain=256.057 87.2275 49.0778 34.6676 35.6336 23.9668 23.5844 11.1074 8.65085 8.12951 7.76604 6.96928 7.97509 8.26385 17.6723 9.46476 24.0313 6.16379 6.3328 7.12198 6.09469 6.06911 5.87558 4.21003 4.00522 3.65242 2.98785 2.48463 2.44208 6.56933
threshold=237.19309606481485 1347.758697916667 0.0022290392584983459 123.00000000000001 394.50000000000006 2.5000000000000004 3.8507581018518522 -0.32702254282720306 593.89294560185192 171.14935763888892 -0.24247297771058599 -0.22027280004219904 -0.14129821556612357 3.5000000000000004 4.2250000000000005 896.2243287037038 -0.089272192474319043 -0.087786986019263713 30.303512731481486 -0.14534024114653069 1.4738358943994012 -0.03226654156120868 0.17628365289956047 -0.31618295127277313 -0.090867408602795879 8.4552367458671185 1.0000000180025095e-35 1.5000000000000002 -0.19889369214173561 1.0000000180025095e-35
decision_type=2 2 10 2 2 2 2 10 2 2 8 10 8 2 10 2 10 10 2 8 10 10 8 10 10 8 2 2 8 2
left_child=2 3 4 7 5 9 -7 8 26 17 -9 -12 -13 14 15 -14 -17 18 28 23 24 -18 -8 -20 -15 -22 -2 -21 -1 -30
right_child=1 -3 -4 -5 -6 6 22 10 -10 -11 11 12 13 20 -16 16 21 -19 19 27 25 -23 -24 -25 -26 -27 -28 -29 29 -31
leaf_value=0.00041934277687537665 -0.0096084145978299514 -0.020349501557079562 0.029285899804743314 -0.020349501557079562 -0.020349501557079562 0.022789292231886478 0.0041447557977797346 0.0098629709631129787 -0.019453141758520517 -0.0020272340759150279 -0.017669959362045018 0.0050405471232602929 -0.0020272340759150279 -0.0034366471872999929 -0.020349501557079562 -0.0020272340759150279 -0.019040985531153375 0.01626192294835559 -0.0020272340759150279 -0.0020272340759150279 0.014915429618842879 -0.0058640512925026891 0.011762149989089575 0.0056378497549112883 -0.020202883515080625 0.0029726185044598617 -0.0020272340759150279 0.0056378497549112883 0.0056378497549112883 0.01212086960689809
leaf_weight=75.740207433700562 48.512563042342663 453.86908226460218 78.893846655264497 48.610359800979495 20.585773203521967 128.76095793116838 195.61449579708278 42.038249017670751 57.886235024780035 74.817690633237362 22.121999736875296 113.93881917186081 279.58648867532611 23.08599716052413 31.338294077664614 51.370472684502602 119.86652916669846 37.258173318579793 24.257475893944502 205.02499908953905 71.954304615035653 49.908222362399101 180.77591463271528 87.497946698218584 32.728249341249466 37.137282900512218 29.147903626784682 9.4247172139585 830.00373822078109 143.21330610848963
leaf_count=657 169 406 482 80 55 737 1540 144 105 558 52 316 768 45 78 54 175 261 241 2096 173 62 1245 707 97 75 123 62 6464 964
internal_value=-3.26135e-05 -0.00941623 0.00676106 -0.00465785 0.00580788 0.0062654 0.0118885 -0.00329745 -0.0111339 0.00432203 -0.00202723 -0.00268253 -0.00216789 -0.0033738 -0.00518117 -0.00361991 -0.00861744 0.0048733 0.00450695 0.00084017 0.00243855 -0.015446 0.00790954 0.00563785 -0.0141207 -0.00202723 -0.00413141 -0.00202723 0.00563785 0.00603976
internal_weight=3604.97 1513.1 2091.87 1059.23 2012.98 1992.39 505.151 1010.62 135.547 1487.24 875.075 833.037 810.915 696.976 532.07 500.732 221.145 1412.42 1375.16 326.205 164.906 169.775 376.39 111.755 55.8142 109.092 77.6605 214.45 1048.96 973.217
internal_count=18991 2922 16069 2516 15587 15532 3522 2436 397 12010 2039 1895 1843 1527 1137 1059 291 11452 11191 3106 390 237 2785 948 142 248 292 2158 8085 7428
is_linear=0
shrinkage=0.03


Tree=62
num_leaves=31
num_cat=0
split_feature=7 2 2 8 8 8 8 5 2 8 8 6 5 3 8 8 2 2 8 8 8 8 8 5 3 8 8 5 2 8
split_gain=107.414 61.7609 85.8768 81.2527 26.0781 22.2116 25.7827 20.5592 22.455 19.1606 15.0913 12.8561 11.2794 11.9878 10.899 10.6009 9.99593 10.9329 7.91762 6.82054 13.6623 7.37756 10.2425 5.78305 6.99041 5.60484 6.7632 5.34867 4.00033 6.20594
threshold=1.0000000180025095e-35 1155.0000000000002 3.5000000000000004 -0.12012500544818673 -0.70710678118654724 -0.027799858695191502 4.0015567420314797 1.0000000180025095e-35 1.5000000000000002 3.4579942093215115 -0.20899173069157134 0.0040405524537173087 0.41250000000000003 0.32396546106223528 -0.05395565565866154 -0.24566234184904998 5.5000000000000009 104.00000000000001 1.0041841733655164 3.1851417882256152 0.99015368604283005 -0.23298089659185817 -0.34293946286267857 5.1916666666666673 0.2752525252525253 -0.06560943739585319 -0.061840684483087792 30.641666666666669 1.5000000000000002 8.4552367458671185
decision_type=2 2 2 10 10 10 10 10 2 10 10 10 10 10 10 10 2 2 10 10 10 10 10 10 10 10 10 10 2 10
left_child=1 2 3 7 -4 14 9 8 15 12 -10 16 -7 -14 25 -1 19 23 -15 20 21 22 -6 24 -18 -5 -27 -22 -8 -30
right_child=-2 -3 4 5 11 6 28 -9 10 -11 -12 -13 13 18 -16 -17 17 -19 -20 -21 27 -23 -24 -25 -26 26 -28 -29 29 -31
leaf_value=0.00014465317592283499 0.037693209352520761 -0.03246464335506296 0.02477439684643375 -0.012227550148907876 -0.0064321974745922064 0.0077722755696845525 -0.016997508599542924 -0.0075133524753016774 0.019284564260850078 0.030977671043560411 -0.0075133524753016774 0.026221539378249 -0.023100283046918628 0.0077722755696845525 -0.020243749505091401 0.006532039880290769 0.0077706548627279881 -0.012642752348715368 -0.011298120479088769 -0.010028126740872195 0.026221539378249 -0.0097020026334490393 0.022236001731174078 0.0077706548627279881 0.023059475985465549 0.0073783662252891709 -0.0092017831446436129 0.0026035346187361559 0.00080328135565080751 -0.013724001534836957
leaf_weight=1379.7528308480978 61.549626860767603 49.504609663039446 89.825580424629152 359.39888620004058 21.001302087679505 87.06554726138711 68.401128944009542 218.84868670627475 96.257427576929331 17.175088103860617 17.723358407616615 26.004802219569683 23.645166592672467 18.264903308823705 147.59290218539536 276.63475039787591 16.278855167329311 15.179398281499742 18.669113330543041 39.806605093181133 19.961586350575089 51.850907230749726 15.557054428383706 203.77415442839265 57.150667843408883 29.545751430094242 58.368177432566881 14.098514411598442 47.877627745270729 52.764570124447346
leaf_count=10145 258 93 516 984 186 299 145 1639 450 44 47 178 109 100 221 1243 33 50 118 100 93 203 87 967 241 51 105 90 136 93
internal_value=-6.733e-05 -0.000776511 -0.000281007 -0.00236618 0.0103123 -0.00966689 -0.00340454 0.00105822 0.002136 0.00497144 0.0147269 0.00738243 0.00103061 -0.00851249 -0.0131237 0.00122786 0.0060314 0.00929941 0.00246743 4.12369e-05 0.00357909 -0.00280172 0.0069748 0.0107037 0.0178287 -0.0105766 -0.0035324 0.0183802 -0.0114795 -0.00710214
internal_weight=3599.53 3537.98 3488.48 2917.99 570.489 928.769 333.863 1989.22 1770.37 164.82 113.981 480.664 147.645 60.5792 594.906 1656.39 454.659 292.383 36.934 162.276 122.469 88.4093 36.5584 277.204 73.4295 447.313 87.9139 34.0601 169.043 100.642
internal_count=19024 18766 18673 15929 2744 2405 1044 13524 11885 670 497 2228 626 327 1361 11388 2050 1291 218 759 659 476 273 1241 274 1140 156 183 374 229
is_linear=0
shrinkage=0.03


Tree=63
num_leaves=31
num_cat=0
split_feature=0 0 6 2 2 2 1 2 0 8 0 8 8 8 8 0 8 1 8 0 8 0 2 0 8 8 8 8 8 8
split_gain=301.825 104.389 43.4056 28.1986 26.202 42.7317 22.6048 11.7261 10.7801 8.69551 8.48261 16.7774 6.71349 4.774 4.14447 4.38354 3.38877 8.02488 2.88001 2.59701 1.66119 1.04813 0.848949 0.725259 0.551817 0.524181 0.345013 1.09888 1.227 0.288133
threshold=320.32387731481487 1347.758697916667 0.0022290392584983459 4.5000000000000009 5.5000000000000009 91.000000000000014 5.5000000000000009 2.5000000000000004 72.216475694444455 -0.027799858695191502 30.303512731481486 -0.28934063992376752 3.5826916815289569 -0.16363511832720443 -0.19889369214173561 136.27947337962965 0.3433756774523446 1.0000000180025095e-35 -0.31005061774748416 66.8498263888889 0.3433756774523446 237.19309606481485 1.5000000000000002 29.68961226851852 5.8775027652492442 1.582065973823646 -0.46540249995852678 -0.55430595281611306 -0.7716513920136453 -0.23557153253476068
decision_type=2 2 10 2 2 2 2 2 2 10 2 10 8 8 8 2 8 2 10 2 8 2 2 2 8 8 10 10 10 10
left_child=2 -2 4 9 6 8 7 10 20 -3 16 19 -8 18 15 -10 -1 -18 26 -12 23 -15 -19 -6 -13 -24 27 28 -9 -20
right_child=1 3 -4 -5 5 -7 12 13 14 -11 11 24 -14 21 -16 -17 17 22 29 -21 -22 -23 25 -25 -26 -27 -28 -29 -30 -31
leaf_value=0.00069888685744276383 -0.0055032189203507217 -0.029210251397070022 0.028028821086176162 -0.0055032189203507217 0.020589472558736322 -0.0055032189203507217 -0.0055032189203507217 0.0093366022733167523 0.012391748419403494 -0.015941599899196496 -0.00070134762467998824 0.0067468210327487526 0.013704153789819368 0.018439364593643651 0.01337878334339274 -0.0055032189203507217 0.0062624860053557682 0.010149245417659896 0.00052926128550346413 -0.0055032189203507217 0.027581596972310267 0.0044828207579003443 0.0054817274087133614 0.01337878334339274 0.00019202030618448613 0.017420241186850975 0.0034691888915624261 0.018096699853433523 -0.0032051018706854197 -0.0055032189203507217
leaf_weight=91.645314937457442 906.82905085198581 286.56116604059935 78.235180522315204 62.408069014549255 35.847308445721865 26.754383852705359 93.599855557084084 14.972669418901203 8.3214287124574202 77.549799174070358 126.23328412882984 279.58284990116954 14.947425605729221 86.394395270384848 38.81878150627017 10.431180208921431 830.86145943030715 105.94075074605644 6.3172697182744741 121.74453811720014 99.221594422124326 9.1345085669308883 9.7364946752786619 15.146825576201079 12.358425557613371 56.174878217279911 14.549053495749833 8.6000600662082416 7.7092064935714033 5.3452145718038064
leaf_count=782 1835 261 484 57 242 91 738 96 51 69 1208 2048 105 520 248 72 6447 740 56 1179 561 32 55 129 80 345 115 41 80 59
internal_value=-7.11099e-05 -0.0113179 0.0067288 -0.0234735 0.0058828 0.0152535 0.00468644 0.00552188 0.0203127 -0.0266385 0.00474877 0.00165131 -0.00550322 0.0133672 0.00829357 -0.00283344 0.00626249 0.00676499 0.00581985 -0.00404594 0.0245036 0.0173942 0.0128493 0.0165864 0.00626249 0.0161675 0.00904327 0.0108004 0.00526491 -0.00550322
internal_weight=3541.97 1333.35 2208.62 426.519 2130.39 234.542 1895.85 1787.3 207.787 364.111 1634.28 539.919 108.547 153.022 57.5714 18.7526 1094.36 1002.71 57.4935 247.978 150.216 95.5289 171.852 50.9941 291.941 65.9114 45.831 31.2819 22.6819 11.6625
internal_count=18826 2222 16604 387 16120 1394 14726 13883 1303 330 12884 4515 843 999 371 123 8369 7587 447 2387 932 552 1140 371 2128 400 332 217 176 115
is_linear=0
shrinkage=0.03


Tree=64
num_leaves=31
num_cat=0
split_feature=7 8 8 1 2 2 8 5 2 8 8 8 5 1 1 8 2 2 8 1 8 8 1 8 5 8 8 8 8 8
split_gain=106.271 77.5742 64.1329 60.6127 31.9472 30.316 21.9094 19.0091 29.0587 16.8776 15.6149 15.4388 10.6865 9.66088 10.9047 8.57111 8.55056 7.96887 7.69029 6.91016 9.83083 22.9878 17.6035 14.5885 10.5832 8.21762 6.94128 7.02801 6.12948 10.003
threshold=1.0000000180025095e-35 -0.14129821556612357 0.23002426793889155 251.50000000000003 6.5000000000000009 3.5000000000000004 -0.70710678118654724 1.0000000180025095e-35 1.5000000000000002 -0.05395565565866154 19.868193860798456 -0.26120239770959108 5404.1166666666677 1.5000000000000002 1.0000000180025095e-35 -0.027799858695191502 1.5000000000000002 2.5000000000000004 -0.36912183149666417 23.500000000000004 4.1721371262788347 3.4579942093215115 3.5000000000000004 6.9435779072769845 1.0500000000000003 9.0999842226063219 2.7044694707785459 0.76010615342734078 -0.22639738596760769 -0.32702254282720306
decision_type=2 10 10 2 2 2 10 10 2 10 10 10 10 2 2 10 2 2 10 2 10 10 2 10 10 10 10 10 10 10
left_child=1 5 9 4 10 7 -7 8 11 16 12 13 19 14 -1 -11 -3 -18 -16 20 21 24 25 -24 26 -22 27 -4 29 -8
right_child=-2 2 3 -5 -6 6 28 -9 -10 15 -12 -13 -14 -15 18 -17 17 -19 -20 -21 22 -23 23 -25 -26 -27 -28 -29 -30 -31
leaf_value=-0.00066098701655187774 0.037177306978087167 -0.0080616018713788266 -0.0043244940300646816 -0.029522921825413613 0.014282413010046508 0.023925542367459127 0.001524804653572268 -0.0075743948035911328 0.016716918888806626 -0.023365553059147528 -0.023034598043733631 0.0090025914272981976 -0.017794420422084154 -0.0075743948035911328 0.0094447396622894166 -0.00824215185182995 -0.028308633850476543 -0.0078476450931706018 -0.006159323062899783 -0.015204962252049955 -0.014330846943116269 0.035223758802516533 0.025474074079025397 -0.0026820712532224312 -0.0044691490549687313 0.0015032659122313696 -0.0044691490549687313 0.01864709415145175 -0.0052800490493026177 0.020483831920471575
leaf_weight=1125.1227923538536 60.896284504793584 496.72496207617223 12.832851326093076 50.954425213858485 161.74827260430902 88.069389136508107 69.770093934610486 196.73173545114696 110.19615258462727 153.44348813779652 22.534761801362038 189.2194699794054 22.459573397412896 33.922098221257329 165.48676489666104 52.341428410261869 36.339253777638078 38.377729428932071 30.505958316847682 16.029997928068042 79.080008000135422 18.26080172881484 25.54954387806356 34.317368723452091 80.506572667509317 44.088591158390045 19.618002591654658 56.520616262219846 35.762829039245844 34.872363805770874
leaf_count=8567 271 1411 37 109 743 524 483 1588 477 234 21 934 117 248 1098 143 83 96 150 64 191 71 72 77 453 67 54 246 132 160
internal_value=-0.000568463 -0.00127702 -0.0066655 0.000339128 0.00312791 0.00241389 0.012602 0.0011259 0.00218016 -0.012439 -0.00116613 0.00109223 0.000301466 -4.1416e-05 0.000486016 -0.0198057 -0.00963736 -0.0189504 0.00692319 0.00156587 0.0024836 0.00722039 -0.00243771 0.0103715 0.00328016 -0.00882544 0.0101569 0.0143916 0.00492086 0.00848894
internal_weight=3562.28 3501.39 1421.73 644.501 593.547 2079.66 228.475 1851.18 1654.45 777.227 431.799 1544.26 409.264 1355.04 1321.12 205.785 571.442 74.717 195.993 386.804 370.774 187.739 183.036 59.8669 169.478 123.169 88.9715 69.3535 140.405 104.642
internal_count=18921 18650 4289 2322 2213 14361 1299 13062 11474 1967 1470 10997 1449 10063 9815 377 1590 179 1248 1332 1268 861 407 149 790 258 337 283 775 643
is_linear=0
shrinkage=0.03


Tree=65
num_leaves=31
num_cat=0
split_feature=0 0 2 8 6 5 2 0 0 8 2 2 8 5 8 0 5 8 2 0 8 0 0 0 8 0 8 8 0 0
split_gain=252.442 64.8628 43.2508 30.011 27.5359 22.525 26.1168 34.9172 19.5083 17.0739 12.1285 10.2326 6.26718 5.47035 4.88642 12.8021 3.96973 4.14452 3.33857 3.70043 3.0038 2.82644 2.45057 2.09299 2.27498 1.97854 1.82804 1.92882 1.31978 1.26943
threshold=293.91310763888896 1397.0709780092595 5.5000000000000009 -0.027799858695191502 0.0088492125370341502 0.41250000000000003 1.5000000000000002 42.918703703703706 29.68961226851852 -1.0710377264579813 70.500000000000014 24.500000000000004 -0.33546687003424353 19.012500000000003 -0.53444969203625436 30.303512731481486 187.75000000000003 0.23002426793889155 1.0000000180025095e-35 1.0000000180025095e-35 4.5866911871889195 107.42982060185186 276.65916666666675 7.0339641203703716 -1.2197458291074501 2234.0129687500007 -0.14534024114653069 -0.13738082063161711 66.8498263888889 94.232656250000019
decision_type=2 2 2 10 10 10 2 2 2 10 2 2 8 10 10 2 10 10 2 2 8 2 2 2 10 2 10 10 2 2
left_child=2 9 4 25 5 6 14 -8 -4 -2 12 13 29 -11 15 18 -14 -18 19 -1 -5 -9 26 24 -20 -3 -16 -28 -17 -10
right_child=1 3 8 20 -6 -7 7 21 10 11 -12 -13 16 -15 22 28 17 -19 23 -21 -22 -23 -24 -25 -26 -27 27 -29 -30 -31
leaf_value=0.0061299352928774007 -0.017920618996120834 -0.021527112389251167 0.026116046217403321 -0.0022997675929364919 0.02764806674228986 -0.0027801074954663068 0.027510209277108937 0.0068726442148962638 0.0053146540792759602 -0.0027801074954663068 -0.003854880237145419 -0.0069693049918492303 0.022174214358500883 -0.0069693049918492303 0.011505290441879952 -9.0810106449880384e-05 -0.0027801074954663068 0.013133496079491073 0.013100393578339422 0.0018367611672122069 -0.011548095572108492 -0.0027801074954663068 -0.0027801074954663068 -9.0810106449880384e-05 0.0008670535097327687 -0.030164170097509931 -0.0027801074954663068 0.0070761946240833077 -0.0027801074954663068 -0.0027801074954663068
leaf_weight=570.69314852356911 80.964052634313703 189.18847827613354 137.13386033289135 66.91850907355547 44.19177779275924 291.54774207621813 102.39035193063319 22.716308688744903 14.198691772297027 722.06489486806095 14.156516926363109 48.797550598159432 46.404967477545142 106.35041261091828 143.72102205641568 105.33879006840289 7.3012195285409716 22.174856518395245 95.477944310754538 271.55743063613772 60.733437150716782 26.46519566886127 9.0048317462205869 16.172157395631075 16.693725733086467 91.471394538879395 8.3923055045306665 99.277635812759399 90.571332953870296 7.1603583935648194
leaf_count=4115 196 209 877 57 262 2441 517 138 121 1493 66 88 297 278 1115 1019 45 165 605 2403 45 135 53 160 119 44 79 819 944 45
internal_value=0.000627068 -0.00944677 0.00699915 -0.0193916 0.00543982 0.00484268 0.00625496 0.0179164 0.0186651 -0.00513027 0.00876484 -0.00385488 0.0131392 -0.00278011 0.00495799 0.00409654 0.0169586 0.00672243 0.00550446 0.00476474 -0.0069693 -0.00275232 0.00866717 0.00999812 0.0113945 -0.0248208 0.00923635 0.00583153 -0.00278011 -0.00107249
internal_weight=3529.23 1366.49 2162.74 408.312 1914.21 1870.02 1578.47 151.572 248.53 958.177 111.397 877.213 97.2401 828.415 1426.9 1166.5 75.881 29.4761 970.594 842.251 127.652 49.1815 260.396 128.344 112.172 280.66 251.391 107.67 195.91 21.3591
internal_count=18950 2410 16540 355 14924 14662 12221 790 1616 2055 739 1859 673 1771 11431 9365 507 210 7402 6518 102 273 2066 884 724 253 2013 898 1963 166
is_linear=0
shrinkage=0.03


Tree=66
num_leaves=31
num_cat=0
split_feature=0 6 0 2 8 2 2 5 2 0 0 0 0 8 2 5 2 2 8 8 0 8 8 2 2 0 8 8 8 0
split_gain=256.236 72.2601 69.6415 27.1344 28.7634 24.4594 39.7438 20.3513 45.0259 11.1215 10.7791 9.7174 7.87799 10.8799 10.2381 6.21264 26.4836 5.02167 4.53472 4.27687 2.80307 2.23926 1.79337 2.78853 3.39902 1.53072 1.10387 0.216776 11.8013 0.071067
threshold=1347.758697916667 0.0022290392584983459 320.32387731481487 22.500000000000004 11.576149430677996 524.50000000000011 6.5000000000000009 0.41250000000000003 1.5000000000000002 4.8333912037037043 29.68961226851852 2234.0129687500007 1.0000000180025095e-35 -0.29507168271271794 1.0000000180025095e-35 2.4083333333333337 3.5000000000000004 63.500000000000007 -0.99742487558355464 3.345175471563715 107.42982060185186 13.113039290425727 0.66196691283462195 17.500000000000004 8.5000000000000018 430.42539351851855 3.7733712206366348 -0.13606990972723812 -0.11899143375444515 844.38105902777795
decision_type=2 10 2 2 8 2 2 10 2 2 2 2 2 10 2 10 2 2 10 10 2 10 8 2 2 2 10 10 8 2
left_child=1 2 5 4 15 6 7 8 12 -10 -8 -2 -1 14 -14 -4 19 22 -16 29 -11 25 23 24 -12 -6 -9 -15 -29 -17
right_child=11 -3 3 -5 21 -7 10 26 9 20 17 -13 13 27 18 16 -18 -19 -20 -21 -22 -23 -24 -25 -26 -27 -28 28 -30 -31
leaf_value=0.0071371193546500879 -0.020722722958294561 0.030216653448870975 -0.00075700857589989417 -0.020722722958294561 -0.0095934501118616535 -0.020722722958294561 0.025432595051587639 -0.00075700857589989417 0.029955048475169214 0.016279599674636054 -0.00075700857589989417 -0.029690425046649826 -0.00075700857589989417 0.0071371193546500879 0.0071371193546500879 -0.012816964537363281 -0.00075700857589989417 -0.0078736012553046429 -0.00075700857589989417 -0.0049930322938637854 0.0038392419348342957 -0.0081711795231432603 0.017204149786307285 -0.00075700857589989417 0.017435059002784185 -0.020722722958294561 0.0038392419348342957 -0.011990627668302724 0.0071371193546500879 -0.020722722958294561
leaf_weight=566.97132161259651 314.56791950762272 83.557921113446355 601.66352228447795 39.679483273997903 24.97849402949214 13.585050303488968 103.73711726255715 295.143633922562 70.501966880634427 56.684253862127662 8.7977760322392005 130.44959878921509 434.76232171058655 127.56996523216367 133.28791610337794 34.875521071255207 84.124252228066325 8.9358520042151195 41.646066319197416 20.347959168255329 27.337045758962631 34.136266881600022 37.695891203358769 10.423907607793806 19.160477289929986 57.299206217750907 19.289499685168266 26.33031402900815 90.413070453330874 28.583475545048714
leaf_count=4055 354 504 1140 80 71 46 619 2550 330 370 77 61 4175 949 940 121 199 33 404 39 140 54 234 58 107 113 136 212 653 44
internal_value=0.000434712 0.00349893 0.00271044 -0.00412579 -0.00290298 0.00573763 0.00604125 0.00470017 0.00612021 0.0212509 0.0190015 -0.0207227 0.0044061 0.002562 0.000384706 -0.000757009 -0.00644467 0.0101772 0.00670478 -0.0189619 0.012675 -0.0164743 0.0126522 0.00671399 0.0114783 -0.0192537 -0.000757009 0.00713712 0.00494137 -0.0207227
internal_weight=3546.54 3101.52 3017.96 925.688 886.009 2092.27 2078.69 1889.94 1575.5 154.523 188.751 445.018 1420.98 854.01 609.696 769.595 167.931 85.0139 174.934 83.807 84.0213 116.414 76.0781 38.3822 27.9583 82.2777 314.433 244.313 116.743 63.459
internal_count=18868 18453 17949 1861 1781 16088 16042 14914 12228 840 1128 415 11388 7333 5519 1543 403 509 1344 204 510 238 476 242 184 184 2686 1814 865 165
is_linear=0
shrinkage=0.03


Tree=67
num_leaves=31
num_cat=0
split_feature=7 1 2 8 8 5 2 8 8 1 8 1 2 8 3 8 8 1 1 2 8 8 5 1 8 8 8 2 8 2
split_gain=96.5233 71.1316 61.7333 64.6325 24.7331 15.2818 14.227 13.1486 32.1795 17.4085 19.5585 21.6353 13.3639 10.1951 12.3346 9.80633 9.45673 7.67133 6.89511 6.60839 9.27509 6.60386 6.38526 6.05083 6.55849 6.02946 7.08788 16.1378 6.54634 6.12398
threshold=1.0000000180025095e-35 516.00000000000011 3.5000000000000004 -0.12656766823670626 -0.74066514929210181 1.0000000180025095e-35 1.5000000000000002 -0.027799858695191502 -0.05395565565866154 9.5000000000000018 4.3865985131140901 3.5000000000000004 1.5000000000000002 3.4579942093215115 0.66730279898218836 7.7812465438342988 -0.29507168271271794 1.5000000000000002 219.50000000000003 5.5000000000000009 7.2234608325877323 13.113039290425727 3.6041666666666674 1.0000000180025095e-35 -0.17975514403864087 0.66196691283462195 -0.22639738596760769 7.5000000000000009 0.10947385941339509 6.5000000000000009
decision_type=2 2 2 10 10 10 2 10 10 2 10 2 2 10 8 10 10 2 2 2 10 10 8 2 8 10 10 2 10 2
left_child=1 2 3 5 -4 6 17 8 12 10 13 15 -5 14 -9 -12 -8 23 19 20 22 -17 -6 24 -1 26 -21 -28 -29 -27
right_child=-2 -3 4 7 18 -7 16 9 -10 -11 11 -13 -14 -15 -16 21 -18 -19 -20 25 -22 -23 -24 -25 -26 29 27 28 -30 -31
leaf_value=0.009484876772891759 0.037527623025757649 -0.032784269503706047 0.024707380379581652 -0.0050707486816109265 0.02037282678336081 -0.0060077585740507091 0.017377719850024832 -0.0035215832176979569 -0.02246658978444916 -0.026569576933033853 -0.022712083932176188 0.011871660288048863 -0.022700768510817242 0.025106936264290877 0.014725944524964583 0.0027895668929306524 -0.0032589017606760354 -0.0060077585740507091 -0.011771430726979153 0.011387987584101594 -0.015124560303412513 -0.014148305402272536 0.0023517033540911927 0.0065237421382668007 0.00077352401965301504 -0.00073088468108976716 0.018991556207928573 -0.019134014565244467 0.0028558312312072496 0.015971527012600305
leaf_weight=78.144536089152098 56.056223478168249 55.437030982226133 75.762223979458213 460.15534323640168 15.986791661009191 209.8198341820389 83.216478370130062 86.692763476632535 148.48113845288754 21.199599985033274 55.534053530544043 34.234697446227074 38.041781697422266 17.875558905303478 47.768145618960261 38.109951492398977 24.011289518326521 40.031970238313079 13.493755321949719 65.021096391603351 19.019075039774179 37.072793237864971 125.05277924239635 234.58137644827366 1229.2725523598492 22.397135015577078 17.610392926260829 28.977856982499361 17.188559962436557 139.30111640784889
leaf_count=394 262 117 461 1221 64 1631 401 398 223 96 155 73 85 66 146 73 97 282 38 396 33 43 707 1510 8917 99 68 79 109 637
internal_value=0.000133915 -0.0005215 4.78914e-05 -0.00169884 0.00931071 0.00153739 0.00248952 -0.00791348 -0.01041 -0.00306181 -0.0011033 -0.00814394 -0.00662915 0.0065369 0.00325652 -0.0136303 0.0128173 0.00175134 0.00656042 0.00723262 0.0022424 -0.00592398 0.00502197 0.00213725 0.00132835 0.00989767 0.00478363 -0.00228797 -0.0114678 0.0137055
internal_weight=3535.55 3479.49 3424.05 2884.24 539.811 1899.08 1689.26 985.166 646.678 338.488 317.288 164.951 498.197 152.336 134.461 130.717 107.228 1582.03 464.049 450.555 160.059 75.1827 141.04 1542 1307.42 290.496 128.798 63.7768 46.1664 161.698
internal_count=18881 18619 18502 15811 2691 13232 11601 2579 1529 1050 954 344 1306 610 544 271 498 11103 2230 2192 804 116 771 10821 9311 1388 652 256 188 736
is_linear=0
shrinkage=0.03


Tree=68
num_leaves=31
num_cat=0
split_feature=0 1 6 2 1 0 0 8 2 8 8 8 1 8 8 0 3 8 8 8 8 0 3 0 2 0 8 8 0 8
split_gain=224.342 66.7852 62.8186 39.6404 35.7202 24.2591 17.0214 13.4428 12.4154 8.89641 7.24128 12.0832 9.58202 14.4615 9.25329 7.84226 9.39651 7.10531 8.90967 10.6475 8.4821 7.00054 6.93425 6.84953 8.35432 6.81578 6.0218 18.5774 5.13808 4.49519
threshold=1292.1540972222226 267.50000000000006 0.0040405524537173087 3.5000000000000004 6.5000000000000009 99.401666666666685 164.88806712962966 19.868193860798456 21.500000000000004 -0.027799858695191502 -0.17579025046572266 9.0999842226063219 1.5000000000000002 -0.077894202850768146 5.8775027652492442 940.72428240740749 0.66546329723225039 -0.070506521604648459 2.7044694707785459 -0.03226654156120868 -0.042572471411883264 1588.6313946759262 0.32396546106223528 6.2178761574074084 8.5000000000000018 940.72428240740749 -0.098112905730255662 -0.12798340198523966 1.0000000180025095e-35 3.5826916815289569
decision_type=2 2 10 2 2 2 2 8 2 10 10 10 2 10 10 2 10 10 10 10 10 2 10 2 2 2 10 10 2 8
left_child=1 2 3 4 6 23 10 11 -7 21 28 12 13 26 15 16 29 -15 19 20 -19 -2 -6 -5 -25 -9 27 -8 -1 -14
right_child=9 -3 -4 5 22 8 7 25 -10 -11 -12 -13 14 17 -16 -17 -18 18 -20 -21 -22 -23 -24 24 -26 -27 -28 -29 -30 -31
leaf_value=0.0064420561073047196 -0.01935203085524206 -0.01935203085524206 0.029608853546831966 0.025051513004937208 -0.01935203085524206 0.0060945102506008543 0.0035874758331801639 -0.0059558033272470341 -0.017315112726056132 -0.01935203085524206 0.010653514927563853 0.010653514927563853 -0.0063731317861359339 -0.015640352056917321 0.010653514927563853 -0.01935203085524206 0.0035874758331801639 0.00056722628725398101 -0.016762560962278308 0.010653514927563853 -0.017617741994638572 -0.028201858917134819 -0.0020865660741522392 0.0061372727245284139 0.020398875742575501 -0.01935203085524206 0.010653514927563853 -0.010257828889564608 0.0035874758331801639 -0.01935203085524206
leaf_weight=570.38746206462383 99.309710167348385 60.749506421387196 78.875786132179201 83.395145135000348 39.287703920155764 167.9029124956578 152.76762856543064 91.363244378939271 18.248481012880802 121.33335046470165 141.14341118186712 39.727453421801329 71.733539942651987 38.089329203590751 19.287383858114481 31.009057119488716 28.923652250319719 116.67338038980961 26.289538908749819 25.014419868588448 23.690724169835448 225.4953253492713 22.286494834348559 80.794123671017587 74.439561808481812 20.666888117790222 83.788430493324995 82.945972040295601 826.56734256632626 12.481024090200661
leaf_count=4127 165 139 503 524 215 689 553 374 53 124 1122 76 304 109 40 50 89 262 54 46 43 170 160 679 444 38 212 289 7313 21
internal_value=0.000387096 0.00332201 0.0040032 0.00325414 0.00178384 0.0116633 0.00237999 -0.000985064 0.00340677 -0.019352 0.00426831 0.000482962 -0.000531711 0.00137641 -0.00679487 -0.00943276 -0.00521655 -0.00461365 -0.00208044 0.000676949 -0.00300246 -0.0248251 -0.019352 0.017902 0.0133993 -0.0104441 0.00358748 0.00303101 0.00358748 -0.0104892
internal_weight=3474.67 3028.53 2967.78 2888.9 2464.12 424.78 2402.55 864.452 186.151 446.138 1538.1 752.422 712.694 549.259 163.435 144.147 113.138 229.757 191.668 165.379 140.364 324.805 61.5742 238.629 155.234 112.03 319.502 235.714 1396.95 84.2146
internal_count=18987 18528 18389 17886 15497 2389 15122 2560 742 459 12562 2148 2072 1568 504 464 414 514 405 351 305 335 375 1647 1123 412 1054 842 11440 325
is_linear=0
shrinkage=0.03


Tree=69
num_leaves=31
num_cat=0
split_feature=0 0 2 1 7 8 8 1 8 0 8 0 8 8 1 5 2 5 8 8 1 0 8 5 0 1 8 0 5 1
split_gain=213.365 48.9303 31.5346 40.2787 23.5253 23.3735 16.816 15.2439 13.5086 17.2108 14.5139 9.21432 7.5583 7.1763 6.03621 25.5457 14.7449 4.74871 4.19956 5.82202 3.22318 2.89269 1.63708 2.91141 1.59255 1.05333 1.07918 1.01117 0.929649 0.831005
threshold=293.91310763888896 1484.9627025462964 5.5000000000000009 343.50000000000006 1.0000000180025095e-35 -0.039088848192108873 -0.31883986381802182 9.5000000000000018 -0.027799858695191502 36.456001157407414 -0.12656766823670626 29.68961226851852 -0.094211819394037541 0.10947385941339509 1.0000000180025095e-35 1.0000000180025095e-35 1.5000000000000002 589.15416666666681 -0.12238069868960837 -0.096126352407304785 6.5000000000000009 242.05051504629634 -0.41335543583102713 770.17500000000007 66.8498263888889 1.5000000000000002 -0.28934063992376752 43.834936342592599 14.545833333333336 1.0000000180025095e-35
decision_type=2 2 2 2 2 10 10 2 10 2 8 2 8 8 2 10 2 10 8 8 2 2 10 8 2 2 10 2 10 2
left_child=2 6 4 11 7 12 -2 8 9 14 22 -4 -3 17 -1 16 25 28 -12 29 21 -10 23 -11 -21 26 -16 -22 -13 -20
right_child=1 5 3 -5 -6 -7 -8 -9 20 10 18 13 -14 -15 15 -17 -18 -19 19 24 27 -23 -24 -25 -26 -27 -28 -29 -30 -31
leaf_value=0.0042416464758535371 -0.01673492338225601 -0.01673492338225601 0.025526969973746011 -0.005972976889247074 0.029318718850722132 -0.0087309535305465941 -0.005972976889247074 -0.005972976889247074 0.016208388697166985 0.0042416464758535371 -0.01673492338225601 0.013837780437018674 -0.028858153927340348 0.018447136725966033 0.0116879661467359 0.0041244889621255424 0.026269296190125458 -0.005972976889247074 0.0042416464758535371 -0.00075513017759870475 0.0058058648078992666 -0.0011624885235977853 0.0041244889621255424 -0.005972976889247074 -0.005972976889247074 0.005591516879337486 0.005591516879337486 -0.005972976889247074 0.0026085411109268469 -0.0047757836856948998
leaf_weight=863.52388392388821 127.2127631995827 59.91566913574934 123.79568046983331 18.703978002071381 28.832595101557672 134.12729073315859 860.29013031348586 41.051481588743627 112.54170508962125 14.393835002556441 9.8871520496904832 13.334986425936224 155.4490754082799 62.077339549548924 133.26506090350449 113.02298927679658 75.348193407990038 13.498642209917305 30.494803417474031 67.084296450018883 6.8100512977689487 8.6160252764821035 202.9255982991308 15.059601472690703 119.91580069810152 15.436754953116177 7.3120704591274253 6.3263728134334087 14.921100620180367 6.2392377108335486
leaf_count=6734 333 50 831 63 166 103 1829 306 744 114 57 82 133 416 927 1015 400 96 294 722 51 46 1636 186 1109 142 71 56 113 41
internal_value=-7.36596e-05 -0.00944237 0.00583083 0.0158282 0.00448101 -0.0190228 -0.00597298 0.00401574 0.00450072 0.00374042 -0.00114868 0.0199134 -0.0250889 0.0123553 0.00562355 0.00897831 0.0156334 0.00229433 -0.00597298 -0.00512828 0.013503 0.014976 0.00412449 -0.00260106 -0.00597298 0.00984052 0.0108407 -0.000465578 0.00919172 0.00559152
internal_weight=3461.41 1336.99 2124.42 246.332 1878.09 349.492 987.503 1849.25 1808.2 1673.91 466 227.628 215.365 103.832 1207.91 344.385 231.362 41.7547 233.621 223.734 134.294 121.158 232.379 29.4534 187 156.014 140.577 13.1364 28.2561 36.734
internal_count=18866 2448 16418 1601 14817 286 2162 14651 14345 13448 4159 1538 183 707 9289 2555 1540 291 2223 2166 897 790 1936 300 1831 1140 998 107 195 335
is_linear=0
shrinkage=0.03


Tree=70
num_leaves=28
num_cat=0
split_feature=0 6 0 2 1 5 2 1 0 7 0 1 1 0 0 0 0 2 3 1 1 1 1 5 2 5 2
split_gain=229.874 53.9304 36.1712 28.1864 38.5558 22.9611 32.996 21.9344 19.3076 12.0657 11.6784 8.67257 7.27629 9.59776 5.92335 4.23962 4.14293 3.21269 7.56864 2.21386 2.15262 1.81877 0.918738 0.854284 0.543565 2.68444 0.52168
threshold=562.04461805555559 0.0040405524537173087 1484.9627025462964 5.5000000000000009 56.500000000000007 1.0000000180025095e-35 1.5000000000000002 3.5000000000000004 107.42982060185186 1.0000000180025095e-35 1.0000000180025095e-35 5.5000000000000009 1.0000000180025095e-35 139.8040104166667 29.68961226851852 11.071365740740744 4.8333912037037043 2.5000000000000004 0.99909747292418782 1.5000000000000002 1.0000000180025095e-35 1.0000000180025095e-35 2.5000000000000004 3007.9916666666672 8.5000000000000018 5.8458333333333341 24.500000000000004
decision_type=2 10 2 2 2 10 2 2 2 2 2 2 2 2 2 2 2 2 10 2 2 2 2 10 2 10 2
left_child=1 3 20 5 15 6 9 21 16 10 -1 17 -12 19 -6 -5 -8 18 -7 -14 -2 -4 -10 24 25 -17 -26
right_child=2 -3 7 4 14 11 8 -9 22 -11 12 -13 13 -15 -16 23 -18 -19 -20 -21 -22 -23 -24 -25 26 -27 -28
leaf_value=0.0059167351041950486 -0.010517193795840471 0.0286680242457092 -0.025511723310761791 0.02595997962736335 0.0083862004688182654 -0.0078878309667175517 0.028414978784909263 -0.0078878309667175517 -0.000743806640767433 0.0286680242457092 -0.000743806640767433 -0.0078878309667175517 0.0059167351041950486 -0.000743806640767433 -0.0078878309667175517 0.020454853463349 0.01446459295649229 -0.000743806640767433 -0.000743806640767433 -0.000743806640767433 -0.0078878309667175517 -0.016915119841933696 0.004979377931244945 0.005446951180198981 0.019897281967066017 0.005446951180198981 0.0079289638778172397
leaf_weight=571.71164574101567 320.22309877537191 76.913013533689082 212.06858488917351 69.153577909804881 16.365233537741005 91.505523085594177 63.855018278583884 78.928215965628624 21.175782989710569 9.8973032832145673 731.30572130531073 109.89030165970325 190.76670865528286 61.803121119737625 38.097446458414197 11.652359216473995 54.83105628285557 101.40928504150361 35.388483805581927 28.435200117528439 335.93035108223557 76.201618023216724 20.328492978587747 14.530197126790879 56.397902764379978 29.4154067710042 13.477156376466153
leaf_count=4135 547 511 181 424 85 829 305 68 84 16 5905 817 1388 361 158 71 353 734 239 255 530 51 87 94 358 251 56
internal_value=-0.000321691 0.00472213 -0.0122059 0.00387611 0.0133184 0.00272293 0.00410251 -0.0197122 0.0168736 0.00277025 0.00250905 -0.00438808 0.00056491 0.00464125 -0.00788783 0.0194577 0.0228154 -0.000743807 -0.00543107 0.00591674 -0.00788783 -0.0235664 -0.000743807 0.0150165 0.0159809 0.0105217 0.0182725
internal_weight=3441.66 2418.31 1023.35 2341.39 249.089 2092.3 1754.11 367.198 160.19 1593.92 1584.02 338.194 1012.31 281.005 54.4627 194.627 118.686 228.303 126.894 219.202 656.153 288.27 41.5043 125.473 110.943 41.0678 69.8751
internal_count=18893 17516 1377 17005 1497 15508 12889 300 829 12060 12044 2619 7909 2004 243 1254 658 1802 1068 1643 1077 232 171 830 736 322 414
is_linear=0
shrinkage=0.03


Tree=71
num_leaves=31
num_cat=0
split_feature=0 1 2 6 5 0 0 2 0 0 1 3 6 3 0 1 2 0 2 1 5 2 0 2 1 1 1 1 0 1
split_gain=201.35 70.0017 61.0145 35.2987 41.6649 22.1301 20.7486 14.774 15.4205 12.8609 10.6809 7.37405 6.63194 5.21866 4.0049 6.92319 3.70463 13.4116 16.5617 7.52657 7.06631 4.74752 7.72094 3.84159 6.96099 4.95601 5.82075 3.55648 2.63676 2.40807
threshold=1347.758697916667 223.00000000000003 3.5000000000000004 0.090097402597402607 1.0000000180025095e-35 161.38208912037041 6.2178761574074084 1.5000000000000002 5.6969097222222231 1048.9506712962964 3.5000000000000004 0.32396546106223528 0.0040405524537173087 0.66546329723225039 1.0000000180025095e-35 1.0000000180025095e-35 8.5000000000000018 149.05817129629634 21.500000000000004 5.5000000000000009 158.95833333333337 6.5000000000000009 791.48482060185199 5.5000000000000009 6.5000000000000009 9.5000000000000018 14.500000000000002 1.0000000180025095e-35 1292.1540972222226 1.5000000000000002
decision_type=2 2 2 10 10 2 2 2 2 2 2 10 10 10 2 2 2 2 2 2 10 2 2 2 2 2 2 2 2 2
left_child=1 2 3 4 5 7 -4 14 -9 10 -6 -12 16 -10 -1 -16 19 -18 -19 -8 21 23 -23 24 -21 -26 -27 -2 -7 -17
right_child=27 -3 6 -5 9 28 12 8 13 -11 11 -13 -14 -15 15 29 17 18 -20 20 -22 22 -24 -25 25 26 -28 -29 -30 -31
leaf_value=0.0055178807382146563 -0.02463157542732923 -0.019925888268501821 0.025762137143182155 0.027059924189113189 -0.0019106011967287677 -0.0016967051613193517 0.0152847052031503 0.027015134622486715 -0.0016967051613193517 -0.019925888268501821 -0.019925888268501821 -0.0063285343555196686 0.023793052939322171 0.01308807009400937 8.0554462935061977e-05 0.0055178807382146563 0.020064975714491836 0.011599095000541794 -0.019925888268501821 -0.0058806045492208322 -0.0058806045492208322 0.012278482426396767 -0.0058806045492208322 0.020195629139003447 0.020240338130791173 -0.0058806045492208322 0.014470796411564478 -0.019925888268501821 -0.0097267125617429995 -0.0016967051613193517
leaf_weight=563.86339017003775 229.20140270888805 66.819580225273967 90.612643587402999 41.823386715725064 160.58132507652044 782.33891081996262 49.520868554711342 46.975297642871737 27.693042874336243 25.560939460992813 50.84114945679903 67.187618458643556 24.292376790195704 23.176556738093495 492.03685528039932 192.5737761054188 75.264657600782812 36.018882367759943 16.257629673928022 10.100577373057602 56.880257057026029 17.281376644037667 10.505067452788351 21.501439353451133 20.124647947028279 11.124746648594739 10.776223795488475 180.71584246307611 32.026065826416016 29.7837745975703
leaf_count=4112 235 157 616 209 1214 2295 283 234 159 41 324 500 210 160 4734 1440 477 146 39 65 390 123 11 115 94 60 52 173 51 274
internal_value=-0.000315632 0.00234518 0.00306978 0.00125211 0.000766174 0.00221671 0.0131831 0.0045304 0.0154966 -0.00954669 -0.00707097 -0.0137288 0.009704 0.00339406 0.00363387 0.00211883 0.00834889 0.012363 0.000490634 0.00565273 0.00226371 0.00689331 -0.00325756 0.0106877 0.00534143 0.0111453 0.000579367 -0.0199259 -0.00169671 0.00551788
internal_weight=3463.46 3053.54 2986.72 2536.46 2494.64 2190.47 450.261 1376.1 97.8449 304.171 278.61 118.029 359.649 50.8696 1278.26 714.394 335.356 127.541 52.2765 207.815 158.294 101.414 27.7864 73.6276 52.1262 42.0256 21.901 409.917 814.365 222.358
internal_count=18993 18585 18428 15747 15538 13459 2681 11113 553 2079 2038 824 2065 319 10560 6448 1855 662 185 1193 910 520 134 386 271 206 112 408 2346 1714
is_linear=0
shrinkage=0.03


Tree=72
num_leaves=22
num_cat=0
split_feature=0 6 1 0 2 2 1 0 1 2 0 2 1 3 0 2 0 0 1 0 1
split_gain=186.007 72.9486 59.4724 45.7854 30.8782 15.123 13.1845 8.30177 7.46953 6.29911 14.59 5.00494 2.97551 2.82815 5.21737 2.62804 1.97003 1.15828 0.870806 0.709478 0.450621
threshold=1397.0709780092595 0.0040405524537173087 223.00000000000003 237.19309606481485 8.5000000000000018 3.5000000000000004 6.5000000000000009 78.695920138888908 41.500000000000007 1.0000000180025095e-35 3.8507581018518522 2.5000000000000004 3.5000000000000004 0.99909747292418782 624.39576388888906 70.500000000000014 1238.2568344907411 276.65916666666675 1.5000000000000002 1758.9303414351855 3.5000000000000004
decision_type=2 10 2 2 2 2 2 2 2 2 2 2 2 10 2 2 2 2 2 2 2
left_child=1 2 3 4 9 6 13 15 -7 -1 11 20 19 16 -15 -6 17 -5 -12 -2 -11
right_child=12 -3 -4 5 7 8 -8 -9 -10 10 18 -13 -14 14 -16 -17 -18 -19 -20 -21 -22
leaf_value=0.0025467087371170731 -0.018318116170304408 0.03045245226247556 -0.019879755980474968 0.0012454544035810429 0.024266946092217356 0.0039504539562756737 -0.019879755980474968 0.0039504539562756737 -0.012744418717139083 0.0095923938795442962 0.0072389845599488195 0.019569405353674758 -0.019879755980474968 0.0025467087371170731 -0.0042577525479154969 0.0044186668404938238 -0.0090316741661725826 -0.0042577525479154969 0.0039504539562756737 -0.025692045804808904 0.0039504539562756737
leaf_weight=1122.8273703530431 85.675068631768227 75.907470545731485 63.654080297797918 40.51961912214756 91.457549165934324 133.21453265286982 26.654254605993629 18.818313665688038 21.39297504350543 155.68399063684046 111.42531169950962 63.395276286639273 86.51210068911314 34.919178862124681 47.088178083300591 9.0791401229798776 76.774495899677277 644.87055932544172 349.21321826800704 203.60979306697845 8.7352781090885383
leaf_count=9340 126 506 146 222 605 333 100 152 56 1090 920 416 84 107 58 43 123 1435 2961 140 65
internal_value=-9.26393e-05 0.00233762 0.00158172 0.00223901 0.00495558 -0.00287484 -0.00444225 0.0194369 0.00395045 0.00395045 0.00620501 0.0124285 -0.0198798 -0.00369033 0.00152484 0.0227688 -0.00425775 -0.00425775 0.00395045 -0.0238565 0.00917882
internal_weight=3471.43 3095.63 3019.72 2956.07 1930.64 1025.43 870.826 119.355 154.608 1811.28 688.453 227.815 375.797 844.172 82.0074 100.537 762.165 685.39 460.639 289.285 164.419
internal_count=19028 18678 18172 18026 15592 2434 2045 800 389 14792 5452 1571 350 1945 165 648 1780 1657 3881 266 1155
is_linear=0
shrinkage=0.03


Tree=73
num_leaves=31
num_cat=0
split_feature=7 1 8 8 3 3 8 5 1 8 1 8 8 8 1 1 8 6 1 1 8 5 8 8 8 8 8 8 8 8
split_gain=90.8107 61.8542 36.5806 41.5209 20.8194 18.3652 24.7463 17.6983 12.7161 11.6224 11.0518 9.85007 11.3273 9.55468 8.12707 8.10315 7.77056 7.61074 6.70341 6.47476 6.20652 5.8329 4.17054 7.58691 5.66205 7.20823 4.12024 3.7877 21.9042 6.03962
threshold=1.0000000180025095e-35 397.50000000000006 0.17628365289956047 -0.077894202850768146 0.14835164835164838 0.16025641025641027 2.7044694707785459 1.0000000180025095e-35 6.5000000000000009 -0.12656766823670626 16.500000000000004 -0.079587637321171648 -0.22354118250387747 6.9435779072769845 15.500000000000002 28.500000000000004 1.1926614701735352 0.53571428571428581 6.5000000000000009 2.5000000000000004 -0.28934063992376752 377.52083333333343 -0.10306521699421792 -0.094211819394037541 -0.10976661887118579 -0.11411794551316443 -0.11783250591323975 -0.061840684483087792 -0.067404673961580883 -0.03226654156120868
decision_type=2 2 8 10 8 10 10 10 2 10 2 10 10 10 2 2 8 8 2 2 10 8 8 10 10 8 10 10 10 10
left_child=1 2 3 4 9 13 7 19 -9 18 -8 12 14 16 17 -10 -4 -6 -1 -7 -19 -12 24 -24 25 26 -14 28 -5 -29
right_child=-2 -3 5 27 11 6 10 8 15 -11 21 -13 22 -15 -16 -17 -18 20 -20 -21 -22 -23 23 -25 -26 -27 -28 29 -30 -31
leaf_value=-0.0024384193600102554 0.037605619636884864 -0.030972804005763684 -0.013627297096527373 -0.016939977399152453 0.00047037160919049143 0.012103777193811905 0.00029568787560947332 0.00029568787560947332 0.017755087940084856 -0.022686515217438596 0.024211852623888995 0.020752717726609235 -0.0024384193600102554 -0.013169032348197954 0.015779433628092851 0.0015601450498462027 0.00029568787560947332 0.00047037160919049143 -0.015574390015066995 0.024464474399799804 0.020318988174502228 0.0008357899385353346 0.013070265747064193 -0.0021884455548008669 -0.015757974889143111 0.011946293407249094 -0.016704649939749818 -0.01789963349238255 0.0086033927302714506 -0.0059223090080972362
leaf_weight=153.47707931511104 50.612332230433822 56.029308317229152 32.66078644245863 80.849360791966319 224.30467178020626 109.51181606203318 166.71102154441178 62.71036717761308 63.283762685954571 40.278724052011967 23.095501095056534 17.459969542920589 272.33056761324406 42.43361309543252 47.667668965645134 45.77825774718076 1286.6896958407015 12.522155869752167 41.301127094775438 78.221680602058768 30.312501046806574 15.158836802467702 35.477031821385026 102.62647678330541 29.013668151572347 22.800024326890707 17.265800874680281 178.38900915719569 42.788533296436071 56.044147212058306
leaf_count=927 249 118 125 187 1680 666 449 517 450 89 95 23 1294 81 292 211 9345 64 202 503 155 63 125 232 128 78 70 313 73 148
internal_value=-0.00042054 -0.00104333 -0.000494258 -0.00416744 -0.00112988 0.00218862 0.00671262 0.0114954 0.00434536 -0.00889273 0.000295688 0.00115858 0.000600765 0.000295688 0.00497949 0.0115098 0.000295688 0.00279786 -0.00554387 0.0177551 0.0136627 0.0161161 -0.00229564 0.00205104 -0.00405814 -0.00243842 -0.00407983 -0.01291 -0.00810914 -0.0152198
internal_weight=3437.81 3387.19 3331.16 1404.91 1046.84 1926.26 564.471 359.506 171.772 235.057 204.965 811.781 794.321 1361.78 314.807 109.062 1319.35 267.139 194.778 187.733 42.8347 38.2543 479.514 138.104 341.41 312.396 289.596 358.071 123.638 234.433
internal_count=18952 18703 18585 6080 5359 12505 2954 2347 1178 1218 607 4141 4118 9551 2191 661 9470 1899 1129 1169 219 158 1927 357 1570 1442 1364 721 260 461
is_linear=0
shrinkage=0.03


Tree=74
num_leaves=31
num_cat=0
split_feature=0 6 2 0 8 2 5 2 8 0 5 0 2 2 8 2 2 5 2 0 2 0 5 8 8 5 0 8 2 8
split_gain=176.286 58.0728 50.6391 33.4393 34.9378 29.7476 20.0274 26.5668 7.87047 7.50143 6.77641 6.35447 6.316 5.6911 3.71641 3.4975 3.61389 3.2085 25.5415 6.46287 2.87992 10.1691 5.05473 3.30105 13.1615 8.3744 2.73539 2.12764 1.90872 1.53173
threshold=1397.0709780092595 0.0040405524537173087 203.50000000000003 65.176186342592601 -0.70710678118654846 4.5000000000000009 3.6041666666666674 2.5000000000000004 11.576149430677996 8.4547511574074097 6.0041666666666673 562.04461805555559 20.500000000000004 1.0000000180025095e-35 -0.085162603498078915 8.5000000000000018 8.5000000000000018 1.0000000180025095e-35 1.5000000000000002 3.8507581018518522 5.5000000000000009 1103.3390335648148 7.5625000000000009 0.10947385941339509 3.7733712206366348 46.958333333333343 1.0000000180025095e-35 -0.24987035432985297 1.5000000000000002 0.76010615342734078
decision_type=2 10 2 2 10 2 10 2 10 2 10 2 2 2 8 2 2 10 2 2 2 2 8 10 10 8 2 8 2 8
left_child=1 2 3 5 11 17 16 10 12 -7 -8 28 20 14 -2 29 -6 18 26 -20 21 23 -22 25 -25 -9 -1 -19 -5 -11
right_child=13 -3 -4 4 6 9 7 8 -10 15 -12 -13 -14 -15 -16 -17 -18 27 19 -21 22 -23 -24 24 -26 -27 -28 -29 -30 -31
leaf_value=0.0053920458865477812 -0.01969180484548649 0.027440063684563112 -0.01969180484548649 -0.0073367884498107732 0.0031997661051565373 0.024388837049437687 -0.0011338481950939215 0.018655593379794656 -0.01923379931646961 -0.0028187671521384757 -0.01969180484548649 -0.01969180484548649 -0.012542654037592563 -0.01969180484548649 -0.028619522791235485 0.015189104426686226 0.015189104426686226 -0.0071305922591925822 0.027224733800272887 0.0092463930854641448 0.025060918781948452 -0.01969180484548649 0.0031997661051565373 -0.017509343057960428 0.0031997661051565373 -0.0036676920567645685 0.0031997661051565373 0.0031997661051565373 -0.018474598577455134 0.0089616903161437306
leaf_weight=563.23178661614656 49.347087651491165 75.8147705309093 49.127624878659844 139.58185045421124 870.61864709109068 75.119874799624085 19.005463521927595 26.427025761455297 12.546174291521309 20.8409304022789 77.77673327177763 48.401436969637871 20.473576737567782 161.59461349248886 149.87814302742481 43.871787981130183 16.041066447272897 89.57693699374795 48.097573480568826 38.646477974951267 12.193260196596382 13.274985074996946 74.093488121405244 30.095232613384724 21.274643795564771 26.509751668199897 542.86458205245435 72.187717230990529 14.205512985587118 11.476110612042246
leaf_count=4123 48 522 117 1077 3097 506 57 128 29 216 414 87 76 148 154 320 50 834 255 279 41 24 365 130 72 164 4850 631 91 101
internal_value=-1.01344e-05 0.00234406 0.00166013 0.00221111 -0.00108645 0.00531935 0.000844054 -0.00537058 0.000134246 0.0177288 -0.0181891 -0.0124774 0.0016131 -0.0196918 -0.0255717 0.0100646 0.00319977 0.00387312 0.00492258 0.0201554 0.00319977 -0.00144561 0.00319977 0.00209864 -0.00428112 0.00319977 0.00364264 0.00319977 -0.00891494 0.00319977
internal_weight=3414.19 3053.38 2977.56 2928.43 1422.52 1505.91 1220.33 333.67 236.888 151.309 96.7822 202.189 224.342 360.82 199.225 76.1888 886.66 1354.61 1192.84 86.7441 203.868 117.582 86.2867 104.307 51.3699 52.9368 1106.1 161.765 153.787 32.317
internal_count=19006 18656 18134 18017 5902 12115 4647 1500 1029 1143 471 1255 1000 350 202 637 3147 10972 9507 534 924 518 406 494 202 292 8973 1465 1168 317
is_linear=0
shrinkage=0.03


Tree=75
num_leaves=31
num_cat=0
split_feature=0 6 0 0 3 3 8 0 3 8 0 8 8 8 8 8 8 8 8 8 5 3 5 8 8 8 8 8 8 8
split_gain=170.919 48.8402 37.9273 23.6582 19.9061 14.031 13.8692 10.4481 9.07046 5.84683 5.21364 13.8397 5.87961 4.27366 5.50242 4.81948 6.25112 8.63417 6.55539 3.16319 2.99277 6.70868 2.39181 2.31399 1.39809 1.23452 4.92888 2.46567 0.735448 5.51016
threshold=562.04461805555559 0.0040405524537173087 1484.9627025462964 164.88806712962966 0.18366146364420741 1.0000000180025095e-35 -0.15809372313520981 4.549363425925927 0.5004770164787512 -0.70710678118654846 8.9460937500000011 -0.36912183149666417 -0.21221303030504074 -0.13435603505593771 7.7812465438342988 4.7674795406178676 -0.083880866328817763 -0.077894202850768146 -0.049338372682085012 -0.039088848192108873 0.41250000000000003 0.11805555555555557 2.0041666666666669 -0.070506521604648459 -0.0634949437658444 -0.090867408602795879 -0.11280427960190416 -0.10697980764643039 -0.15200790376124682 -0.16363511832720443
decision_type=2 10 2 2 10 8 10 2 10 10 2 8 10 8 10 8 10 8 10 10 10 10 10 8 10 10 10 8 10 8
left_child=1 3 -2 6 19 -5 7 8 20 -7 -8 -11 -13 28 15 16 25 -18 24 23 21 -1 -10 -4 -19 26 -15 -28 29 -14
right_child=2 -3 4 5 -6 9 10 -9 22 11 -12 12 13 14 -16 -17 17 18 -20 -21 -22 -23 -24 -25 -26 -27 27 -29 -30 -31
leaf_value=0.0044854345187354426 -0.0064704970866425399 0.028345543652801702 -0.019857280485080727 -0.0064704970866425399 -0.0064704970866425399 -0.0064704970866425399 0.019443880129554374 0.00080300057870928958 0.015296494938592206 0.023099587468390751 0.00877196807034996 -0.0064704970866425399 0.010230298174337508 -0.0064704970866425399 0.00877196807034996 -0.0064704970866425399 0.022875965174836001 0.00073493225084028126 0.0078519028945504884 -0.016218619880671786 0.00080300057870928958 0.013116960017767989 0.0045696129122240981 -0.03115818239519071 -0.0064704970866425399 -0.0064704970866425399 0.014610572049746424 -0.00035671934848239287 0.00877196807034996 -0.0064704970866425399
leaf_weight=771.06096880882978 682.64766840357333 67.980137573555112 80.549725048243999 92.834286725148559 82.989370077848434 70.175782198086381 54.436714862473309 607.21037818770856 99.891806054860353 22.07079010643065 212.34018532931805 38.050292806699872 27.846410309895873 28.098152216523886 19.899403944611549 16.931209944188595 15.612495861947535 23.48165525496006 56.465018662624061 77.509355880320072 33.170640856958926 19.660725105553865 29.420054627582431 79.339812211692333 19.736447980627418 10.902347449213265 11.548965204507111 24.102658834308386 24.450365461409092 9.6305351518094522
leaf_count=5836 1088 502 83 486 64 334 376 5538 650 76 1677 214 168 157 66 59 41 108 251 66 302 126 204 76 75 53 46 116 92 63
internal_value=-0.000173961 0.00416189 -0.0105478 0.00340006 -0.0190024 -0.00228346 0.00499403 0.00388897 0.00584034 0.000716022 0.0112673 0.000803001 0.000764046 0.000803001 0.000539593 -0.00119425 0.000849342 0.00514579 0.000803001 -0.0233699 0.00462602 0.00511737 0.013117 -0.0262397 -0.0064705 -0.00569274 -0.00200879 0.00569248 0.00918045 0.000803001
internal_weight=3410.04 2407.01 1003.04 2339.03 320.388 511.837 1827.19 1560.41 953.204 419.003 266.777 348.827 326.756 288.706 226.778 206.879 189.948 115.296 99.6831 237.399 823.892 790.722 129.312 159.89 43.2181 74.6521 63.7498 35.6516 61.9273 37.4769
internal_count=18993 17616 1377 17114 289 2405 14709 12656 7118 1919 2053 1585 1509 1295 972 906 847 475 434 225 6264 5962 854 159 183 372 319 162 323 231
is_linear=0
shrinkage=0.03


Tree=76
num_leaves=31
num_cat=0
split_feature=0 6 2 2 0 8 0 5 2 3 0 8 8 0 0 5 2 0 8 3 5 8 8 8 8 8 8 8 8 8
split_gain=171.339 47.5121 40.2079 41.7569 22.4735 21.1084 19.8328 12.2423 40.2744 9.47188 8.20416 7.43125 6.01317 8.94502 5.30882 5.29009 5.158 3.29288 3.13137 14.5871 2.7729 2.59842 14.5941 24.0112 10.1587 20.8443 2.52515 4.3732 3.4545 2.88892
threshold=1103.3390335648148 0.0040405524537173087 203.50000000000003 7.5000000000000009 161.38208912037041 11.576149430677996 533.66143518518527 1.0000000180025095e-35 1.5000000000000002 0.74837662337662347 2234.0129687500007 -0.86588739176439355 -0.30148286566170152 1.0000000180025095e-35 69.40056134259261 3461.483333333334 1.0000000180025095e-35 27.381128472222226 -0.22027280004219904 0.60303030303030314 11.158333333333335 4.1721371262788347 6.2480140321346562 -0.061840684483087792 1.3874883846247803 4.1721371262788347 -0.13435603505593771 -0.10572100906289568 -0.11106829372089243 -0.12512633077784138
decision_type=2 10 2 2 2 8 2 10 2 10 2 10 10 2 2 10 2 2 10 8 10 10 10 8 10 8 8 10 8 10
left_child=1 2 3 4 7 15 14 8 12 -7 -2 -10 13 -1 -5 18 -15 -18 19 -6 -16 -9 23 26 -25 -26 -20 28 29 -28
right_child=10 -3 -4 6 5 9 -8 21 11 -11 -12 -13 -14 16 20 -17 17 -19 22 -21 -22 -23 -24 24 25 -27 27 -29 -30 -31
leaf_value=0.0053293143532833678 -0.014755922559885273 0.027192570909795474 -0.014755922559885273 0.024183077331926206 -0.013100001046650914 -0.014755922559885273 -0.0090053250624389826 -0.00013217233228511591 0.027192570909795474 -0.00013217233228511591 -0.023444321151277918 0.011481612271229952 0.0091413562142107791 -0.00013217233228511591 0.020136919963294388 -0.013100001046650914 0.0053293143532833678 -0.00013217233228511591 0.0084028890664664124 -0.00013217233228511591 0.0057201874003593722 0.0091413562142107791 0.0091413562142107791 -0.013100001046650914 0.01004984652218183 -0.013100001046650914 -0.010306521664984086 -0.00013217233228511591 -0.013100001046650914 -0.00013217233228511591
leaf_weight=565.22917108237743 476.91025352478027 66.458809392526746 44.335641144774854 104.97966303955764 66.682640887796879 102.82150420174003 21.283627569675446 258.58499744348228 69.306199305690825 13.39448639936745 107.23502007126808 59.003359129652381 143.79889225959778 388.40645511075854 16.861604796722531 23.312573017552495 133.41082376614213 34.115069467574358 121.3005512021482 42.008886054158211 40.848511729389429 11.720536213368176 45.354340337216854 104.63912235945463 56.718932643532753 26.315395530313253 30.437273420393467 161.388103665784 13.9607872441411 44.521196853369474
leaf_count=4091 628 503 108 713 266 425 40 2306 399 35 60 415 1173 3901 89 123 1001 308 517 160 218 77 101 261 154 61 98 475 69 150
internal_value=-4.33697e-05 0.00303455 0.00240123 0.00293504 0.00190964 -0.00204202 0.0165391 0.00393557 0.00512378 -0.0136429 -0.0147559 0.0208204 0.00345591 0.00268935 0.0200497 -0.000132172 -1.8339e-05 0.00505916 -0.000132172 -0.00527471 0.0112021 -0.000132172 -0.000132172 -0.000252286 -0.008864 -0.000735766 0.00415684 -0.000132172 -0.00747907 -0.00378733
internal_weight=3395.34 2811.2 2744.74 2700.4 2516.43 852.856 183.973 1663.58 1393.27 116.216 584.145 128.31 1264.96 1121.16 162.69 736.64 555.932 167.526 713.327 108.692 57.7101 270.306 604.636 559.281 187.673 83.0343 371.608 250.307 88.9193 74.9585
internal_count=18925 18237 17734 17626 16566 2895 1060 13671 11288 460 688 814 10474 9301 1020 2435 5210 1309 2312 426 307 2383 1886 1785 476 215 1309 792 317 248
is_linear=0
shrinkage=0.03


Tree=77
num_leaves=31
num_cat=0
split_feature=0 1 6 0 2 8 3 2 2 5 8 8 8 8 0 0 8 8 1 3 2 8 8 8 8 8 2 2 2 0
split_gain=162.359 58.6499 44.9108 32.9453 26.2542 14.5454 22.3544 11.314 12.0276 20.1251 7.25029 15.5066 7.68665 15.697 7.37155 5.74842 5.62986 14.748 4.88254 3.83164 5.66421 6.18286 3.19825 7.44764 2.72019 5.60036 2.49094 4.69297 2.22119 2.0352
threshold=1397.0709780092595 372.00000000000006 0.0022290392584983459 171.14935763888892 8.5000000000000018 -0.32702254282720306 0.88810641627543052 20.500000000000004 3.5000000000000004 6.0041666666666673 -0.10976661887118579 -0.098112905730255662 6.5472912342668161 3.7733712206366348 533.66143518518527 562.04461805555559 -0.03226654156120868 -0.055695427628336465 3.5000000000000004 0.99909747292418782 1.5000000000000002 0.23002426793889155 -0.22027280004219904 -0.23863893236924633 -0.067404673961580883 -0.077894202850768146 1.0000000180025095e-35 3.5000000000000004 1.0000000180025095e-35 26.721956018518522
decision_type=2 2 10 2 2 10 10 2 2 10 10 10 10 10 2 2 10 10 2 10 2 8 10 8 10 10 2 2 2 2
left_child=1 2 3 4 19 6 15 8 9 10 22 -12 13 14 -13 26 17 24 -2 -1 -21 -22 23 28 25 -16 -5 -28 -7 -6
right_child=18 -3 -4 5 29 7 -8 -9 -10 -11 11 12 -14 -15 16 -17 -18 -19 -20 20 21 -23 -24 -25 -26 -27 27 -29 -30 -31
leaf_value=0.0042513362887027662 -0.023499901073027973 -0.018783899351654244 0.02637129054014516 -0.0045259769761631513 0.023505064771658923 0.0042513362887027662 0.0042513362887027662 -0.018783899351654244 0.0042513362887027662 -0.014977667769413483 -0.014977667769413483 0.0042513362887027662 0.0042513362887027662 -0.014977667769413483 0.0029427665376896583 -0.018783899351654244 0.0042513362887027662 -0.014977667769413483 -0.018783899351654244 0.0042513362887027662 0.0042513362887027662 0.019090066309260106 0.0042513362887027662 -0.014977667769413483 0.0042513362887027662 -0.011343041800586026 -0.018783899351654244 0.00054369081776620739 -0.0057867525864698814 0.012129459837998926
leaf_weight=1489.1429088963196 271.90087191015482 51.722679628990591 69.06397533416748 61.856048222631216 60.09703332092613 12.532471656799318 16.823460200801492 18.218003373593092 143.41884614527225 80.233678134158254 32.731429195031524 102.82736097089946 53.252782141789794 22.603297829627991 61.407481778413057 57.295110864564776 33.723988428711891 64.300514152273536 76.938687980175018 116.77854417078197 42.62373788561672 60.316680270247161 199.43480437994003 15.495486572384833 45.156250238418579 34.698333531618118 14.676870111376049 11.944946967065333 16.31166573241353 44.501142824068666
leaf_count=12302 275 125 502 289 444 50 43 44 429 279 121 390 92 54 94 115 50 131 79 965 338 353 637 42 64 59 104 61 66 295
internal_value=0.000449236 0.00268846 0.00329127 0.00269969 0.00517841 -0.00139558 -0.00953506 6.09789e-05 0.000583072 -0.00121953 0.000465671 -0.00179144 -4.51884e-05 -0.00207915 -0.00010702 -0.0143312 -0.00313237 -0.00511582 -0.0187839 0.00425134 0.00821969 0.013243 0.00425134 -0.00354301 0.000463523 -0.0025209 -0.00847871 -0.0154951 0.00556032 0.0194395
internal_weight=3382.03 3033.19 2981.47 2912.4 1813.46 1098.94 162.596 936.346 918.128 774.71 694.476 450.701 417.97 364.717 342.114 145.773 239.287 205.563 348.84 1708.86 219.719 102.94 243.774 44.3396 141.262 96.1058 88.4779 26.6218 28.8441 104.598
internal_count=18892 18538 18413 17911 14697 3214 612 2602 2558 2129 1850 1055 934 842 788 569 398 348 354 13958 1656 691 795 158 217 153 454 165 116 739
is_linear=0
shrinkage=0.03


Tree=78
num_leaves=31
num_cat=0
split_feature=0 1 6 0 2 8 8 0 0 5 2 5 2 3 8 8 8 8 0 3 8 8 2 3 2 8 8 8 0 8
split_gain=153.752 60.0274 51.562 28.0334 28.5327 22.4886 11.4895 11.3045 9.29108 16.064 12.7456 8.90406 8.94637 8.00457 6.34119 8.18897 7.99486 5.48241 4.39019 4.46198 3.68101 11.4585 3.48312 1.69699 1.83225 1.85516 1.20118 1.1304 0.979683 0.880226
threshold=1292.1540972222226 267.50000000000006 0.0040405524537173087 65.176186342592601 3.5000000000000004 -0.70710678118654846 0.92867564137862479 1758.9303414351855 400.60436921296304 6.6833333333333345 3.5000000000000004 1.0000000180025095e-35 8.5000000000000018 0.99909747292418782 5.8775027652492442 -0.061840684483087792 -0.13032254349676956 -0.085162603498078915 489.53263888888893 0.85871848739495815 0.81693409210196033 -0.24247297771058599 1.0000000180025095e-35 0.99909747292418782 1.5000000000000002 -0.23298089659185817 -0.86588739176439355 -0.74066514929210181 48.733894675925931 -0.36144323561151009
decision_type=2 2 10 2 2 10 10 2 2 10 2 10 2 10 10 10 10 8 2 8 10 10 2 10 2 8 10 8 2 8
left_child=1 2 3 4 23 13 7 17 29 14 -11 -6 26 18 15 16 21 -2 19 -5 -12 -10 -23 -1 -25 27 -13 -26 -14 -7
right_child=6 -3 -4 5 11 8 -8 -9 9 10 20 12 28 -15 -16 -17 -18 -19 -20 -21 -22 22 -24 24 25 -27 -28 -29 -30 -31
leaf_value=0.0036514523823847115 -0.017174102718269947 -0.017174102718269947 0.028425201711669495 -0.017174102718269947 0.025141305951443333 0.007815413690092048 -0.017174102718269947 -0.028820105439623472 0.0036514523823847115 -0.017174102718269947 -0.011372522467716462 0.011359994606005263 0.020307757181689066 0.0036514523823847115 0.0036514523823847115 -0.0014246409271154886 0.0036514523823847115 -0.026060404784689122 -0.017174102718269947 -0.0059424104697482633 -0.0014246409271154886 -0.0032582323466076144 -0.011372522467716462 0.0039800156081492497 0.012721457675013287 0.014386681643637373 0.0036514523823847115 0.0036514523823847115 0.0048627177430801711 0.0036514523823847115
leaf_weight=1160.6740661561489 52.886431060731411 62.877280506305397 65.625043402425945 13.821716930717228 62.132664885371923 46.352999173104763 104.78849694877863 168.00183723121881 37.175683584064245 46.774538395926356 28.579722199589014 14.974785733036695 51.701087187975645 11.475381582975386 55.622260075062513 152.68799299374223 204.25882257893682 79.839904181659222 39.537576530128717 113.7195261195302 31.084025230258703 55.175640728324652 39.803014703094959 103.59894748218358 8.3874268662184459 38.682810790836811 53.416760387830436 13.657338896766307 7.9733291026204816 452.44817396998405
leaf_count=9369 83 151 500 119 447 312 108 130 74 115 63 105 370 64 70 269 354 151 83 974 69 109 59 830 47 234 524 139 37 2993
internal_value=3.73602e-05 0.00241052 0.00309598 0.00246258 0.0052448 -0.00071835 -0.0171741 -0.0233907 0.000834634 -0.00152653 -0.0119052 0.0159668 0.0107383 -0.0104705 0.000591284 -0.00105005 0.00324652 -0.0171741 -0.0123167 -0.00871417 -0.00142464 -0.00142464 -0.0100286 0.00365145 0.0067196 0.0107349 0.00365145 0.00365145 0.0187796 0.00365145
internal_weight=3377.74 2972.22 2909.34 2843.72 1515.2 1328.52 405.517 300.728 1149.96 651.162 106.438 190.199 128.066 178.554 544.723 489.101 336.413 132.726 167.079 127.541 59.6637 132.154 94.9787 1325 164.327 60.7276 68.3915 22.0448 59.6744 498.801
internal_count=18952 18480 18329 17829 12102 5727 472 364 4487 1182 247 1483 1036 1240 935 865 596 234 1176 1093 132 242 168 10619 1250 420 629 186 407 3305
is_linear=0
shrinkage=0.03


Tree=79
num_leaves=31
num_cat=0
split_feature=0 1 7 2 0 0 5 8 8 5 0 0 5 2 0 8 8 8 8 8 8 8 5 8 0 8 8 2 8 8
split_gain=118.856 52.8729 42.8887 36.6941 22.0774 18.5198 18.5138 19.258 17.6632 7.44676 8.95526 6.63338 5.59563 7.94842 19.1632 6.24081 7.6945 7.97456 7.2628 18.7406 5.4715 4.17291 3.24003 3.16328 2.8706 2.77037 4.46673 1.98869 1.66366 1.65163
threshold=1347.758697916667 365.50000000000006 1.0000000180025095e-35 3.5000000000000004 237.19309606481485 6.2178761574074084 6.0041666666666673 -0.70710678118654846 -0.11411794551316443 1795.5750000000003 171.14935763888892 430.42539351851855 0.41250000000000003 1.5000000000000002 37.894675925925931 -0.13738082063161711 -0.099972245348957697 -0.11783250591323975 -0.061840684483087792 -0.05180712410923604 -0.12512633077784138 0.66196691283462195 5.1916666666666673 -0.073921777666113533 1048.9506712962964 0.10947385941339509 -0.23863893236924633 6.5000000000000009 4.3865985131140901 0.81693409210196033
decision_type=2 2 2 2 2 2 10 10 10 10 2 2 10 2 2 8 10 10 8 8 10 10 10 8 2 8 10 2 8 8
left_child=1 2 3 4 12 -5 7 11 -2 22 27 -6 13 -1 21 -9 17 20 -18 -20 -17 -15 25 -12 28 26 -7 29 -21 -11
right_child=8 -3 -4 5 6 9 -8 15 -10 10 23 -13 -14 14 -16 16 18 -19 19 24 -22 -23 -24 -25 -26 -27 -28 -29 -30 -31
leaf_value=0.003099650434662368 -0.029354747042944655 -0.016013251925324882 0.031220459560180474 0.023377435314755567 -0.0021453193944142852 0.019979030203066059 -0.015804598754105375 0.0055965553558347692 -0.016013251925324882 -0.0095369532223884314 -0.022254517676708205 -0.015804598754105375 0.00042845553689417653 0.024537843270390811 0.00042845553689417653 -0.011431604865953978 0.0050338933859317876 -0.015804598754105375 -0.020425727911830741 0.0083608046054666017 0.00042845553689417653 0.0017369675750781234 0.0080058992620142856 -0.0017128695808020337 -0.005867920360649535 0.018314133707253287 0.0080058992620142856 0.0080058992620142856 0.00042845553689417653 0.0061148062931119353
leaf_weight=1348.0232301205397 91.513650260865688 54.398355373181403 42.326743599958718 77.191899892874062 35.116298392415047 25.707112057134509 85.961136613041162 153.64908386953175 261.86198855936527 7.6169375497847813 13.229199524968861 53.750988692045212 201.84885471779853 54.059112490154803 36.433510145172477 30.80731300637126 177.15942166559398 37.137929245829582 39.961806276813149 67.156288137659431 23.406096871942282 9.139739806763826 199.37445425149053 12.142433805391194 63.974957197904587 55.903737537562847 16.448647974058986 15.186143353581427 45.001087449491024 7.0358147975057364
leaf_count=11166 86 131 252 593 150 144 270 410 312 87 56 115 1792 305 224 74 384 119 102 153 44 63 1225 45 95 259 47 118 83 50
internal_value=0.000314519 0.0022683 0.00288179 0.00241393 0.000993141 0.0104488 -0.00304076 -0.00143417 -0.0160133 0.00733154 -0.00259304 -0.014122 0.00298473 0.00373148 0.0117235 0.000428456 -0.00125056 -0.00885635 0.000428456 -0.00305722 -0.000943338 0.0216095 0.00918617 -0.0143241 0.000428456 0.0139634 0.0080059 0.0080059 0.000428456 -0.00171287
internal_weight=3342.52 2989.15 2934.75 2892.42 2462.59 429.836 813.082 727.121 353.376 352.644 55.2105 88.8673 1649.5 1447.66 99.6324 638.254 484.605 91.3513 393.254 216.094 54.2134 63.1989 297.434 25.3716 176.132 98.0595 42.1558 29.8389 112.157 14.6528
internal_count=18954 18556 18425 18173 15549 2624 1999 1729 398 2031 356 265 13550 11758 592 1464 1054 237 817 433 118 368 1675 101 331 450 191 255 236 137
is_linear=0
shrinkage=0.03


Tree=80
num_leaves=21
num_cat=0
split_feature=0 8 8 0 6 2 2 1 8 1 8 8 1 8 0 0 8 8 8 8
split_gain=129.335 54.1116 45.6529 43.8044 38.6184 19.737 21.6064 10.2922 26.7338 18.102 8.40245 11.6573 9.76305 4.48336 3.30255 2.84423 1.45269 1.04946 6.76433 0.515628
threshold=562.04461805555559 0.88207708156037834 -0.075683053628122096 1292.1540972222226 0.0040405524537173087 6.5000000000000009 93.500000000000014 26.500000000000004 6.2480140321346562 2.5000000000000004 -0.098112905730255662 -0.12012500544818673 5.5000000000000009 -0.039088848192108873 1758.9303414351855 15.550555555555556 0.10947385941339509 -0.14415550077362968 -0.21221303030504074 -0.027799858695191502
decision_type=2 10 8 2 10 2 2 2 8 2 10 10 2 10 2 2 10 10 10 10
left_child=4 2 3 10 5 -1 15 8 -3 -10 11 12 17 -4 -5 -7 -17 18 -2 -15
right_child=1 7 13 14 -6 6 -8 -9 9 -11 -12 -13 -14 19 -16 16 -18 -19 -20 -21
leaf_value=0.0022454256901216605 0.0022454256901216605 0.016272954974139206 -0.024088868962399222 -0.017356186398680438 0.026294032095245064 0.02393613410015985 0.0022454256901216605 -0.011065070753531716 -0.017882211454341834 0.0022454256901216605 0.0022454256901216605 -0.017356186398680438 -0.013884651144170276 -0.010327852822072473 -0.026588339623540059 0.0062970150915548752 0.016272954974139206 0.0022454256901216605 -0.011842111385401808 -0.017877103203755015
leaf_weight=2068.2242392292246 43.444160187616944 100.22996819764376 243.65928311645985 54.025545626878738 59.583689729683101 62.884357958100736 28.289180445484817 47.425474543124437 49.020536817610264 61.143129110336304 72.855342496186495 42.152436066418886 32.738354422152042 49.618247516453266 68.105848863720894 41.507682950235903 63.373209971934557 44.209013566374779 32.287287369370461 44.636746626347303
leaf_count=15721 66 116 394 94 485 466 120 68 55 76 109 69 54 76 53 286 409 62 55 59
internal_value=-0.000455566 -0.00953485 -0.0136952 -0.00656891 0.00340717 0.0027483 0.0118021 0.00224543 0.00224543 -0.00470782 0.000311746 -0.00431746 -0.000281437 -0.0217004 -0.021069 0.0170436 0.016273 0.00224543 -0.0017471 -0.0146235
internal_weight=3309.41 985.551 727.732 389.818 2323.86 2264.28 196.054 257.819 210.394 110.164 267.687 194.831 152.679 337.914 122.131 167.765 104.881 119.94 75.7314 94.255
internal_count=18893 1406 1091 562 17487 17002 1281 315 247 131 415 306 237 529 147 1161 695 183 121 135
is_linear=0
shrinkage=0.03


Tree=81
num_leaves=31
num_cat=0
split_feature=0 7 0 2 2 2 8 5 2 5 0 0 8 8 0 8 8 2 8 8 8 1 0 2 1 0 8 5 8 8
split_gain=105.639 36.0593 30.9583 26.075 22.5971 38.6449 16.643 16.0721 23.2686 15.5113 12.0919 8.43153 16.2543 18.3538 7.2751 6.25477 7.22628 3.89608 3.78751 6.97753 3.54842 3.44389 8.59159 4.50612 2.90148 2.64229 2.1236 2.09296 1.62668 1.33455
threshold=562.04461805555559 1.0000000180025095e-35 2234.0129687500007 12.500000000000002 331.50000000000006 7.5000000000000009 19.868193860798456 1.0000000180025095e-35 2.5000000000000004 9.3625000000000025 38.799473379629639 1292.1540972222226 -0.039088848192108873 -0.081313953331354438 28.046319444444446 -0.083880866328817763 -0.079587637321171648 15.500000000000002 2.8295970373917676 -0.069237967345302978 3.1851417882256152 1.0000000180025095e-35 44.70169560185186 1.5000000000000002 1.5000000000000002 1143.929039351852 -0.22941573387056174 9.1791666666666689 0.70710678118654779 1.3363062095621225
decision_type=2 2 2 2 2 2 8 10 2 8 2 2 10 10 2 10 10 2 10 10 8 2 2 2 2 2 8 10 10 10
left_child=1 4 3 6 5 7 9 8 15 -2 -10 27 13 -13 -7 21 -17 29 19 -18 -12 -1 23 -23 -21 -8 -25 -11 -19 -16
right_child=2 -3 -4 -5 -6 14 25 -9 10 11 20 12 -14 -15 17 16 18 28 -20 24 -22 22 -24 26 -26 -27 -28 -29 -30 -31
leaf_value=0.0022390400266805669 0.0022390400266805669 0.029950965306614574 -0.023448466571566715 -0.023448466571566715 -0.023448466571566715 0.023351973874582592 -0.0091914578275794617 -0.0036441586479038723 0.026197249777971734 -0.0012666450110208377 0.013725636331357073 -0.0047918024083686709 -0.0036441586479038723 -0.023448466571566715 0.018805614441871392 0.027526992886663437 0.0022390400266805669 0.0022390400266805669 0.0022390400266805669 0.01817875845283437 0.0022390400266805669 0.0072964284558771127 0.0022390400266805669 0.003512784035951805 0.0029498775287948569 -0.022552353002248882 0.023217564303663674 -0.0036441586479038723 0.0097948835950722301 0.0065414189103930685
leaf_weight=1215.5713473912328 69.918347649276257 39.284336277749389 107.9202972650528 50.460411300882697 20.170137842185795 76.373781440779567 32.820563662797213 393.70446372404695 52.468130554072559 368.69573380053043 19.425318863242865 70.584471553564072 80.631915979087353 72.796386457979679 31.435802698135376 11.647617388516663 14.264436636120079 18.024128897115588 33.338093498721719 49.713140994310379 8.9081172486767191 163.41625216975808 107.9232094977051 8.3133395500481111 16.947199355810881 46.369222439825535 24.693030124530196 70.866325976327062 21.092159499414265 20.136072419583797
leaf_count=9743 101 249 64 78 74 591 61 3111 346 553 116 104 107 116 209 34 89 113 188 182 28 1237 717 64 119 61 141 133 123 127
internal_value=-0.000321861 0.00312199 -0.00861826 -0.00663965 0.00260148 0.00290759 -0.00522666 0.00179351 0.00304034 -0.00374767 0.0182803 -0.00553957 -0.0102709 -0.0165598 0.0165843 0.00223904 0.00881114 0.00996251 0.00582924 0.00984521 0.00223904 0.00223904 0.00566115 0.00975563 0.0147831 -0.0178896 0.0193696 -0.00364416 0.00234994 0.0150185
internal_weight=3317.91 2346.85 971.064 863.143 2307.57 2287.4 812.683 2120.33 1726.63 733.493 80.8016 663.575 224.013 143.381 167.062 1645.83 125.91 90.6882 114.263 80.9248 28.3334 1519.92 304.346 196.423 66.6603 79.1898 33.0064 439.562 39.1163 51.5719
internal_count=18979 17601 1378 1314 17352 17278 1236 16115 13004 1114 490 1013 327 220 1163 12514 612 572 578 390 144 11902 2159 1442 301 122 205 686 236 336
is_linear=0
shrinkage=0.03


Tree=82
num_leaves=26
num_cat=0
split_feature=0 6 1 0 8 8 1 3 1 8 8 1 0 8 0 8 8 8 8 0 0 8 8 8 8
split_gain=116.046 48.8811 48.2168 24.8283 24.461 22.7802 10.0334 9.18428 7.47582 11.6065 17.8139 7.40467 13.3219 5.70815 5.25214 5.1869 3.12984 2.85044 2.45483 1.68426 1.68086 1.10913 0.669365 0.55857 0.344131
threshold=1484.9627025462964 0.0040405524537173087 223.00000000000003 320.32387731481487 -0.061840684483087792 0.76010615342734078 2.5000000000000004 0.095454545454545472 4.5000000000000009 10.275374294413295 4.3865985131140901 8.5000000000000018 11.90545138888889 -0.039088848192108873 412.06105902777784 8.4552367458671185 -0.10139620675970266 -0.21813070768502107 4.1721371262788347 1292.1540972222226 1048.9506712962964 0.23002426793889155 -0.25352585990709925 -0.049338372682085012 -0.083880866328817763
decision_type=2 10 2 2 8 10 2 10 2 10 10 2 2 10 2 8 8 10 8 2 2 8 10 10 10
left_child=1 2 3 11 6 14 19 22 9 10 -7 24 -13 16 -6 -10 -2 -9 -14 -5 21 23 -8 -16 -1
right_child=13 -3 -4 4 5 8 7 17 15 -11 -12 12 18 -15 20 -17 -18 -19 -20 -21 -22 -23 -24 -25 -26
leaf_value=0.0043458854589127315 -0.017221499624068982 0.027515543071731846 -0.017221499624068982 0.0043458854589127315 -0.0021948533200725519 0.0043458854589127315 -0.0076647660813002946 0.0043458854589127315 0.011413931419815514 0.0043458854589127315 -0.017221499624068982 0.021283878552237422 0.0043458854589127315 -0.017221499624068982 -0.010700238702110088 -0.0036100239720214264 -0.026752536840160601 -0.0048784795616691806 0.015479364959955264 -0.0024836241818671475 -0.017221499624068982 -0.015213502214558207 -0.017221499624068982 -0.0038662823382674518 0.011413931419815514
leaf_weight=1667.8451523585245 53.824235662817955 63.820066109765321 55.4329315405339 343.87396256811917 32.441107586026192 38.97468613833189 19.63888131827116 20.468052588403225 61.625393606722355 36.884079098701477 41.967222295701504 60.647121647372842 122.9209623830393 120.12539708614349 25.142642194405198 27.127218566834927 115.21039533615112 27.264762837439775 13.657207581214605 35.34643279761076 76.883762203156948 46.219570556655526 22.355511981993914 31.005732230842113 149.93650387786329
leaf_count=13591 48 512 149 701 95 63 58 55 140 55 69 458 944 105 51 53 132 68 86 61 155 97 56 71 1081
internal_value=0.00076872 0.00251602 0.00193105 0.00250795 -0.00166723 -0.0069012 0.00302469 -0.00590387 0.000221526 -0.00486548 -0.0112717 0.00434589 0.010127 -0.0172215 -0.0136966 0.00434589 -0.0233891 0.00307225 0.00459612 0.00434589 -0.0156621 -0.0115581 -0.0153479 -0.00755117 0.00434589
internal_weight=3310.64 3021.48 2957.66 2902.23 887.219 418.271 468.948 89.7272 206.579 117.826 80.9419 2015.01 197.225 289.16 211.693 88.7526 169.035 47.7328 136.578 379.22 179.252 102.368 41.9944 56.1484 1817.78
internal_count=18954 18669 18157 18008 1848 849 999 237 380 187 132 16160 1488 285 469 193 180 123 1030 762 374 219 114 122 14672
is_linear=0
shrinkage=0.03


Tree=83
num_leaves=31
num_cat=0
split_feature=0 1 2 0 1 0 8 3 3 0 0 8 8 8 8 0 8 8 5 0 3 1 2 2 8 1 8 5 0 1
split_gain=102.937 41.6072 36.8207 22.5632 13.2276 11.1552 37.2309 8.9506 8.91803 8.25861 7.34138 6.45438 5.9599 5.52795 16.202 8.5646 8.69547 9.09489 5.25188 5.22206 4.83443 4.14186 7.08615 8.11854 3.29496 3.26932 3.12058 2.87268 3.33771 5.36554
threshold=1397.0709780092595 516.00000000000011 3.5000000000000004 15.550555555555556 9.5000000000000018 30.303512731481486 19.868193860798456 0.48875222527917145 0.99909747292418782 59.651759259259265 284.73871527777789 -0.039088848192108873 -0.31005061774748416 -0.11106829372089243 -0.098112905730255662 1048.9506712962964 -0.076894660562742842 -0.027799858695191502 5.0041666666666673 105.25026041666668 0.99909747292418782 28.500000000000004 10.500000000000002 24.500000000000004 -0.23863893236924633 2.5000000000000004 3.4579942093215115 4197.3666666666677 1003.6055555555557 9.5000000000000018
decision_type=2 2 2 2 2 2 8 10 10 2 2 8 10 10 10 2 10 8 10 2 10 2 2 2 10 2 10 10 2 2
left_child=1 2 4 -4 5 20 10 -6 9 -8 -7 -2 -12 25 -15 -16 -17 -18 24 -20 -1 27 -23 -24 -5 -14 -26 28 29 -21
right_child=11 -3 3 18 7 6 8 -9 -10 -11 12 -13 13 14 15 16 17 -19 19 21 -22 22 23 -25 26 -27 -28 -29 -30 -31
leaf_value=0.0032313512553861948 -0.023164274504950261 -0.016563073310160329 0.020890520552590136 0.020890520552590136 -0.016563073310160329 0.0032313512553861948 -0.0041666480676250169 0.0078912586425444204 0.0032313512553861948 -0.015859367195912414 -0.013855865942293235 -0.016563073310160329 0.0032313512553861948 -0.021323868616597148 0.0030035334751044233 0.0030035334751044233 -0.016833440245936217 0.00060088327355521003 0.0089444772317772165 0.0089444772317772165 0.0087039008300822569 -0.016563073310160329 0.0089444772317772165 -0.011975907766592676 0.0089444772317772165 -0.0075504349695279483 0.019329370212309412 -0.0077062872636790049 -0.0076115214348386594 -0.0019730219506365249
leaf_weight=978.44239515252411 159.78432672098279 44.923488787375391 121.60285177268088 20.513610931113362 27.604944383725524 354.61299339681864 85.412964290007949 10.822903061285613 22.264041800051928 170.08097693510354 23.241245154291391 142.38207928091288 181.45931911282241 29.934529876336455 276.0452174898237 31.832432374358177 64.904735863208771 43.260214239358902 86.850716046988964 37.171482658013701 142.02410260308534 14.757489513605831 12.958559915423395 16.338694620877504 36.13016895018518 23.018468711525202 26.144949746318161 14.166508894413708 11.670891851186751 40.507790435105562
leaf_count=7919 203 113 988 129 175 2881 831 60 119 1207 72 132 404 88 593 39 119 56 756 186 1075 48 60 57 157 73 76 56 23 201
internal_value=-3.44846e-05 0.00168444 0.00218418 0.0101391 0.000750386 0.00104201 -0.000841375 -0.015664 -0.0104846 -0.0121054 0.00180149 -0.0165631 -0.000363766 0.000220336 -0.00170065 -5.22875e-05 -0.00597351 -0.0101422 0.00575731 0.00332849 0.00323135 -0.000161514 -0.00739067 0.00204543 0.0120534 0.00323135 0.00894448 0.00311385 0.00514687 0.00740813
internal_weight=3250.87 2948.7 2903.78 438.814 2464.96 2426.53 1306.07 38.4278 277.758 255.494 1028.31 302.166 673.696 650.455 445.977 416.043 139.997 108.165 317.211 234.422 1120.47 147.571 44.0547 29.2973 82.7887 204.478 62.2751 103.517 89.3502 77.6793
internal_count=18896 18561 18448 2737 15711 15476 6482 235 2157 2038 4325 335 1444 1372 895 807 214 175 1749 1387 8994 631 165 117 362 477 233 466 410 387
is_linear=0
shrinkage=0.03


Tree=84
num_leaves=23
num_cat=0
split_feature=0 7 8 0 2 8 0 8 5 2 2 2 0 8 5 0 8 2 8 0 8 8
split_gain=76.9585 43.5289 38.1599 25.2494 28.0926 17.9245 14.9497 10.0979 6.55244 29.4932 6.28549 7.86704 5.78245 5.91629 5.28488 2.47976 1.93981 1.93621 1.71934 1.59301 0.726271 0.187254
threshold=1397.0709780092595 1.0000000180025095e-35 -0.027799858695191502 69.40056134259261 3.5000000000000004 -0.60646403296254547 8.9460937500000011 4.0015567420314797 1.0000000180025095e-35 1.5000000000000002 70.500000000000014 8.5000000000000018 2234.0129687500007 -0.15418879655818046 5.3250000000000002 1.0000000180025095e-35 -0.41335543583102713 1.0000000180025095e-35 -0.99742487558355464 37.894675925925931 1.5153145512548658 -1.0000000180025095e-35
decision_type=2 2 10 2 2 10 2 8 10 2 2 2 2 10 10 2 10 2 10 2 8 10
left_child=1 3 12 4 8 -5 -6 -4 9 15 11 14 13 -2 -8 -1 17 -17 -19 -11 -16 -18
right_child=2 -3 7 5 6 -7 10 -9 -10 19 -12 -13 -14 -15 20 16 21 18 -20 -21 -22 -23
leaf_value=0.0034663727612626659 -0.010763277488130451 0.030219949230005268 0.0084324592862758257 -0.010763277488130451 0.023046105368226863 -0.00028619154553805607 0.01558813558828896 -0.0086572486803124203 -0.00028619154553805607 0.023105183193762965 -0.00028619154553805607 0.019152242092936974 -0.030379369170009572 -0.021239067333797042 -0.0051768727811747376 -0.00028619154553805607 0.0034663727612626659 0.0034663727612626659 -0.00028619154553805607 0.0067380696784764002 0.0033805718342232497 -0.00028619154553805607
leaf_weight=545.07600776106119 30.231186002492905 41.971526926383376 56.077423416078091 182.29167541302741 90.647766638547182 1221.9792982600629 15.818710873834787 58.442616887390614 144.02486729249358 61.714835952967405 13.813757129013537 42.386392769403756 60.338689506053925 102.47714836895466 35.360545242205262 346.19373404607177 57.606999570503831 114.86588790640235 18.962521560490131 11.443120386451481 7.7055213991552582 7.1776490211486808
leaf_count=4098 37 258 52 1202 700 4593 131 56 1299 380 56 338 40 159 365 3295 478 866 202 89 75 56
internal_value=7.48496e-05 0.00156776 -0.0140835 0.0011045 0.00403765 -0.000286192 0.0142081 -0.000286192 0.00238878 0.0033314 0.00657698 0.0100318 -0.0220545 -0.0173038 0.00248158 0.00204492 0.000604182 -0.000140526 0.00326757 0.0211399 -0.000286192 0.00346637
internal_weight=3266.61 2959.04 307.567 2917.07 1512.8 1404.27 205.733 114.52 1307.07 1163.04 115.085 101.271 193.047 132.708 58.8848 1089.88 544.807 480.022 133.828 73.158 43.0661 64.7846
internal_count=18825 18481 344 18223 12428 5795 1665 108 10763 9464 965 909 236 196 571 8995 4897 4363 1068 469 440 534
is_linear=0
shrinkage=0.03


Tree=85
num_leaves=27
num_cat=0
split_feature=0 6 1 1 1 2 0 5 1 0 0 5 3 1 2 5 1 2 2 5 0 1 1 2 2 1
split_gain=92.0273 42.8218 24.8288 26.8542 27.1549 31.3327 21.7929 10.4647 11.9816 20.3953 8.42978 7.79162 5.90146 4.47063 2.63799 2.32055 1.55057 0.95933 1.32591 0.953354 0.83329 0.353871 0.231389 0.169809 0.13647 0.0395268
threshold=624.39576388888906 0.0022290392584983459 1.0000000180025095e-35 52.500000000000007 263.50000000000006 5.5000000000000009 1347.758697916667 77.733333333333334 5.5000000000000009 940.72428240740749 26.721956018518522 1384.8875 0.99909747292418782 56.500000000000007 3.5000000000000004 1.0000000180025095e-35 30.500000000000004 14.500000000000002 8.5000000000000018 589.15416666666681 3.8507581018518522 14.500000000000002 88.500000000000014 4.5000000000000009 6.5000000000000009 18.500000000000004
decision_type=2 10 2 2 2 2 2 10 2 2 2 8 10 2 2 10 2 2 2 10 2 2 2 2 2 2
left_child=1 4 6 7 5 12 -2 8 9 -4 -7 -9 14 15 -1 -12 17 18 19 24 -14 -20 -15 -16 -17 -23
right_child=2 -3 3 -5 -6 10 -8 11 -10 -11 13 -13 20 22 23 16 -18 -19 21 -21 -22 25 -24 -25 -26 -27
leaf_value=0.00166945398989806 -0.0075663212412231265 0.027039529749617187 0.00166945398989806 -0.024984311131959959 -0.022841274848474261 0.021312907385090226 -0.021299178896027005 -0.00091791157325953477 0.00166945398989806 -0.010819616255738549 0.021312907385090226 -0.020435919563541446 0.0095671760269890049 0.00166945398989806 0.0063014575230393634 0.0086121793239222737 0.014945828506956619 0.00166945398989806 0.0036674392796077092 -0.00091791157325953477 0.0063014575230393634 0.017529868810049622 0.0089824983129065013 0.0029832190991976623 0.0025759764471340904 0.0055809590484087969
leaf_weight=1732.7980152908713 262.67234650813043 60.153985382057726 70.853500917553902 40.618818250484765 32.899455971084535 80.804211931303144 177.82467967271805 37.005262244492769 95.230204584077001 161.98831516504288 11.222599104978142 32.626269575208426 83.936718349345028 11.483921423554422 67.997913464903831 9.2707261256873625 20.764371026307344 6.8187682777643195 8.1094266353175062 12.87503134831786 159.26335155591369 7.4266929263249022 11.070485342293976 33.706543333828449 12.669201985001562 7.2289614360779524
leaf_count=13080 436 514 100 63 107 682 230 49 119 189 56 61 585 47 478 67 105 53 53 103 1128 49 59 269 94 61
internal_value=-2.92991e-05 0.00304557 -0.00829367 -0.00318232 0.0023638 0.00277715 -0.013287 -0.000673043 0.00161061 -0.00506865 0.013977 -0.0108196 0.00166945 0.0083345 0.00166945 0.0110419 0.00839092 0.00535286 0.00706067 0.00270479 0.00630146 0.0120355 -0.00313969 0.00630146 0.00625159 0.014555
internal_weight=3249.32 2370.5 878.819 438.322 2310.35 2277.45 440.497 397.704 328.072 232.842 199.744 69.6315 2077.7 118.94 1834.5 96.3858 85.1632 64.3988 57.58 34.815 243.2 22.7651 22.5544 101.704 21.9399 14.6557
internal_count=18837 17590 1247 581 17076 16969 666 518 408 289 1429 110 15540 747 13827 641 585 480 427 264 1713 163 106 747 161 110
is_linear=0
shrinkage=0.03


Tree=86
num_leaves=31
num_cat=0
split_feature=0 0 1 6 1 2 5 2 8 8 8 8 0 1 8 8 8 1 0 8 8 8 8 8 1 0 8 0 8 8
split_gain=74.8258 26.636 34.2765 24.3044 11.4163 27.8916 14.8146 34.1384 9.91726 8.90325 6.14815 5.87343 4.90283 4.18084 3.7087 3.04167 2.54608 2.26537 10.6771 5.53345 4.21528 2.17913 1.06712 1.80784 0.925652 2.14111 0.886484 0.539338 0.386718 0.955096
threshold=293.91310763888896 1484.9627025462964 3.5000000000000004 0.0022290392584983459 343.50000000000006 8.5000000000000018 1.0000000180025095e-35 2.5000000000000004 -0.039088848192108873 -0.099972245348957697 -0.20397731437958902 -0.12656766823670626 78.695920138888908 13.500000000000002 -0.11899143375444515 -0.44684491132873366 -0.10842981746940834 1.0000000180025095e-35 6.2178761574074084 1.4738358943994012 -0.082682446638312826 2.9626513442337257 -0.12903975949564242 -0.27733397498163848 1.0000000180025095e-35 42.918703703703706 -0.22639738596760769 1.0000000180025095e-35 -0.14415550077362968 -0.15605973863827866
decision_type=2 2 2 10 2 2 10 2 10 10 8 8 2 2 8 10 8 2 2 8 8 8 10 10 2 2 10 2 10 10
left_child=3 24 8 4 5 6 7 11 9 -3 -8 15 -7 -12 -13 25 -14 20 -19 -20 -16 -21 23 -17 -2 -1 -25 -22 29 -28
right_child=1 2 -4 -5 -6 12 10 -9 -10 -11 13 14 16 -15 17 22 -18 18 19 21 27 -23 -24 26 -26 -27 28 -29 -30 -31
leaf_value=0.0049465339623065343 -0.0040764678901165823 -0.013256001878325679 -0.0027159195187147133 0.024020018365905494 -0.0027159195187147133 0.021424250565737928 -0.0027159195187147133 0.024020018365905494 -0.0093869311994894886 -0.030016270297225665 0.0028440145267012783 -0.0095625319088828015 -0.0027159195187147133 -0.0027159195187147133 0.012768027559587568 0.0138120294053152 0.01174581705725436 0.01305836930336079 -0.016924948531738555 0.01305836930336079 0.0047302211004354488 0.0028440145267012783 0.020226429620210543 0.00097613060800841149 -0.0027159195187147133 -0.0027159195187147133 0.005806119240078976 0.0028440145267012783 0.0028440145267012783 0.014180867952123814
leaf_weight=40.254435775801539 464.97536218725145 60.602101892232895 65.602384954690933 49.111080451868474 20.199782904237509 87.657141518779099 156.82445771619678 67.712976541370153 73.474899724125862 86.914624806493521 152.9476049952209 17.691494170576334 10.546543257310985 22.40726300701499 39.675214905291796 44.924733381718397 17.502451818436388 107.51857702247798 15.386352716013787 10.959243176504971 561.85693730786443 60.019875420257449 6.4216772802174082 24.337770454585552 495.09137798659503 6.0848428644239894 60.191163960844278 447.48640564084053 17.530928809195757 18.170698460191488
leaf_count=309 1047 56 64 498 66 660 1474 467 68 110 1245 116 63 158 312 322 123 725 84 69 4126 429 35 182 1077 86 499 4268 158 118
internal_value=0.000646887 -0.00514378 -0.0130909 0.00414942 0.00360668 0.00403221 0.00312474 0.00435756 -0.0193157 -0.0237912 -0.00259328 0.00335812 0.0180246 0.00284401 0.00284401 0.00790896 0.00576637 0.00284401 0.00608538 0.00284401 0.00284401 0.00284401 0.00970584 0.00871444 -0.00271592 0.000958509 0.00633428 0.00284401 0.00757842 0.00848216
internal_weight=3310.08 1246.66 286.594 2063.42 2014.31 1994.11 1878.4 1546.22 220.992 147.517 332.179 1478.51 115.706 175.355 1260.59 217.916 28.049 1242.9 193.884 86.3655 1049.02 70.9791 171.577 165.155 960.067 46.3393 120.231 1009.34 95.8928 78.3619
internal_count=19014 2422 298 16592 16094 16028 15182 12305 234 166 2877 11838 846 1403 10129 1709 186 10013 1307 582 8706 498 1314 1279 2124 395 957 8394 775 617
is_linear=0
shrinkage=0.03


Tree=87
num_leaves=31
num_cat=0
split_feature=0 1 6 2 1 0 0 8 4 1 0 3 8 8 0 8 2 8 8 8 0 1 0 4 0 2 2 8 1 0
split_gain=93.2779 47.0371 34.01 18.4506 32.2815 15.8625 8.1259 13.6863 28.4389 21.8898 15.9275 10.1667 17.9587 7.05837 6.70114 5.44332 5.07992 4.9613 6.22788 4.5136 4.49547 4.15067 3.80809 8.01835 4.30426 9.22099 4.37376 2.89607 2.85962 2.24909
threshold=1397.0709780092595 223.00000000000003 0.0040405524537173087 3.5000000000000004 6.5000000000000009 5.6969097222222231 1.0000000180025095e-35 -0.60646403296254547 inf 1.0000000180025095e-35 59.651759259259265 0.66546329723225039 -0.06560943739585319 0.92867564137862479 1758.9303414351855 -1.4106332518679954 2.5000000000000004 10.275374294413295 4.1721371262788347 -0.30148286566170152 791.48482060185199 18.500000000000004 1003.6055555555557 0.99999995961538468 101.43821180555557 8.5000000000000018 8.5000000000000018 -0.33546687003424353 1.5000000000000002 14.34529513888889
decision_type=2 2 10 2 2 2 2 10 8 2 2 10 10 10 2 10 2 10 8 10 2 2 2 8 2 2 2 10 2 2
left_child=1 2 3 4 6 -5 -1 9 11 10 -8 12 16 14 -2 -11 19 18 22 27 -13 -20 23 24 25 -7 -26 -9 -17 -6
right_child=13 -3 -4 5 29 17 7 8 -10 15 -12 20 -14 -15 -16 28 -18 -19 21 -21 -22 -23 -24 -25 26 -27 -28 -29 -30 -31
leaf_value=0.004995040942937126 -0.015192396488194667 -0.015192396488194667 0.024254379472259027 0.02150411394461145 0.0045259583302439902 -0.00032421145612731623 -0.0021641006962534026 -0.0095181868411982878 0.004995040942937126 0.004995040942937126 -0.013722973267759161 0.004995040942937126 0.0015926581418966338 -0.015192396488194667 -0.024925005718054387 0.0044731540444560456 0.0008439154690541874 -0.0087530963207392912 0.02150411394461145 -0.015192396488194667 0.0015926581418966338 0.0021615790843223692 -0.0051185971968399436 0.02150411394461145 -0.00032421145612731623 0.016162492827431867 -0.0051185971968399436 0.0015926581418966338 -0.0080537708777620454 -0.015192396488194667
leaf_weight=558.63840639218688 67.21103934943676 56.764437954872847 59.676894347183406 63.141112305223942 7.733823148533701 63.279223456047475 327.57543854415417 37.240053921937943 715.96680443175137 192.47344085760415 156.3101667445153 95.312477828934789 118.22115376964211 86.127685129642487 150.10008720308542 21.677441641688347 18.109487729147077 16.713215680792928 26.763834025710821 77.150898534804583 21.883214548230171 14.08605956006795 29.228761196136475 19.710542483255267 67.052379326894879 53.653190713375807 34.5442268922925 12.207513863220809 40.375408347696066 50.810441195964813
leaf_count=4132 136 153 501 519 54 606 3147 319 2657 1431 1132 635 417 77 133 158 131 34 126 461 32 63 41 109 352 401 161 75 357 325
internal_value=0.000508903 0.00214344 0.00273459 0.00224054 0.0012702 0.00827506 0.00184372 0.000873124 0.00299446 -0.00227473 -0.00600014 -0.00384949 -0.0070838 -0.0151924 -0.0210033 0.00478687 -0.0139886 0.00541831 0.00631393 -0.0151924 0.00339965 0.0166216 0.00446353 0.00572017 0.00379171 0.0075931 -0.000734428 -0.00531157 -0.0036704 -0.0151924
internal_weight=3259.74 2956.3 2899.54 2839.86 2451.69 388.173 2393.14 1834.5 1096.09 738.412 483.886 380.125 262.929 303.439 217.311 254.526 144.708 325.031 308.318 126.598 117.196 40.8499 267.468 238.24 218.529 116.932 101.597 49.4476 62.0528 58.5443
internal_count=18875 18529 18376 17875 15463 2412 15084 10952 4727 6225 4279 2070 1403 346 269 1946 986 1893 1859 855 667 189 1670 1629 1520 1007 513 394 515 379
is_linear=0
shrinkage=0.03


Tree=88
num_leaves=31
num_cat=0
split_feature=0 6 2 2 5 0 0 2 4 0 8 0 8 2 0 0 8 0 2 2 0 5 8 8 8 0 8 8 8 8
split_gain=105.649 50.4572 41.6185 21.9588 18.8866 12.8827 12.4065 12.0921 29.785 31.6556 24.067 30.295 13.3674 8.09368 11.9477 7.36086 7.09196 8.50804 6.85867 4.66059 12.3009 7.71717 4.48243 6.94109 3.9892 7.56028 3.88842 4.77449 5.3427 3.35429
threshold=1588.6313946759262 0.0040405524537173087 104.00000000000001 5.5000000000000009 2.4083333333333337 1048.9506712962964 26.721956018518522 1.0000000180025095e-35 inf 2.7096412037037041 -0.077894202850768146 1.0000000180025095e-35 -0.079587637321171648 20.500000000000004 174.30959490740744 1048.9506712962964 -0.14129821556612357 284.73871527777789 1.5000000000000002 6.5000000000000009 562.04461805555559 167.52500000000003 1.3363062095621225 7.2234608325877323 -0.098112905730255662 1103.3390335648148 -0.28934063992376752 -0.22354118250387747 -0.14724856230795377 -0.12903975949564242
decision_type=2 10 2 2 10 2 2 2 8 2 8 2 10 2 2 2 10 2 2 2 2 10 10 10 10 2 10 10 8 10
left_child=1 2 3 4 7 -6 -5 10 9 18 12 -12 16 19 -15 -13 26 29 -9 21 -21 -8 -11 -24 -19 -26 -1 -28 -29 -18
right_child=-2 -3 -4 6 5 -7 13 8 -10 22 11 15 -14 14 -16 -17 17 24 -20 20 -22 -23 23 -25 25 -27 27 28 -30 -31
leaf_value=-0.0029945737916417746 -0.018846864037950963 0.027943620534250681 -0.018846864037950963 0.020000038636603303 -0.0029945737916417746 -0.018846864037950963 0.020000038636603303 0.0061105771288507528 0.015419546601313502 -0.0029945737916417746 0.0043225186904225299 -0.0029945737916417746 0.027943620534250681 0.010588918673042182 -0.018846864037950963 -0.014380980145641358 -0.0021705085011144098 -0.0029945737916417746 0.015419546601313502 0.012424964941242353 -0.0073185246907660319 -0.0030697277463320911 0.0061105771288507528 -0.0029945737916417746 0.010590762961430649 -0.0077687873109411765 0.02240358280680018 0.0052634535501855338 0.021692919828556576 0.013558816281291314
leaf_weight=13.731793690472839 236.20306857302785 59.933341064490378 51.752159850671887 75.176471441052854 371.91065890528262 43.128861948847771 19.390176933258775 91.05681324377656 186.17024927027524 196.46347477007657 565.6740332916379 591.63270161300898 11.545420341193674 13.766197128221394 14.38928293995559 97.317111685872078 13.616670578718184 93.774353617802262 47.018964272923768 69.225778700783849 41.813185304403305 12.151823308318852 59.697143292054534 28.044861447066069 40.888879522681236 24.595267027616501 28.341363079845905 99.361540406942368 18.429795671254396 57.201905518770218
leaf_count=62 224 513 148 658 2621 83 87 646 797 1230 4135 4623 17 89 42 186 113 196 301 490 68 76 230 70 101 38 153 510 74 459
internal_value=0.000265078 0.00177995 0.0012073 0.00171181 0.000915364 -0.00493065 0.0101992 0.0019953 0.00559362 0.00113194 0.000660424 -0.00138991 0.0070059 0.00543754 -0.00823835 -0.00299457 0.00577267 0.00231212 0.012826 0.00832574 0.0049953 0.0177623 -0.00299457 0.00426949 -0.00157952 0.00450476 0.0105319 0.01194 0.00861268 0.0105908
internal_weight=3273.4 3037.2 2977.27 2925.51 2679.6 415.04 245.913 2264.56 608.452 422.281 1656.11 1254.62 401.487 170.736 28.1555 688.95 389.942 230.077 138.076 142.581 111.039 31.542 284.205 87.742 159.259 65.4841 159.864 146.133 117.791 70.8186
internal_count=19040 18816 18303 18155 16645 2704 1510 13941 3274 2477 10667 8944 1723 852 131 4809 1706 907 947 721 558 163 1530 300 335 139 799 737 584 572
is_linear=0
shrinkage=0.03


Tree=89
num_leaves=31
num_cat=0
split_feature=1 2 7 8 5 2 8 2 8 1 8 5 8 1 2 5 2 8 1 8 8 8 1 2 1 8 1 3 8 8
split_gain=63.0116 51.7285 37.8676 21.6011 15.9589 9.92942 9.27592 16.9296 16.7713 10.7042 7.8784 12.3284 7.69689 7.37388 6.87909 6.74075 13.7033 8.6893 6.87173 6.02206 5.5657 4.89824 4.80912 10.7576 4.35981 3.83554 6.20512 3.55388 3.77017 3.16253
threshold=343.50000000000006 4.5000000000000009 1.0000000180025095e-35 -0.14129821556612357 5.1916666666666673 32.500000000000007 -0.027799858695191502 1.5000000000000002 -0.060406289022973798 7.5000000000000009 5.6428937444573917 16.716666666666672 -0.10306521699421792 5.5000000000000009 3.5000000000000004 1.0000000180025095e-35 1.5000000000000002 -0.15605973863827866 1.5000000000000002 -0.077894202850768146 -0.071950535148838521 -0.33546687003424353 56.500000000000007 42.500000000000007 2.5000000000000004 -0.16363511832720443 1.0000000180025095e-35 1.0000000180025095e-35 -0.22354118250387747 5.0251581615581147
decision_type=2 2 2 10 10 2 10 2 10 2 10 8 10 2 2 10 2 10 2 10 10 8 2 2 2 8 2 8 10 10
left_child=1 2 3 15 5 21 7 8 12 10 13 -12 -5 29 -11 16 17 18 25 -14 -21 -3 -6 -24 -13 27 -27 28 -1 -8
right_child=-2 4 -4 6 22 -7 9 -9 -10 14 11 24 19 -15 -16 -17 -18 -19 -20 20 -22 -23 23 -25 -26 26 -28 -29 -30 -31
leaf_value=-0.0037402025882950374 -0.029481385337626783 0.0070889043392880734 0.029873853463607689 -0.0071001142956805992 0.0070889043392880734 0.0070889043392880734 0.005178800744632857 -0.022597299575868614 -0.013693460796476169 -0.02320784329143721 0.010148445423189155 -0.014438993521992929 0.0053310080290919224 -0.013115611358969152 0.00017549760435807697 -0.0037402025882950374 0.012000339333520939 0.012662846823903375 -0.0037402025882950374 -0.012158133199790741 0.00098705233842006387 0.027472222718304726 -0.0173562823425885 0.0070889043392880734 -0.00029628496087031226 -0.00035650515547091947 0.0069792269067024707 0.0071232352447886723 0.0071232352447886723 0.018462503177691651
leaf_weight=40.961863167583942 58.141379313543439 13.501633021980522 31.224965319037437 161.24611373245716 222.91529145091772 12.591844187118111 164.47696241084486 51.018166968598962 148.11308484338224 23.784985691308975 32.719129424542189 61.235344801098108 138.48205369338393 13.948861416429279 18.542315690778196 236.28541542124003 102.24696814548224 49.366886660456657 39.318741561844945 39.785325432196259 80.289818378165364 79.23404060350731 19.286138940602541 21.253966194577515 28.175254156813025 1081.9007474649698 109.74643431976438 147.10567101836205 11.634606797248123 14.360200598835943
leaf_count=240 140 103 169 699 1398 72 660 135 289 140 63 126 368 84 67 1854 578 212 278 101 178 447 76 112 68 8467 792 898 73 38
internal_value=0.000196721 0.000782058 -0.000604148 -0.000997414 0.0112705 0.0209346 -0.00458531 -0.00679284 -0.00518825 -0.00071973 0.0012603 -0.0045891 -0.00206162 0.00498822 -0.014028 0.000935805 0.00164366 0.000890187 0.000441272 0.00115566 -0.00368035 0.0247073 0.0070889 -0.00293901 -0.010234 0.0009986 0.000345428 0.00479252 -0.00177869 0.00671858
internal_weight=3252.89 3194.75 2825.97 2794.74 368.783 105.328 976.178 618.935 567.916 357.243 314.916 122.13 419.803 192.786 42.3273 1818.57 1582.28 1480.03 1430.67 258.557 120.075 92.7357 263.455 40.5401 89.4106 1391.35 1191.65 199.702 52.5965 178.837
internal_count=18925 18785 16577 16408 2208 622 3016 1770 1635 1246 1039 257 1346 782 207 13392 11538 10960 10748 647 279 550 1586 188 194 10470 9259 1211 313 698
is_linear=0
shrinkage=0.03


Tree=90
num_leaves=24
num_cat=0
split_feature=0 7 0 8 4 8 8 0 3 0 6 8 8 8 8 3 8 8 8 8 8 8 0
split_gain=70.9288 37.4247 28.3697 25.5845 26.4967 20.6618 12.0248 8.99315 7.17698 5.4227 4.70437 12.7329 4.56415 4.55267 1.2511 3.23854 4.14687 1.81785 6.81631 0.823125 0.581583 0.178745 0.0770742
threshold=1347.758697916667 1.0000000180025095e-35 65.176186342592601 -0.68585991094688847 inf 1.0741638338642534 4.7674795406178676 1103.3390335648148 0.52722715880610627 2234.0129687500007 0.0022290392584983459 -0.20899173069157134 -0.03226654156120868 5.0251581615581147 -0.30148286566170152 0.078703703703703706 -0.33546687003424353 1.3363062095621225 1.7955190447088649 4.1721371262788347 -0.055695427628336465 -0.36144323561151009 293.91310763888896
decision_type=2 2 2 10 8 10 8 2 10 2 10 8 10 8 10 10 8 8 8 8 8 8 2
left_child=1 2 10 8 6 9 14 -8 22 20 -1 -6 -13 -14 15 16 -5 -16 -19 -20 -2 -17 -4
right_child=5 -3 3 4 11 -7 7 -9 -10 -11 -12 12 13 -15 17 21 -18 18 19 -21 -22 -23 -24
leaf_value=0.003206302141825284 -0.015076432820712094 0.028728167589459116 -0.01163311077580757 -0.016863774535181647 0.015293382289192645 -0.0059323582018556299 0.003015606020063964 -0.0059323582018556299 0.003206302141825284 -0.026776030100385161 0.01721577515624139 -0.00028121067997119317 0.018876435924471989 0.003015606020063964 -0.011987306738910847 0.011650413293172901 -0.00028121067997119317 0.0083703943475990483 -0.012728587413471097 -0.0026511206173310091 -0.019645982893018863 -0.00028121067997119317 -0.015076432820712094
leaf_weight=1470.8115416327491 100.17567371577024 37.431537765078247 96.704913534224033 22.32568172737956 71.321872230619192 80.051604755222797 101.7486264705658 28.714564055204391 17.467554049566388 63.250476658344269 16.834377807565033 499.35151152685285 38.802902473136783 26.548840127885342 236.27198280394077 28.104374850168824 9.3790705800056475 26.114156992174685 71.259824490174651 11.440384225919841 74.670878261327744 16.260220921598375 65.802183235064149
leaf_count=12133 162 261 957 121 341 88 329 45 101 45 177 1796 114 54 1060 162 37 95 307 57 112 84 193
internal_value=-0.000727377 0.00076048 0.000344254 -0.00276932 -0.00114786 -0.0140578 -0.00593236 0.0019689 -0.013149 -0.0187769 0.0032063 0.00301561 0.00301561 0.0032063 -0.00837435 0.000952918 -0.00593236 -0.00593236 -0.00593236 -0.00593236 -0.0152193 -0.000281211 -0.0150764
internal_weight=3210.84 2892.7 2855.26 1367.62 1187.64 318.149 551.619 130.463 179.975 238.097 1487.65 636.025 564.703 65.3517 421.156 76.0693 31.7048 345.086 108.814 82.7002 174.847 44.3646 162.507
internal_count=18831 18424 18163 5853 4602 407 2297 374 1251 319 12310 2305 1964 168 1923 404 158 1519 459 364 274 246 1150
is_linear=0
shrinkage=0.03


Tree=91
num_leaves=21
num_cat=0
split_feature=0 0 4 8 1 1 6 8 2 2 1 8 8 8 8 8 8 8 8 8
split_gain=67.4569 30.9325 29.0277 23.6624 20.0366 18.5532 18.014 16.2878 11.4985 10.15 14.3048 6.53352 5.76614 7.53394 10.5845 7.53445 2.65976 2.50607 18.3156 1.8059
threshold=171.14935763888892 1588.6313946759262 0.12905225193732642 -0.077894202850768146 1.0000000180025095e-35 137.00000000000003 0.0022290392584983459 -0.039088848192108873 7.5000000000000009 8.5000000000000018 343.50000000000006 -0.090867408602795879 -0.069237967345302978 -0.0634949437658444 -0.05842411369543999 -0.047652940983513893 -0.070506521604648459 4.3865985131140901 8.4552367458671185 -0.039088848192108873
decision_type=2 2 8 8 2 2 10 10 2 2 2 10 10 8 8 8 8 8 8 8
left_child=6 2 11 8 12 17 9 16 -4 -1 -11 -2 -5 -14 -15 -16 -3 -6 -19 -17
right_child=1 7 3 4 5 -7 -8 -9 -10 10 -12 -13 13 14 15 19 -18 18 -20 -21
leaf_value=0.003684448524942369 -0.020544368009284105 -0.020544368009284105 0.003684448524942369 -0.01215420861104138 0.0094550370364493048 -0.01215420861104138 0.022500380482018856 -0.01215420861104138 -0.01215420861104138 0.01868107180134539 0.003684448524942369 -0.01215420861104138 0.0073112389666565242 -0.02554103267846233 0.0053792591627222124 -0.016201046538318935 -0.029644951696074923 -0.014224039670653381 0.003684448524942369 -0.0046936467483929822
leaf_weight=1677.8909369129688 89.02390175871551 73.092491641640663 433.63839039392769 136.29956705309451 83.864526288583875 23.185766818933189 40.984842299483716 109.5521342754364 20.859674634411931 95.405925622209907 12.211714914068578 151.83762384671718 29.441713664680719 21.638286838307977 41.703087043017149 24.834734424948692 61.068201497197151 47.18847006931901 51.482212636619806 30.895671363919973
leaf_count=14046 361 77 1366 474 257 60 455 90 66 773 53 368 68 61 97 54 67 96 107 62
internal_value=-0.000131536 -0.00500276 -0.00297125 -0.000579122 -0.00514526 0.00197084 0.00368445 -0.0146296 0.00368445 0.00368445 0.012936 -0.0121542 -0.0102306 -0.00540125 -0.00871251 -0.0039109 -0.0231813 0.00368445 0.0023463 -0.0107333
internal_weight=3256.1 1429.61 1185.89 945.032 490.534 205.721 1826.49 243.713 454.498 1785.51 107.618 240.862 284.813 148.513 119.072 97.4335 134.161 182.535 98.6707 55.7304
internal_count=19058 3731 3497 2768 1336 520 15327 234 1432 14872 826 729 816 342 274 213 144 460 203 116
is_linear=0
shrinkage=0.03


Tree=92
num_leaves=31
num_cat=0
split_feature=7 2 2 8 8 3 2 2 8 8 8 8 8 5 8 8 8 5 8 2 8 5 8 8 8 8 8 8 3 8
split_gain=56.3303 41.7114 33.4621 18.6039 22.0113 15.7865 12.0221 8.98386 14.3327 8.40268 8.16668 15.5922 9.60598 7.77928 7.50797 7.00612 12.2681 5.81628 4.7848 4.20105 12.8968 5.406 8.11311 4.19299 6.35863 4.42411 8.39812 4.96491 4.13574 19.7477
threshold=1.0000000180025095e-35 1155.0000000000002 5.5000000000000009 -0.03226654156120868 -0.075683053628122096 0.5004770164787512 2.5000000000000004 1.0000000180025095e-35 6.9435779072769845 7.7812465438342988 3.4579942093215115 4.0015567420314797 3.0759547462939927 7.8625000000000016 15.154108648399317 -0.070506521604648459 -0.05395565565866154 1.0000000180025095e-35 5.8775027652492442 1.5000000000000002 4.3865985131140901 2.4083333333333337 4.7674795406178676 -0.13932590474386097 -0.13932590474386097 -0.24247297771058599 -0.22354118250387747 -0.1732540250764065 0.18366146364420741 1.2910918749267415
decision_type=2 2 2 8 10 8 2 2 10 8 8 8 10 10 10 10 10 10 10 2 10 10 10 10 10 10 10 10 10 10
left_child=1 2 3 4 5 6 17 -5 10 18 12 -12 28 -10 -11 -6 -17 -1 -4 20 -13 -21 -23 -8 25 -7 -27 -28 29 -9
right_child=-2 -3 9 7 15 24 23 8 13 14 11 19 -14 -15 -16 16 -18 -19 -20 21 -22 22 -24 -25 -26 26 27 -29 -30 -31
leaf_value=-0.0066740015999528935 0.032916674076305656 -0.029825003956796128 0.0074354480369772016 -0.0012288691656461345 -0.025415451927873832 0.00039345851561003488 0.00039345851561003488 -0.018260284183172281 -0.0010163772464215903 0.028038169684796957 0.032916674076305656 0.0068567436861142481 -0.018637229560895023 -0.017978840975160931 0.00039188421148302315 -0.0028643269625391646 -0.017646605994730644 -0.016692473444167518 -0.011004385481340138 0.015061971687779235 -0.015513091656052318 -0.0041261982207374381 0.015061971687779235 -0.013972130027546338 -0.0026347744054782997 0.022153382243289936 0.00039345851561003488 0.0089262173891091322 0.00715447832416111 0.00715447832416111
leaf_weight=124.43629810586572 39.593849265016615 39.6633903356269 246.6046694163233 1101.0545937027782 30.960303202271461 142.39940739795566 70.122528448700905 33.6942926235497 82.678487107157707 29.060395751148462 16.967635583132505 120.46231142804027 16.124838205054402 29.87791420891881 12.133440358564256 105.19805588014424 96.557265665382147 101.88972215075046 9.0314957909286004 80.195810593664646 23.570188261568546 43.798258293420076 17.393528053537011 14.144103176891802 304.88853182457387 22.279941942542791 57.546981241554022 77.074158420786262 85.503310839645565 38.337168173864484
leaf_count=656 263 98 1468 8464 83 1010 496 129 160 196 59 910 56 72 20 231 200 761 35 404 70 356 60 38 1065 108 358 393 570 138
internal_value=-0.000568155 -0.00103703 -0.000625761 -0.00163339 -0.00457231 -0.00244389 -0.00788211 0.000370122 0.00334639 0.00887285 0.00561817 0.00855637 0.000405704 -0.00609222 0.0208189 -0.0127115 -0.0101946 -0.0114475 0.00658537 0.00655252 0.00279839 0.0101507 0.00306254 0.000393459 0.000393459 0.00347084 0.00690483 0.00367822 0.00286826 -0.00235375
internal_weight=3213.24 3173.65 3133.99 2837.16 1147.5 914.782 310.593 1689.66 588.604 296.83 476.047 302.388 173.66 112.556 41.1938 232.716 201.755 226.326 255.636 285.42 144.032 141.388 61.1918 84.2666 604.189 299.3 156.901 134.621 157.535 72.0315
internal_count=18927 18664 18566 16847 5399 4885 1951 11448 2984 1719 2752 1859 893 232 216 514 431 1417 1503 1800 980 820 416 534 2934 1869 859 751 837 267
is_linear=0
shrinkage=0.03


Tree=93
num_leaves=31
num_cat=0
split_feature=1 7 6 1 8 5 8 1 8 8 8 8 8 8 8 8 8 8 8 8 8 8 8 8 8 8 8 8 8 8
split_gain=51.7117 39.167 13.3601 9.55106 18.1751 17.6341 21.057 12.8889 16.8199 11.79 7.66131 7.33201 11.7363 6.63158 6.53151 5.40154 7.33941 4.91708 8.52172 4.31015 4.11571 4.06427 3.73609 3.21551 2.96708 4.19763 2.8179 2.05194 4.84911 1.61412
threshold=516.00000000000011 1.0000000180025095e-35 0.0040405524537173087 1.0000000180025095e-35 -0.05395565565866154 1.0500000000000003 -0.076894660562742842 3.5000000000000004 4.3865985131140901 -0.14129821556612357 -0.05842411369543999 -0.061840684483087792 0.99015368604283005 -0.43133109281375359 15.154108648399317 -0.15605973863827866 -0.16363511832720443 -0.077894202850768146 -0.071950535148838521 -0.28934063992376752 1.0041841733655164 -0.079587637321171648 -0.0634949437658444 0.41317901791323425 -0.082682446638312826 -0.083880866328817763 19.868193860798456 -0.22354118250387747 -0.20087517160411791 -0.12512633077784138
decision_type=2 2 10 2 10 10 8 2 10 8 10 8 8 10 10 10 10 10 10 10 10 10 10 8 10 10 10 8 10 8
left_child=1 2 3 4 9 6 13 8 11 15 17 -8 -13 -5 -9 16 19 21 -19 -1 -14 24 -20 -4 25 29 -7 -21 -29 -11
right_child=-2 -3 23 5 -6 26 7 14 -10 10 -12 12 20 -15 -16 -17 -18 18 22 27 -22 -23 -24 -25 -26 -27 -28 28 -30 -31
leaf_value=-0.008203476265787114 -0.02989917860184281 0.029134088033358714 0.0071409622649971395 0.0071409622649971395 -0.012449699801880494 -0.0015711639603305629 0.017061602129915737 0.017061602129915737 -0.0015711639603305629 -0.0064740718518045215 0.014968457728897214 -0.0015711639603305629 0.0078136530184051058 -0.0015711639603305629 -0.0015711639603305629 0.016414743935884567 -0.015616152671337305 -0.018945657317934031 0.0035469392146458686 0.014710149294550808 0.017061602129915737 0.012490524551568608 -0.0094437889200901029 0.024768085224161639 -0.012220569739847909 0.0071409622649971395 -0.012811708916108723 -0.0082298429410137715 0.0071409622649971395 -0.0012499427884803708
leaf_weight=11.992145489901302 45.957084196619689 37.605507074389607 18.292778510600328 73.939196890220046 122.02097721770406 665.66211739741266 12.299660526216028 82.774754180107266 75.690283447504044 51.040211021900177 20.091855552047491 20.215665921568871 158.40073922649026 189.17731676623225 9.0524663329124433 37.420526463538408 10.947242114692925 34.868617564439774 46.256007250398397 28.877165533602238 53.407167948782444 14.151903036981819 27.791199691593647 18.313107821159065 17.665892325341702 14.416767265647648 15.169830963015555 16.096857406198978 43.657182715833187 1241.4783837404102
leaf_count=60 114 260 149 530 235 4026 16 536 163 221 40 51 1084 905 10 158 62 99 117 152 199 23 63 140 44 24 18 88 239 9194
internal_value=8.25583e-05 0.000563805 0.000174773 -5.21832e-05 -0.00152203 0.00183154 0.00525017 0.00944561 0.00635831 -0.000661449 -0.00148535 0.0103758 0.00806159 -0.00137039 0.0170616 0.00723974 0.00359038 -0.00176444 -0.00775317 0.00632027 0.0106852 -0.00125018 -0.00161766 0.0170616 -0.00144341 -0.00125171 -0.00157116 0.00861852 0.0047661 -0.00148039
internal_weight=3214.73 3168.77 3131.17 3094.56 1738.77 1355.79 674.957 411.841 320.014 1616.75 1467.76 244.323 232.024 263.117 91.8272 148.991 111.571 1447.67 108.916 100.623 211.808 1338.75 74.0472 36.6059 1324.6 1306.94 680.832 88.6312 59.754 1292.52
internal_count=19020 18906 18646 18357 10819 7538 3494 2059 1513 10584 9825 1350 1334 1435 546 759 601 9785 279 539 1283 9506 180 289 9483 9439 4044 479 327 9415
is_linear=0
shrinkage=0.03


Tree=94
num_leaves=31
num_cat=0
split_feature=0 7 1 2 0 4 8 0 8 0 1 2 0 8 8 1 8 8 8 0 1 0 1 8 8 8 8 8 8 8
split_gain=94.2545 39.3498 35.1601 27.7615 18.1288 25.7641 29.4602 15.5686 12.6351 10.4666 7.04738 5.38951 9.59351 5.81154 4.98528 4.73741 4.17286 3.85542 5.69497 3.63596 2.60086 1.97416 1.81282 5.40094 2.97499 2.95367 3.48593 2.33163 1.97606 4.08927
threshold=1484.9627025462964 1.0000000180025095e-35 397.50000000000006 5.5000000000000009 30.994739583333338 inf -0.70710678118654846 1048.9506712962964 1.4738358943994012 27.381128472222226 1.0000000180025095e-35 11.500000000000002 657.95267939814823 0.10947385941339509 0.49701157355560116 41.500000000000007 5.8775027652492442 1.2247732239362579 -0.094211819394037541 1048.9506712962964 1.5000000000000002 59.651759259259265 2.5000000000000004 -0.076894660562742842 -0.26719582328562419 -0.15605973863827866 -0.20087517160411791 -0.53837727281641878 -0.29507168271271794 -0.40814210300142445
decision_type=2 2 2 2 2 8 10 2 10 2 2 2 2 8 8 2 10 10 8 2 2 2 2 10 10 10 10 10 10 10
left_child=1 2 3 4 -1 7 10 8 14 -5 19 15 13 -13 22 16 -11 18 -2 21 -16 -7 23 25 28 26 27 -6 29 -24
right_child=17 -3 -4 9 5 6 -8 -9 -10 11 -12 12 -14 -15 20 -17 -18 -19 -20 -21 -22 -23 24 -25 -26 -27 -28 -29 -30 -31
leaf_value=0.0033930373711805726 -0.016989254111149068 0.030228878910391228 -0.016989254111149068 0.019626401301301982 -0.0080311795104437925 -0.0028776405971838578 0.0033930373711805726 -0.016989254111149068 0.0027842428314712605 0.015403199796392143 0.0033930373711805726 -0.0064014591324426731 -0.016989254111149068 0.012794710249127357 -0.0080311795104437925 -0.005962601342610954 -0.0013734819445806049 -0.016989254111149068 -0.025579317568571756 -0.016989254111149068 -0.016989254111149068 -0.0080311795104437925 -0.0097845433655254482 0.0033930373711805726 0.0017138289111008793 -0.016989254111149068 0.0033930373711805726 -0.015846849840346653 -0.016989254111149068 0.0033930373711805726
leaf_weight=1150.9091778350994 52.664853677153587 37.240184197202325 43.155151695013046 79.938638153485954 9.3263243436813337 74.453078795224428 721.54807001538575 72.861175701022148 142.2111702952534 77.630014967173338 12.032001625746487 18.28453553840518 16.004844084382057 34.666246365755796 14.644758637994526 10.934668274596332 14.986313095316289 63.309767961502075 150.60141330957413 16.782020784914494 46.009158400818706 136.7505378909409 36.773003036156297 7.9339946545660487 63.146533157676458 18.864168567582965 14.788003785535691 39.956481784582138 9.0567812100052816 28.19602214731276
leaf_count=9309 57 244 117 770 63 760 2663 128 584 453 66 128 32 229 112 35 43 54 189 36 255 1089 303 17 323 94 101 331 71 162
internal_value=-7.60581e-05 0.00147894 0.00106007 0.00150896 0.000582852 -0.00162837 0.00125422 -0.00708877 -0.00708877 0.0109091 -0.00708877 0.00643051 -0.000119615 0.00618565 -0.00803118 0.0105969 0.0127572 -0.0169893 -0.0218462 -0.00803118 -0.0165899 -0.00780614 -0.00803118 -0.0086603 -0.00308973 -0.0112468 -0.00803118 -0.0104787 -0.00803118 -0.00803118
internal_weight=3215.66 2949.08 2911.84 2868.69 2616.24 1465.33 961.566 503.768 430.906 252.445 240.018 172.507 68.9556 52.9508 288.695 103.551 92.6163 266.576 203.266 227.986 60.6539 211.204 228.041 90.869 137.172 82.935 64.0708 49.2828 74.0258 64.969
internal_count=18818 18518 18274 18157 16467 7158 4614 2544 2416 1690 1951 920 389 357 1832 531 496 300 246 1885 367 1849 1465 606 859 589 495 394 536 465
is_linear=0
shrinkage=0.03


Tree=95
num_leaves=31
num_cat=0
split_feature=1 7 6 8 8 8 8 1 5 8 8 8 8 8 8 8 1 8 8 3 1 8 8 8 1 8 3 8 8 8
split_gain=40.8421 39.7675 19.8467 13.5178 28.74 8.91281 11.6088 8.59766 12.9267 11.7475 7.1007 8.77561 7.00677 10.6209 8.47899 6.393 5.8053 5.69484 5.71092 5.61581 12.0919 12.4877 5.17928 4.54256 4.28819 5.62541 4.08855 4.06036 11.8497 13.0358
threshold=365.50000000000006 1.0000000180025095e-35 0.0022290392584983459 -0.027799858695191502 -0.089272192474319043 -0.085162603498078915 -0.082682446638312826 1.0000000180025095e-35 5.1916666666666673 5.6428937444573917 -0.090867408602795879 -0.14129821556612357 -0.1732540250764065 -0.23298089659185817 -0.22941573387056174 -0.027799858695191502 4.5000000000000009 -0.060406289022973798 -0.067404673961580883 0.16025641025641027 22.500000000000004 6.5472912342668161 -0.16139280307313006 -0.17975514403864087 3.5000000000000004 8.4552367458671185 0.20526315789473687 0.99015368604283005 1.7038852393529456 3.4579942093215115
decision_type=2 2 10 8 10 10 10 2 10 10 10 10 10 10 10 10 2 10 10 10 2 10 10 8 2 8 8 8 8 8
left_child=1 2 3 4 10 -6 -7 15 9 27 11 12 13 -1 -15 -5 23 18 -8 20 21 -10 -14 -16 25 -11 -24 -9 -29 -30
right_child=-2 -3 -4 7 5 6 17 8 19 24 -12 -13 22 14 16 -17 -18 -19 -20 -21 -22 -23 26 -25 -26 -27 -28 28 29 -31
leaf_value=0.0026605262273042096 -0.026856013537111856 0.028695531551841243 0.02039071115859456 -0.00061102654333448632 -0.025677840672637803 0.010522593287136962 -0.0094599042082306878 -0.0009740239351442592 -0.0009740239351442592 -0.017243382029314698 0.02039071115859456 -0.0048401578079463195 0.018260178333294023 -0.028820690744177289 0.0026979736730521932 0.017238037329452307 -0.015213117164587195 -0.013938944975953013 0.0023142396155417092 -0.0009740239351442592 -0.027859885667690369 -0.024222614633802715 -0.0072781688390655096 -0.015560915964631867 0.0097787174736528037 -0.00030213606579311319 0.0075722569676416121 0.02039071115859456 -0.0009740239351442592 0.011161770808855873
leaf_weight=403.37443612515926 45.089993011206388 39.225235914811492 37.553453281521797 1051.2740180101246 25.279071353375912 23.562210872769356 104.98900671303272 25.500571401789784 40.751606773585081 26.258219353854656 9.1230448521673662 244.94532626494765 29.796988829039037 9.7506255730986577 74.439811963587999 13.375613175332544 26.645751735195518 149.17928288504481 53.409636422991753 220.52154352981597 17.03551010787487 15.83592865988612 17.861281383782625 9.5018190257251245 29.560913687571883 40.909545935690403 61.751199331134558 35.014092518016696 49.600843264721334 236.46561020612717
leaf_count=2878 117 262 296 8423 81 54 265 126 222 68 26 940 164 37 489 19 97 306 106 1322 49 34 66 63 66 67 279 207 220 1525
internal_value=1.9087e-05 0.000449489 4.42663e-05 -0.000239612 -0.00263971 -0.00977082 -0.00819259 0.00141939 0.00389739 0.00710448 0.000263832 -7.55373e-05 0.0017913 0.000318892 -0.00732331 -0.000307252 -0.00426314 -0.00977167 -0.00554051 -0.000974024 -0.00899554 -0.00151572 0.00851737 -0.000127444 -0.000974024 -0.000974024 0.00400732 0.00967036 0.0105752 0.00807339
internal_weight=3167.58 3122.49 3083.27 3045.71 1243.61 356.419 331.14 1802.1 737.454 443.31 887.19 878.067 633.122 523.712 120.338 1064.65 110.587 307.578 158.399 294.145 73.623 56.5875 109.409 83.9416 96.7287 67.1678 79.6125 346.581 321.081 286.066
internal_count=18874 18757 18495 18199 5851 812 731 12348 3906 2279 5039 5013 4073 3564 686 8442 649 677 371 1627 305 256 509 552 201 135 345 2078 1952 1745
is_linear=0
shrinkage=0.03


Tree=96
num_leaves=28
num_cat=0
split_feature=0 7 1 2 0 1 0 4 0 3 3 2 1 1 1 1 2 1 1 0 2 1 1 1 2 1 2
split_gain=59.7831 36.6122 31.5174 19.9356 16.4079 13.9016 11.4966 10.1269 11.5432 11.6177 6.20582 4.92421 6.80982 4.44152 3.81862 3.40924 2.89981 2.54073 4.1075 3.32166 9.59678 2.07623 1.94271 0.997735 0.838484 0.604727 0.269438
threshold=1484.9627025462964 1.0000000180025095e-35 397.50000000000006 4.5000000000000009 5.6969097222222231 23.500000000000004 161.38208912037041 inf 1048.9506712962964 0.24484651808310884 0.74837662337662347 2.5000000000000004 1.5000000000000002 123.00000000000001 1.0000000180025095e-35 5.5000000000000009 1.5000000000000002 82.500000000000014 56.500000000000007 450.13877893518526 6.5000000000000009 3.5000000000000004 27.500000000000004 1.5000000000000002 15.500000000000002 1.5000000000000002 28.500000000000004
decision_type=2 2 2 2 2 2 2 8 2 10 10 2 2 2 2 2 2 2 2 2 2 2 2 2 2 2 2
left_child=1 2 3 5 -5 6 10 8 9 11 25 12 -8 17 -9 16 23 18 19 22 -21 -2 24 -12 -6 -1 -24
right_child=21 -3 -4 4 13 -7 7 14 -10 -11 15 -13 -14 -15 -16 -17 -18 -19 -20 20 -22 -23 26 -25 -26 -27 -28
leaf_value=0.0023098219968949625 -0.018272796197328762 0.028760575043826297 -0.014290552931286593 0.023346181552181343 0.0090913880354446478 -0.014290552931286593 -0.00082350298184364961 0.00030259307913749103 -0.014290552931286593 0.00030259307913749103 0.0060954539334415027 0.00030259307913749103 -0.014290552931286593 -0.0080817557393133618 0.0016082704662211001 0.0016082704662211001 0.012170890312360455 0.01959025310957432 -0.0073576675527766769 0.0090913880354446478 -0.0075073339092156582 -0.014290552931286593 0.019425194466388625 0.0016082704662211001 -0.0030755782618985396 0.0016082704662211001 0.0069466835569997592
leaf_weight=1127.0918424669653 177.22113183885813 38.402599113993347 39.657891208305955 50.719825009349734 109.05774881038815 20.063351098448038 38.628485713154078 561.50487049669027 67.989367507398129 95.785093544051051 102.01936214137822 28.585404191166162 75.684772729873657 16.708939848467708 119.43048322014511 6.9499657005071631 93.53100885823369 8.08340677898377 16.736365074291825 30.062063228338957 45.554747886955738 53.442312687635422 20.728780292905871 14.322188369929789 8.6734956139698607 222.19220645166934 10.20747318677604
leaf_count=9467 214 264 118 443 975 100 124 1772 109 354 820 110 271 70 277 95 651 54 78 56 78 59 170 135 80 1967 68
internal_value=0.000254485 0.00140687 0.000999962 0.00143052 0.00847387 0.000549549 0.000784071 -0.0017453 -0.00622433 -0.00288703 0.0023796 -0.00904953 -0.0117624 0.00525744 0.000302593 0.00703516 0.00829733 0.0062936 0.00545857 0.00655453 0.00131238 -0.0142906 0.00909139 0.00481005 0.00909139 0.00160827 0.0168473
internal_weight=3199.04 2968.37 2929.97 2890.31 316.533 2573.78 2553.72 987.608 306.673 238.684 1566.11 142.899 114.313 265.813 680.935 216.823 209.873 249.104 241.021 224.284 75.6168 230.663 148.667 116.342 117.731 1349.28 30.9363
internal_count=18979 18706 18442 18324 2072 16252 16152 3017 968 859 13135 505 395 1629 2049 1701 1606 1559 1505 1427 134 273 1293 955 1055 11434 238
is_linear=0
shrinkage=0.03


Tree=97
num_leaves=29
num_cat=0
split_feature=0 6 8 8 8 0 2 0 0 1 8 8 1 5 2 0 1 1 0 8 8 8 2 8 0 8 8 8
split_gain=63.3868 37.2735 29.9877 10.4432 9.90635 9.19001 20.1358 9.04856 8.26456 7.98891 7.22199 9.35265 3.41498 15.6077 13.9743 4.55385 2.58344 2.5189 2.24808 1.63607 1.22076 1.17023 1.09234 0.961768 1.13398 0.321124 0.213054 0.14884
threshold=1003.6055555555557 0.0040405524537173087 -0.094211819394037541 -0.05842411369543999 -0.073921777666113533 30.303512731481486 5.5000000000000009 1347.758697916667 1588.6313946759262 1210.5000000000002 6.2480140321346562 3.345175471563715 1.0000000180025095e-35 1.0000000180025095e-35 1.5000000000000002 3.8507581018518522 1.5000000000000002 1.5000000000000002 1.0000000180025095e-35 -0.31640446984653087 -0.036132866321819369 -1.0000000180025095e-35 9.5000000000000018 -0.57697512265739159 14.980341435185187 -0.36144323561151009 -0.99742487558355464 -0.047652940983513893
decision_type=2 10 8 10 8 2 2 2 2 2 10 10 2 10 2 2 2 2 2 10 10 10 2 8 2 8 8 10
left_child=1 5 8 4 7 6 12 -4 -2 22 11 17 18 14 16 -16 19 20 -1 23 27 25 -8 26 -25 -17 -14 -5
right_child=2 -3 3 10 -6 -7 9 -9 -10 -11 -12 -13 13 -15 15 21 -18 -19 -20 -21 -22 -23 -24 24 -26 -27 -28 -29
leaf_value=0.0027000821652876203 0.00070468462516283233 0.025354333302741131 0.00070468462516283233 -0.0013982800671408055 -0.026565565256549673 0.00070468462516283233 0.011116834063928471 -0.019942047005540909 -0.011855093852068004 0.00070468462516283233 -0.017896376881202367 0.00070468462516283233 0.0040773645112651136 0.00070468462516283233 0.025354333302741131 0.0034172475316928065 0.00070468462516283233 -0.015718385296440405 0.00070468462516283233 0.00070468462516283233 -0.010426371147741169 0.00070468462516283233 0.023121214296568784 0.0097851409500129723 0.00070468462516283233 0.014442954664220809 0.00070468462516283233 -0.0047835263171876873
leaf_weight=539.52051467075944 106.3732176348567 51.456222501117736 34.209131091833115 26.651568740606308 89.563211306929588 1304.7792001198977 25.776199944317341 36.254632242023945 43.054816797375679 5.5141462087631217 68.735638864338398 35.361732438206673 12.527989063411951 135.58234553318471 45.802732784301043 7.7520340848714113 13.982379453256724 47.892067328095436 253.59471309930086 7.5762950517237178 43.184471607208252 6.3912753928452721 51.946133339777589 89.182750197127461 8.1953600458800775 8.6793904956430321 6.6848953869193801 28.925218917429447
leaf_count=4112 134 505 48 54 149 7579 293 57 41 15 89 44 75 1203 293 68 149 65 2366 82 61 52 446 644 79 54 70 57
internal_value=-0.000749205 0.00124545 -0.00984741 -0.0140018 -0.0200148 0.000704685 0.00330488 -0.0104799 0.000704685 0.0171191 -0.00984816 -0.00641164 0.0022216 0.00470476 0.0103268 0.0209273 0.00451406 -0.0101568 0.00112696 0.00654438 -0.00683231 0.00761471 0.0200526 0.00765863 0.00882017 0.0112521 0.00116581 -0.00340956
internal_weight=3135.15 2574.94 560.206 410.778 160.027 2523.49 1218.71 70.4638 149.428 83.2365 250.751 182.015 1135.47 342.357 206.775 68.6254 138.15 146.653 793.115 124.167 98.7613 22.8227 77.7223 116.591 97.3781 16.4314 19.2129 55.5768
internal_count=18884 18085 799 624 254 17580 10001 105 175 754 370 281 9247 2769 1566 467 1099 237 6478 950 172 174 739 868 723 122 145 111
is_linear=0
shrinkage=0.03


Tree=98
num_leaves=19
num_cat=0
split_feature=0 4 0 6 2 1 2 2 1 1 0 3 0 1 1 0 0 0
split_gain=58.9697 25.6171 29.7692 18.3127 17.432 10.138 8.80977 18.774 2.2586 4.05544 1.82469 1.06124 1.05312 7.96365 0.953776 0.607739 0.240587 0.133241
threshold=400.60436921296304 0.12905225193732642 1588.6313946759262 0.0022290392584983459 6.5000000000000009 1.0000000180025095e-35 99.000000000000014 7.5000000000000009 56.500000000000007 82.500000000000014 1397.0709780092595 0.32396546106223528 4.8333912037037043 1.0000000180025095e-35 2.5000000000000004 10.234346064814817 1003.6055555555557 467.68918981481482
decision_type=2 8 2 10 2 2 2 2 2 2 2 10 2 2 2 2 2 2
left_child=3 11 4 6 5 10 7 12 15 -10 16 -2 13 -1 -15 -9 17 -3
right_child=1 2 -4 -5 -6 -7 -8 8 9 -11 -12 -13 -14 14 -16 -17 -18 -19
leaf_value=0.0025536905919706266 -0.01823082860516051 0.00059525525492787855 -0.014139534059904136 0.021641932288325696 -0.014139534059904136 0.0025536905919706266 -0.014043009007246211 0.021130352104351543 0.0025536905919706266 0.018609317654735291 -0.0091888210563902915 -0.014139534059904136 0.0025536905919706266 0.0068975406112560204 0.011765591770506628 0.012497253880742109 -0.0027032167494001882 -0.001432516650940659
leaf_weight=696.85253899544477 117.41411805897951 31.443228976801038 173.69890094920993 41.362301505170763 55.897307850420475 199.08409155718982 23.529849916696548 31.623094310984015 10.727216877043249 9.4833854744210822 28.438451837748289 98.293053059838712 1023.5566573459655 147.12927410472184 74.082900612615049 65.670621632598341 158.71462412178516 189.95809777826071
leaf_count=5472 209 101 189 489 129 371 98 303 67 60 68 150 8381 1083 577 529 247 391
internal_value=9.8854e-05 -0.00569034 -0.00327116 0.00297536 -0.000341589 0.00118998 0.00255369 0.0027769 0.0143449 0.00397694 -0.00243596 -0.0147932 0.00255369 0.00382443 0.00875185 0.0161989 -0.00181801 -0.00113775
internal_weight=3176.96 1052.94 837.235 2124.02 663.536 607.638 2082.66 2059.13 117.504 20.2106 408.554 215.707 1941.62 918.065 221.212 97.2937 380.116 221.401
internal_count=18914 1855 1496 17059 1307 1178 16570 16472 959 127 807 359 15513 7132 1660 832 739 492
is_linear=0
shrinkage=0.03


Tree=99
num_leaves=31
num_cat=0
split_feature=7 1 2 5 5 8 2 8 8 3 8 2 8 8 8 1 1 1 8 8 8 3 1 2 8 1 8 8 8 8
split_gain=36.734 31.475 23.5309 24.133 14.8029 16.0749 13.4031 17.28 11.1101 13.3585 9.04146 8.87732 7.76539 5.53104 5.27798 6.58644 5.06546 8.52398 5.83261 4.55925 4.26132 3.50555 3.43175 12.7656 4.99696 3.31844 6.9129 2.51675 2.24232 2.04672
threshold=1.0000000180025095e-35 267.50000000000006 2.5000000000000004 2.4083333333333337 0.93333333333333346 0.99015368604283005 1.5000000000000002 1.0000000180025095e-35 5.0251581615581147 0.99909747292418782 -0.061840684483087792 27.500000000000004 19.868193860798456 -0.25352585990709925 -0.23863893236924633 1.5000000000000002 1.5000000000000002 1.0000000180025095e-35 -0.33327857181824677 -0.20680538030357923 10.275374294413295 0.48875222527917145 17.500000000000004 5.5000000000000009 1.9997980409956184 6.5000000000000009 2.0585368391772128 4.5866911871889195 -0.28934063992376752 -0.18683978365790307
decision_type=2 2 2 10 10 8 2 8 8 10 10 2 8 10 10 2 2 2 10 10 10 10 2 2 8 2 10 8 10 10
left_child=1 2 3 6 5 13 10 21 9 -5 14 25 -10 -4 16 19 17 28 -19 -16 22 -8 -6 -24 -25 26 -7 -9 -1 -21
right_child=-2 -3 4 8 20 11 7 27 12 -11 -12 -13 -14 -15 15 -17 -18 18 -20 29 -22 -23 23 24 -26 -27 -28 -29 -30 -31
leaf_value=-0.0018561764152434065 0.028195898680028079 -0.022902585410618841 0.016179423820066863 -0.020014496662995093 0.0026511739478245182 0.022948950412782294 -0.01295278613961557 0.0073352696601457542 0.010595075116449078 -0.0043723347691381614 -0.0043723347691381614 0.0026511739478245182 -0.0091680298910934606 0.0026511739478245182 0.012554260885477515 0.019510267957028708 -0.0043723347691381614 0.0073754019532363208 -0.0043723347691381614 -0.0043723347691381614 -0.0079974403204749658 0.0020843205722517813 -0.022915708172680665 0.0053968904879985596 -0.007027267247885138 0.028195898680028079 0.0026511739478245182 0.021685535511982448 0.0079388263136498851 0.0013949366013670187
leaf_weight=1067.7416642811149 35.864635005127639 50.11705684941262 24.052699469961226 123.36474163271487 289.90191243961453 29.015263918787241 19.09938950650394 22.62623986415565 30.696180209517479 26.846998705528677 273.71326853707433 8.6201608632691187 30.904259811155498 27.888589065521955 27.448799554258585 14.302639447152613 33.299752363935113 161.48813482560217 28.05130822584033 19.776430312544107 29.132006503641605 30.412346094846725 17.589789401739836 87.64654253795743 37.657124720048159 33.063811201136559 13.77049166895449 49.705875338986516 16.605792880058289 495.19557082094252
leaf_count=8512 267 135 164 886 1924 227 79 106 72 177 643 53 251 102 188 45 254 1143 157 138 57 169 97 530 184 199 51 248 97 1774
internal_value=-6.34394e-05 -0.000432908 -2.94015e-05 -0.00132377 0.0052833 0.0137876 -0.000405438 0.00907122 -0.0108846 -0.0155204 -0.000965512 0.021575 -0.00437233 0.00265117 -0.000163836 0.00227006 -0.00120512 -0.000639781 0.00514788 0.00164141 0.00265117 -0.00437233 0.00265117 -0.00214628 0.00153672 0.0249121 0.0153924 0.0179611 -0.00167042 0.000944615
internal_weight=3155.6 3119.73 3069.62 2471.28 598.338 136.411 2259.47 121.844 211.812 150.212 2137.62 84.4697 61.6004 51.9413 1863.91 556.723 1307.19 1273.89 189.539 542.421 461.927 49.5117 432.795 142.893 125.304 75.8496 42.7858 72.3321 1084.35 514.972
internal_count=18929 18662 18527 14939 3588 796 13553 602 1386 1063 12951 530 323 266 12308 2145 10163 9909 1300 2100 2792 248 2735 811 714 477 278 354 8609 1912
is_linear=0
shrinkage=0.03


Tree=100
num_leaves=31
num_cat=0
split_feature=0 6 2 2 0 5 7 2 0 8 8 8 3 0 2 0 8 8 8 8 8 8 8 0 5 8 2 2 0 8
split_gain=44.4703 29.1037 21.3653 10.6196 18.3159 12.8888 11.6609 9.1679 8.24968 8.15862 13.2372 7.2465 13.0799 9.57469 20.2053 6.9819 8.887 6.04899 8.3861 5.17805 5.65811 5.1083 4.43155 4.40521 4.38254 3.19577 3.74092 2.87808 1.7815 1.64948
threshold=1347.758697916667 0.0040405524537173087 99.000000000000014 5.5000000000000009 30.303512731481486 2.6375000000000006 1.0000000180025095e-35 20.500000000000004 1048.9506712962964 -0.03226654156120868 2.7044694707785459 -0.16363511832720443 1.0000000180025095e-35 29.68961226851852 1.5000000000000002 1292.1540972222226 -0.061840684483087792 -0.027799858695191502 -0.070506521604648459 3.345175471563715 -0.22354118250387747 9.0999842226063219 -0.15605973863827866 242.05051504629634 7.5625000000000009 -0.18938190522674614 7.5000000000000009 1.5000000000000002 1.0000000180025095e-35 -0.16708457842597305
decision_type=2 10 2 2 2 10 2 2 2 10 10 8 8 2 2 2 8 10 8 10 10 8 8 2 10 10 2 2 2 8
left_child=1 2 3 5 -5 6 9 24 19 11 27 12 20 14 28 16 22 18 -2 -7 -1 -12 -15 -9 -6 26 -26 -11 -13 -14
right_child=17 -3 -4 4 7 8 -8 23 -10 10 21 13 29 15 -16 -17 -18 -19 -20 -21 -22 -23 -24 -25 25 -27 -28 -29 -30 -31
leaf_value=-0.0046128806321230117 -0.011050359822984353 0.023038660871314474 -0.011050359822984353 0.019357915169854689 0.012370812110378977 -0.0046128806321230117 0.023038660871314474 0.0037886265983244844 -0.011050359822984353 0.022471345901349051 -0.0035397028564950871 0.0027544673014315208 0.0084389749334311832 -0.011050359822984353 0.021271508507015886 -0.011050359822984353 -0.0026425965306357511 -0.011050359822984353 -0.023770158367826505 0.00035163006098467192 0.009549267121650459 0.011153485059985471 0.001042944481778631 -0.011050359822984353 -0.011050359822984353 0.0046492274131417653 0.0032536427363278352 0.008343529359266388 0.001042944481778631 0.020311125877705997
leaf_weight=65.313376007601619 99.4430917724967 48.804030380677432 45.162391558289528 71.230450623203069 40.674183246679604 322.22548678424209 14.541457414627073 16.305878778919581 30.365843221545219 38.237681014463305 75.751926332712173 544.20487407594919 181.19296698924154 14.004184421151875 41.838201582431793 16.088522955775261 352.38241560570896 107.68016221374273 82.844686742872 52.462726688012481 17.910901304334402 23.927853485569358 384.52888653986156 11.839571600779889 9.4122972916811722 57.298292365856469 16.798993442207575 31.581895058974624 339.10292285121977 9.7727511338889581
leaf_count=426 143 504 151 704 148 2400 26 91 54 120 246 4133 1153 89 306 33 2334 119 131 192 102 52 1424 30 92 330 93 198 3081 32
internal_value=4.35351e-05 0.00118049 0.000762717 0.00115369 0.00734973 0.000598338 0.00152473 0.00129785 -0.00427836 0.00130999 0.00752805 0.000756257 0.00523416 1.73917e-05 0.00206718 -0.00245239 -0.00185151 -0.0110504 -0.0167361 -0.0026426 -0.0026426 0.00035163 0.00104294 -0.0110504 0.00489631 0.000762591 -0.00711737 0.0170655 0.00104294 0.00954927
internal_weight=3162.93 2872.96 2824.16 2778.99 223.56 2555.43 2150.38 152.329 405.054 2135.84 169.499 1966.34 274.19 1692.15 925.146 767.004 750.915 289.968 182.288 374.688 83.2243 99.6798 398.533 28.1455 124.184 83.5096 26.2113 69.8196 883.308 190.966
internal_count=18937 18544 18040 17889 1488 16401 13755 784 2646 13729 616 13113 1713 11400 7520 3880 3847 393 274 2592 528 298 1513 121 663 515 185 318 7214 1185
is_linear=0
shrinkage=0.03


Tree=101
num_leaves=16
num_cat=0
split_feature=0 1 6 0 2 1 1 0 8 8 2 8 8 8 1
split_gain=105.303 31.9741 29.2362 7.6158 23.4281 4.5773 2.0417 1.91797 3.12394 2.73682 1.15892 0.904402 0.85176 0.890294 0.168308
threshold=1484.9627025462964 5.5000000000000009 0.0040405524537173087 4.8333912037037043 2.5000000000000004 1.0000000180025095e-35 2.5000000000000004 2234.0129687500007 -0.027799858695191502 -0.070506521604648459 4.5000000000000009 -0.55430595281611306 -0.57697512265739159 -0.81565914765519631 49.500000000000007
decision_type=2 2 10 2 2 2 2 2 10 8 2 8 8 8 2
left_child=2 7 3 4 5 -1 12 8 9 -2 11 -6 13 -7 -12
right_child=1 -3 -4 -5 10 6 -8 -9 -10 -11 14 -13 -14 -15 -16
leaf_value=0.00049590552719051915 -0.014830290133765816 0.0003288365851163216 0.022126583269126959 0.0003288365851163216 0.0020041178422124358 0.0064941509333969914 0.0003288365851163216 -0.030501313011619915 -0.01084461620948215 -0.028895592655857723 0.022126583269126959 0.013726344757543569 0.0083108522998234981 0.0003288365851163216 0.0069374492311930821
leaf_weight=686.31038038060069 42.024221748113632 46.827901139855385 50.379500627983361 1933.3162508141249 9.3531372826546413 19.144890960305929 15.646460875868796 71.924243032932281 36.463241010904312 53.244805824011564 36.327325067482889 31.538125372491777 119.84161943942308 10.244510235264899 6.2705343137495211
leaf_count=5457 71 47 508 10772 72 123 134 54 40 81 345 236 884 93 44
internal_value=-0.00128742 -0.0197562 0.000328837 0.000328837 0.00312813 0.00159099 0.00600059 -0.024808 -0.0206978 -0.0237401 0.0178241 0.0115556 0.00720996 0.0021652 0.0219956
internal_weight=3168.86 250.484 2918.37 2867.99 934.677 851.188 164.877 203.657 131.732 95.269 83.4891 40.8913 149.231 29.3894 42.5979
internal_count=18961 293 18668 18160 7388 6691 1234 246 192 152 697 308 1100 216 389
is_linear=0
shrinkage=0.03


Tree=102
num_leaves=21
num_cat=0
split_feature=0 1 6 0 2 0 1 2 5 5 2 0 0 1 1 0 1 1 0 1
split_gain=49.067 37.5778 35.871 6.78297 14.5672 11.9213 4.03249 7.96534 3.17971 2.74112 15.4785 4.53875 2.7549 1.51384 1.33344 1.41502 0.797345 1.6013 0.182286 0.0879141
threshold=1397.0709780092595 3.5000000000000004 0.0040405524537173087 65.176186342592601 3.5000000000000004 2.9292881944444447 81.500000000000014 9.5000000000000018 0.93333333333333346 0.41250000000000003 1.5000000000000002 4.0471006944444454 1.0000000180025095e-35 5.5000000000000009 1.0000000180025095e-35 2234.0129687500007 1.0000000180025095e-35 1.5000000000000002 31.777581018518521 4.5000000000000009
decision_type=2 2 10 2 2 2 2 2 10 10 2 2 2 2 2 2 2 2 2 2
left_child=2 14 3 4 9 -6 7 8 -7 10 12 -12 -1 19 15 -2 -14 -18 -13 -10
right_child=1 -3 -4 -5 5 6 -8 -9 13 -11 11 18 16 -15 -16 -17 17 -19 -20 -21
leaf_value=0.0031184740037178572 -0.017894586752049312 0.00061398270360555035 0.025375195840782447 0.00061398270360555035 0.023913527768675572 0.014035692933391497 0.00061398270360555035 0.018799571137526994 0.0031903809233631637 0.00061398270360555035 0.023478929222890937 0.0080607661935541853 0.00061398270360555035 0.00061398270360555035 -0.013330608979730769 -0.028641784892574185 0.0031184740037178572 0.00061398270360555035 0.002214646842944314 0.010694417695269246
leaf_weight=553.50964687764645 91.758517578244209 67.785514406859875 47.658441450446844 1401.9410157641396 42.186930743046105 11.870317796245216 17.612806379795074 37.794111963361502 8.054487444460392 141.00347913429141 33.015427690930665 15.110093697905542 364.49989272654057 38.829210721887648 52.274547077715397 41.853117704391479 148.16121235489845 21.222611475735903 13.070683082565663 10.472114436328411
leaf_count=4092 166 82 515 5948 372 113 87 359 70 1266 207 132 3427 442 65 38 1177 215 99 70
internal_value=-0.000499476 -0.0130203 0.000613983 0.000613983 0.00275565 0.0109656 0.00582956 0.00860736 0.00215137 0.00165537 0.00244626 0.016537 0.0015812 0.000613983 -0.0201005 -0.0221728 0.000613983 0.00293659 0.00609157 0.0088034
internal_weight=3159.68 253.672 2906.01 2858.35 1456.41 166.82 124.633 107.02 69.2261 1289.59 1148.59 61.1962 1087.39 57.3558 185.886 133.612 533.884 169.384 28.1808 18.5266
internal_count=18942 351 18591 18076 12128 1513 1141 1054 695 10615 9349 438 8911 582 269 204 4819 1392 231 140
is_linear=0
shrinkage=0.03


Tree=103
num_leaves=31
num_cat=0
split_feature=7 1 2 0 0 0 1 1 0 5 1 1 5 0 2 1 0 1 1 1 5 5 1 2 0 1 0 2 2 1
split_gain=49.5872 33.5444 34.1054 42.1686 14.3624 11.0518 8.56544 8.42481 7.82732 6.67192 5.27187 3.89171 8.92741 7.90534 3.31725 2.61076 2.35521 1.97619 11.3341 3.60463 2.82037 2.68787 2.83345 1.82009 1.44179 1.8721 1.35999 1.29069 1.15206 1.14415
threshold=1.0000000180025095e-35 516.00000000000011 4.5000000000000009 1484.9627025462964 31.777581018518521 6.2178761574074084 9.5000000000000018 56.500000000000007 155.79962384259264 3.9291666666666671 44.500000000000007 1.0000000180025095e-35 6.0041666666666673 1048.9506712962964 2.5000000000000004 5.5000000000000009 70.850138888888907 17.500000000000004 15.500000000000002 13.500000000000002 68.850000000000009 1272.2 20.500000000000004 7.5000000000000009 1.0000000180025095e-35 1.0000000180025095e-35 1143.929039351852 6.5000000000000009 7.5000000000000009 4.5000000000000009
decision_type=2 2 2 2 2 2 2 2 2 8 2 2 10 2 2 2 2 2 2 2 10 8 2 2 2 2 2 2 2 2
left_child=1 2 3 4 24 -4 11 10 -9 -8 17 -6 26 14 16 -16 -14 18 19 20 -7 22 -19 27 -1 -26 -13 -22 -24 -18
right_child=-2 -3 5 -5 6 7 9 8 -10 -11 -12 12 13 -15 15 -17 29 21 -20 -21 23 -23 28 -25 25 -27 -28 -29 -30 -31
leaf_value=0.0038994463841927878 0.033539473231192947 -0.026214280261824815 0.021855659828916671 -0.014594573383380958 -0.0030963142827135437 0.010653899610941155 0.0023585980931506187 0.0084559613437324918 -0.015289957508700646 -0.014594573383380958 0.021855659828916671 0.0024161620918861011 0.0023585980931506187 -0.014594573383380958 0.0023585980931506187 -0.0071749490647426799 -0.011354249211347532 -0.0045008354113544773 0.021855659828916671 -0.0063649633150892355 0.0011841592306244886 -0.0058215926682063665 0.00032092098571376222 0.0088863007028957743 -0.00098095063165752009 0.0024161620918861011 -0.0029350262117821772 -0.0099764743602627874 0.012353076219957902 -0.00013414896166374189
leaf_weight=553.25792252272367 34.133479814045131 39.799249087460339 46.173802024684846 190.90439756959677 768.57650866732001 74.364755806513131 10.27487964555621 17.535317745059729 24.283903921023011 38.579061547294259 15.563097594305871 365.18332756869495 17.065289599820971 21.949441380798817 60.554663392715156 21.599969679489732 47.198639530688524 13.736410955898462 17.474666890688241 16.803081449121237 29.133280879817903 19.602637941949069 9.3353297021239978 14.928504625335334 265.14228031411767 314.23704627994448 39.324907526373863 8.1467327326536161 30.158920891582966 9.8423887193202955
leaf_count=4116 249 109 464 246 4002 340 41 128 69 223 78 1602 159 46 350 144 295 76 82 102 216 111 37 87 2389 2686 70 66 219 57
internal_value=-1.98602e-05 -0.00044269 -6.53943e-05 -0.00118495 -0.000147457 0.00886179 -0.00217589 0.00646619 -0.0054933 -0.0139197 0.00854135 -0.00170156 0.000148752 -0.00536618 -0.00245048 0.00168001 -0.00684632 0.00706667 0.00889556 0.00534533 0.00708272 0.00271562 0.00608944 0.00150942 0.0023586 0.0023586 0.0023586 -0.00214614 0.00986468 -0.00958507
internal_weight=3134.86 3100.73 3060.93 2723.69 2532.79 337.24 1400.15 291.067 41.8192 48.8539 249.247 1351.3 582.719 178.21 156.261 82.1546 74.1063 233.684 160.851 143.376 126.573 72.8333 53.2307 52.2085 1132.64 579.379 404.508 37.28 39.4943 57.041
internal_count=18859 18610 18501 16426 16180 2075 6989 1611 197 264 1414 6725 2723 1051 1005 494 511 1336 893 811 709 443 332 369 9191 5075 1672 282 256 352
is_linear=0
shrinkage=0.03


Tree=104
num_leaves=19
num_cat=0
split_feature=7 2 0 8 8 6 2 0 2 2 8 8 0 2 8 8 0 0
split_gain=46.1434 34.5118 26.9139 26.5982 14.144 13.7658 7.3177 15.001 4.41476 2.03162 1.78615 1.62839 5.90422 1.40791 1.22341 2.23756 0.454489 0.284226
threshold=1.0000000180025095e-35 1171.5000000000002 1397.0709780092595 -0.027799858695191502 -0.094211819394037541 0.0040405524537173087 5.5000000000000009 139.8040104166667 6.5000000000000009 67.500000000000014 -0.16708457842597305 5.8775027652492442 1048.9506712962964 12.500000000000002 11.576149430677996 7.2234608325877323 2234.0129687500007 1.0000000180025095e-35
decision_type=2 2 2 10 8 10 2 2 2 2 10 10 2 2 10 10 2 2
left_child=1 2 5 4 -4 6 11 9 -9 13 -2 17 14 -8 15 -13 -6 -1
right_child=10 -3 3 -5 16 -7 7 8 -10 -11 -12 12 -14 -15 -16 -17 -18 -19
leaf_value=0.0027018157540143191 0.01869071722472402 -0.028884540041129222 -0.0029714283006173031 0.00048177390298400849 -0.018106612503378246 0.01869071722472402 0.01320853619129558 0.01320853619129558 0.00048177390298400849 0.00062426749074854777 0.039686266959061405 0.01869071722472402 0.00048177390298400849 0.01869071722472402 0.0038571336634843278 0.0070101193849912528 -0.028207705261725786 0.00048177390298400849
leaf_weight=559.52576989680529 13.440404059831051 33.640971900895238 48.785325445234776 91.117998018860817 75.486301388591528 32.369396396912634 62.636764232069254 24.790157955139875 88.330729550682008 11.033950740471481 19.315564571879804 15.653662981465457 27.087167918682098 46.377501289360225 22.646017231047153 34.06660345569253 37.568250119686127 1929.7440561288968
leaf_count=4180 165 96 64 102 146 294 645 77 312 66 99 72 39 422 53 96 35 12095
internal_value=-0.000311889 -0.000707077 -0.000356093 -0.00963629 -0.0168899 0.000481774 0.000481774 0.00580622 0.000481774 0.0132085 0.0326568 0.000481774 0.00578517 0.014399 0.01081 0.013335 -0.0225158 0.000481774
internal_weight=3173.62 3140.86 3107.22 252.958 161.84 2854.26 2821.89 233.169 113.121 120.048 32.756 2588.72 99.4535 109.014 72.3663 49.7203 113.055 2489.27
internal_count=19058 18794 18698 347 245 18351 18057 1522 389 1133 264 16535 260 1067 221 168 181 16275
is_linear=0
shrinkage=0.03


Tree=105
num_leaves=31
num_cat=0
split_feature=7 0 1 2 1 0 0 1 0 4 2 0 5 0 1 1 5 1 1 1 2 1 1 2 2 5 1 0 2 2
split_gain=41.7497 41.6731 19.2488 27.9762 14.2675 10.657 7.82557 6.45435 4.85603 25.2459 5.24197 3.91476 5.63013 3.6525 2.51071 3.70957 2.28139 2.51378 4.39442 2.89857 3.90614 1.47351 1.42228 2.48449 3.91697 1.31722 0.849242 0.29015 0.242801 0.222552
threshold=1.0000000180025095e-35 1292.1540972222226 121.50000000000001 3.5000000000000004 9.5000000000000018 1.0000000180025095e-35 5.6969097222222231 1.0000000180025095e-35 320.32387731481487 0.99999995961538468 2.5000000000000004 1143.929039351852 16.308333333333334 1588.6313946759262 1.0000000180025095e-35 1.0000000180025095e-35 9395.091666666669 5.5000000000000009 7.5000000000000009 22.500000000000004 13.500000000000002 56.500000000000007 11.500000000000002 5.5000000000000009 7.5000000000000009 1.0000000180025095e-35 1.5000000000000002 61.72733796296297 20.500000000000004 28.500000000000004
decision_type=2 2 2 2 2 2 2 2 2 8 2 2 10 2 2 2 10 2 2 2 2 2 2 2 2 10 2 2 2 2
left_child=1 2 3 4 5 -1 25 13 10 -10 15 12 -8 -3 -11 -7 17 -14 -19 22 -21 28 23 -20 -25 -5 -17 -4 -22 -30
right_child=-2 7 27 6 -6 8 11 -9 9 14 -12 -13 16 -15 -16 26 -18 18 19 20 21 -23 -24 24 -26 -27 -28 -29 29 -31
leaf_value=0.0039235269376763022 0.031030540443506331 -0.010596125623149282 0.0023612169191091856 0.024554461194154272 -0.010596125623149282 -0.0019740935249337264 0.012714163341893439 -0.010596125623149282 -0.010596125623149282 -0.0020008769574815359 0.0039235269376763022 -0.0055506051047340315 0.012714163341893439 -0.020264461315018148 0.00037008835883772247 0.0029871204530286608 -0.0055506051047340315 -0.0055506051047340315 0.012305378321295383 -0.0055506051047340315 0.0024224515545075054 -0.0014780233087002049 0.012629733022426161 -0.0055506051047340315 0.010901980279004504 0.012714163341893439 0.00037008835883772247 -0.010596125623149282 0.012714163341893439 0.0035745802304263086
leaf_weight=556.2564346306026 33.479025972541422 58.381374593824148 14.719649904407559 26.153589451685548 36.759955961257219 600.49968952313066 115.31595159973949 156.4430518001318 150.4435924179852 398.74215023778379 101.06331022735685 18.196312829852104 25.81882499717176 104.32074676826596 105.80885488167405 210.01207411661744 8.1085412427782995 21.273239817470312 11.916429441422222 15.857781439088283 6.2153614945709732 13.822022434789686 40.208975191228092 11.763227025046946 9.4121181759983283 26.836068996693939 233.46911383792758 42.15751030575484 7.9223252357915026 7.221623420715332
leaf_count=4115 255 125 73 285 224 5526 703 193 329 900 761 23 160 142 170 1647 61 176 64 87 69 77 308 89 59 263 1901 134 58 52
internal_value=-2.87802e-05 -0.000409335 0.000761907 0.00115675 -3.16173e-05 0.000313599 0.00882159 -0.0105961 -0.000809736 -0.00285945 0.000370088 0.00680666 0.0076491 -0.0167594 0.000370088 0.000370088 0.00413955 0.00497201 0.00319555 0.0054424 -0.00010955 0.00596521 0.00906834 0.0036512 -0.00263922 0.0191121 0.00162617 -0.0105961 0.0101486 0.0119312
internal_weight=3168.6 3135.12 2815.97 2759.1 2393.06 2356.3 366.042 319.145 1800.04 654.995 1145.04 313.053 294.856 162.702 504.551 1043.98 179.54 171.432 145.613 124.34 51.0391 35.1813 73.3007 33.0918 21.1753 52.9897 443.481 56.8772 21.3593 15.1439
internal_count=19029 18774 18314 18107 15573 15349 2534 460 11234 1399 9835 1986 1963 267 1070 9074 1260 1199 1039 863 343 256 520 212 148 548 3548 207 179 110
is_linear=0
shrinkage=0.03


Tree=106
num_leaves=31
num_cat=0
split_feature=0 1 7 2 1 0 0 1 0 3 1 0 0 1 6 2 0 2 1 1 2 1 2 1 2 1 0 1 3 1
split_gain=52.8466 30.9566 28.5549 16.8974 15.8289 12.5003 6.77898 7.94069 9.76372 5.31234 3.22244 3.10396 2.18496 3.00016 1.70241 2.05549 7.68203 2.6988 2.90771 4.35841 2.65066 2.48954 3.01158 1.61323 1.58034 1.86002 1.49683 2.09617 1.31624 1.35875
threshold=1758.9303414351855 223.00000000000003 1.0000000180025095e-35 3.5000000000000004 9.5000000000000018 6.2178761574074084 1.0000000180025095e-35 1.0000000180025095e-35 1484.9627025462964 0.48875222527917145 3.5000000000000004 35.80854745370371 1347.758697916667 5.5000000000000009 0.0040405524537173087 24.500000000000004 61.72733796296297 5.5000000000000009 6.5000000000000009 9.5000000000000018 4.5000000000000009 27.500000000000004 6.5000000000000009 10.500000000000002 7.5000000000000009 21.500000000000004 1143.929039351852 2.5000000000000004 0.99909747292418782 4.5000000000000009
decision_type=2 2 2 2 2 2 2 2 2 10 2 2 2 2 10 2 2 2 2 2 2 2 2 2 2 2 2 2 10 2
left_child=1 2 3 4 6 -5 -1 8 -8 -6 11 -9 13 -7 15 17 -17 18 -15 -20 -21 22 -19 -24 -25 -26 27 -13 -12 -30
right_child=-2 -3 -4 5 9 12 7 10 -10 -11 28 26 -14 14 -16 16 -18 21 19 20 -22 -23 23 24 25 -27 -28 -29 29 -31
leaf_value=0.0033571744268418753 -0.015838484855436766 -0.015838484855436766 0.028214529959298535 0.019413416658471745 -0.015838484855436766 0.011405299918934662 -0.0015813538814134069 0.0033571744268418753 -0.015838484855436766 0.0056470982170733122 -0.0036319375192166905 -4.1854294797270995e-05 -0.0038155513492955217 -0.0038155513492955217 0.013152670022923484 0.013152670022923484 -0.0038155513492955217 0.011782875939490241 0.010939704174024303 0.0069707332809036222 -0.0038155513492955217 0.013152670022923484 -0.0038155513492955217 -0.0038155513492955217 0.0085774362404524747 -0.0038155513492955217 -0.0037792994381477172 0.0033571744268418753 0.0033571744268418753 -0.0036319375192166905
leaf_weight=548.34842337667942 173.82989702373743 46.449820048175752 30.252425865270197 55.104431131388992 25.860563334077597 52.45377257373184 1049.9724534414709 273.10568307898939 29.367364227771759 8.8816451132297498 115.79997489135712 301.78759926371276 23.196659311652184 16.98019908182323 11.561419826466588 16.568412482738495 18.670970818027854 27.954569322988391 30.368884138762951 16.131763624027371 16.054901665076613 30.183020987547934 22.845093010924757 11.26330780610442 39.703979829326272 10.871061097830532 55.403261840343475 74.347432784736156 11.821127641946079 7.7939315047115079
leaf_count=4134 174 150 270 583 175 310 6424 2157 69 55 714 1425 45 116 158 112 63 178 165 82 79 165 134 73 284 89 102 367 74 57
internal_value=2.11525e-06 0.000951399 0.00137397 0.00104616 0.000125942 0.00673188 0.000431493 -0.000410889 -0.00210895 -0.0158385 0.00177042 0.00258383 0.0044567 0.00510263 0.00368875 0.00302164 -0.00335986 0.00408464 -0.000349907 0.00359017 -0.00381555 0.0064825 0.00408042 0.00102263 0.0035479 0.00578192 0.000618443 0.00130729 -0.00240357 0.00335717
internal_weight=3152.93 2979.1 2932.65 2902.4 2502.49 399.912 2467.75 1919.4 1079.34 34.7422 840.059 704.644 344.808 321.611 269.158 257.596 35.2394 222.357 79.5357 62.5555 32.1867 142.821 112.638 84.6834 61.8383 50.575 431.538 376.135 135.415 19.6151
internal_count=18983 18809 18659 18389 15753 2636 15523 11389 6493 230 4896 4051 2053 2008 1698 1540 175 1365 442 326 161 923 758 580 446 373 1894 1792 845 131
is_linear=0
shrinkage=0.03


Tree=107
num_leaves=17
num_cat=0
split_feature=7 0 8 6 0 1 8 0 0 1 1 8 8 8 8 8
split_gain=36.4718 34.9859 26.3358 13.4368 4.90098 10.3352 3.57834 3.16141 2.97057 2.3195 2.19582 1.86045 0.398588 1.86576 0.38139 0.124373
threshold=1.0000000180025095e-35 1484.9627025462964 -0.027799858695191502 0.0022290392584983459 9.4828587962962985 5.5000000000000009 -0.094211819394037541 1.0000000180025095e-35 2.9292881944444447 10.500000000000002 1.0000000180025095e-35 -0.37793073521791937 -0.31618295127277313 1.3363062095621225 -0.039088848192108873 -0.33327857181824677
decision_type=2 2 10 10 2 2 8 2 2 2 2 8 10 8 8 8
left_child=1 3 6 4 5 7 -3 -1 -7 -10 -9 -12 -6 -14 -8 -11
right_child=-2 2 -4 -5 12 8 14 10 9 15 11 -13 13 -15 -16 -17
leaf_value=0.0039636121204261682 0.029750925863653174 -0.0097000440955225843 0.0011255519165774999 0.019089145030204542 -0.0016972375554869072 0.019089145030204542 -0.024632705630332662 0.0011255519165774999 0.0011255519165774999 0.0031520925361424651 0.0011255519165774999 0.0039636121204261682 -0.00058076543171006203 0.0011255519165774999 -0.014275207238542476 0.013279945487982244
leaf_weight=544.82819386571646 33.141258805524558 42.414294302463531 78.756202556192875 32.495621897745878 582.67636148724705 35.267639586236328 65.285389274358749 168.5488736666739 8.4841703129932302 5.2358649093657732 61.036089231260121 154.59138219151646 945.7718699472025 311.20483739860356 33.143158629536629 14.474133207928391
leaf_count=4054 256 50 80 301 4687 322 114 1569 109 61 509 1260 4172 1267 42 123
internal_value=0.000594419 0.000233474 -0.0111695 0.00112555 0.00112555 0.00326832 -0.0187581 0.00242496 0.0145353 0.00573993 0.00112555 0.00396361 0.00112555 0.00112555 -0.0220038 0.0117717
internal_weight=3117.36 3084.21 219.599 2864.62 2832.12 992.466 140.843 929.005 63.4618 28.1942 384.176 215.627 1839.65 1256.98 98.4285 19.71
internal_count=18976 18720 286 18434 18133 8007 206 7392 615 293 3338 1769 10126 5439 156 184
is_linear=0
shrinkage=0.03


Tree=108
num_leaves=31
num_cat=0
split_feature=1 0 8 6 8 2 0 8 7 0 0 8 8 8 8 8 8 8 8 8 8 8 8 8 8 8 8 8 8 8
split_gain=33.7093 29.4654 35.0131 22.9523 11.7411 6.94823 13.3396 5.85593 2.42777 1.69146 1.68268 1.55307 0.4535 3.02808 2.92228 2.55035 13.1607 2.15631 1.98371 7.6984 2.9938 4.38108 2.15216 2.24534 3.56752 4.85476 1.25733 1.18839 2.76403 1.16956
threshold=365.50000000000006 1292.1540972222226 -0.027799858695191502 0.0040405524537173087 -0.10139620675970266 8.5000000000000018 149.05817129629634 4.7674795406178676 1.0000000180025095e-35 2234.0129687500007 27.381128472222226 -0.46540249995852678 -0.24247297771058599 -0.20087517160411791 -0.16363511832720443 -0.098112905730255662 -0.089272192474319043 -0.26719582328562419 -0.085162603498078915 -0.077894202850768146 3.4579942093215115 4.1721371262788347 5.8775027652492442 11.576149430677996 15.154108648399317 19.868193860798456 inf -0.25802100521797705 -0.24566234184904998 -0.29507168271271794
decision_type=2 2 10 10 8 2 2 8 2 2 2 8 8 8 8 8 8 10 8 8 8 8 8 8 8 8 8 10 10 10
left_child=1 3 4 5 -3 8 10 -8 11 -6 -7 -1 17 -14 -15 -16 -17 29 -18 -20 -21 -22 -23 -24 -25 -26 -27 -19 -29 -13
right_child=-2 2 -4 -5 9 6 7 -9 -10 -11 -12 12 13 14 15 16 18 27 19 20 21 22 23 24 25 26 -28 28 -30 -31
leaf_value=-0.0033424857537368204 -0.024483374013054893 -0.0039796979257877806 0.0014016373495572933 0.021949841553590026 -0.016874841348611988 0.02075220892410155 -0.0039796979257877806 0.011947220899976602 0.015575990449856334 -0.027852765466600576 0.011947220899976602 0.0046506413693001378 -0.0039796979257877806 0.0082189200331516665 -0.0025690313026462803 0.015575990449856334 -0.0039796979257877806 0.015575990449856334 0.014037573409757392 -0.0023147109053035632 0.014641441721169142 -0.0039796979257877806 0.0073490272909577936 -0.0039796979257877806 0.015575990449856334 -0.0039796979257877806 0.0014016373495572933 -0.0039796979257877806 0.013443457438060427 0.0014016373495572933
leaf_weight=145.83698075870052 44.575475214980543 56.488660171627998 90.056507125496864 43.94713882310316 104.37081605568528 44.513334372080863 44.26165097206831 16.438044125214219 13.560471421107648 35.440095365047455 34.12410138733685 110.58053745143116 77.966108836233616 72.058826100081205 257.32860892638564 38.821342743933201 18.296539053320885 12.203033478930591 44.492895781993866 347.67254234896973 19.238630093634132 39.810217352584004 60.352118352428079 14.281486492604015 16.544834673404694 6.717308834195137 1242.7754437043332 11.840831805020569 9.6668102350085992 38.408795961178839
leaf_count=1248 133 83 114 511 217 457 159 48 30 36 258 817 413 467 1193 106 65 75 109 1514 79 130 199 43 20 12 10076 89 44 254
internal_value=5.74789e-05 0.000453281 -0.00862526 0.00140164 -0.0159796 0.00140164 0.00818279 0.00140164 0.00140164 -0.0205232 0.0163354 0.00140164 0.00140164 0.00140164 0.00140164 0.00140164 0.00140164 0.00414612 0.00140164 0.00140164 0.00140164 0.00140164 0.00140164 0.00140164 0.00140164 0.00140164 0.00140164 0.0105031 0.00445426 0.00241345
internal_weight=3112.67 3068.09 286.356 2781.74 196.3 2737.79 139.337 60.6997 2598.45 139.811 78.6374 2584.89 2439.06 2256.36 2178.39 2106.33 1849 182.7 1810.18 1791.89 1747.39 1399.72 1380.48 1340.67 1280.32 1266.04 1249.49 33.7107 21.5076 148.989
internal_count=18999 18866 450 18416 336 17905 922 207 16983 253 715 16953 15705 14426 14013 13546 12353 1279 12247 12182 12073 10559 10480 10350 10151 10108 10088 208 133 1071
is_linear=0
shrinkage=0.03


Tree=109
num_leaves=14
num_cat=0
split_feature=7 0 8 0 8 2 8 8 8 8 8 8 1
split_gain=35.0476 38.0796 19.3565 13.1407 39.1331 12.2871 28.6868 5.98096 1.39583 3.308 2.21217 5.64603 1.11924
threshold=1.0000000180025095e-35 489.53263888888893 -0.32702254282720306 1758.9303414351855 0.17628365289956047 2.5000000000000004 -0.23557153253476068 4.1721371262788347 1.2910918749267415 2.2762625257613989 5.0251581615581147 7.2234608325877323 1.0000000180025095e-35
decision_type=2 2 10 2 10 2 8 8 8 8 8 8 2
left_child=1 5 12 6 -5 -1 -4 -7 -8 -10 -11 -12 -3
right_child=-2 2 3 4 -6 7 8 -9 9 10 11 -13 -14
leaf_value=0.00079392280492474867 0.029550615554526916 -0.021515149503385223 0.02530496905508086 -0.024473243473055531 -0.0020911674167381315 0.0035924282798104139 -0.0044062583923022694 0.02530496905508086 0.0070361755965342087 -0.0083993417344928045 0.0091088994072848692 -0.0020911674167381315 -0.011104529205342455
leaf_weight=1730.535821900703 30.960139848757535 54.72345975600183 29.428085267543793 94.189476259052753 46.129348248243332 339.06320437602699 459.96713352203369 88.128721021581441 32.503672793507576 45.484748426824808 37.315258488059044 69.352231514640152 34.87487255781889
leaf_count=13703 260 106 50 115 37 2743 861 655 47 74 56 113 73
internal_value=0.000105989 -0.000239452 -0.00539143 -0.00387235 -0.0120623 0.00192641 -0.00209117 0.00645183 -0.00209117 -0.00127835 -0.00209117 -0.000736917 -0.0182641
internal_weight=3092.66 3061.7 903.968 814.37 140.319 2157.73 674.051 427.192 644.623 184.656 152.152 106.667 89.5983
internal_count=18893 18633 1532 1353 152 17101 1201 3398 1151 290 243 169 179
is_linear=0
shrinkage=0.03


Tree=110
num_leaves=31
num_cat=0
split_feature=1 2 0 5 1 0 6 2 0 8 8 1 1 8 2 2 0 8 5 8 8 8 8 8 8 8 8 8 8 8
split_gain=31.2111 26.1012 32.6807 20.0736 15.6872 9.2099 8.55719 8.54724 7.12505 18.1526 5.36279 4.64442 4.52249 3.26804 2.25803 4.02009 2.2434 2.61321 1.7874 3.5753 1.70382 1.49488 7.62796 2.2711 9.19633 2.13873 4.03051 1.86457 1.81623 2.81785
threshold=516.00000000000011 4.5000000000000009 2234.0129687500007 5.0041666666666673 23.500000000000004 77.021174768518534 0.067816091954023008 8.5000000000000018 1484.9627025462964 -0.039088848192108873 10.275374294413295 55.500000000000007 14.500000000000002 -0.12393097265100135 7.5000000000000009 8.5000000000000018 1.0000000180025095e-35 -1.2197458291074501 1795.5750000000003 15.154108648399317 -0.14851099033688575 -0.10976661887118579 -0.098112905730255662 -0.060406289022973798 -0.03226654156120868 2.7044694707785459 3.4579942093215115 -0.22639738596760769 4.3865985131140901 5.8775027652492442
decision_type=2 2 2 10 2 2 10 2 2 10 10 2 2 10 2 2 2 10 10 8 10 10 10 10 8 10 8 10 10 8
left_child=1 2 4 14 6 7 8 -5 10 13 12 18 16 -10 19 -16 -1 -18 -7 20 -3 27 -23 -24 -25 -26 -27 -19 -28 -30
right_child=-2 3 -4 5 -6 11 -8 -9 9 -11 -12 -13 -14 -15 15 -17 17 21 -20 -21 -22 22 23 24 25 26 28 -29 29 -31
leaf_value=0.0029002912944533217 -0.025732193973599261 0.013436524036583084 -0.021700561428418873 -0.00020921251146050135 -0.021700561428418873 -0.00020921251146050135 0.016349521980150748 0.018145185791321423 -0.0064157528568616297 0.00084490189049805334 0.010141132756201061 -0.01200200625854933 0.014268242332636826 -0.021197172230736895 -0.00020921251146050135 0.018145185791321423 -0.0016892365481087745 0.00042569913655684681 -0.01034147080617843 0.0066536572453508623 0.03726745989042949 -0.0064157528568616297 0.0029002912944533217 -0.0064157528568616297 0.0029002912944533217 -0.0064157528568616297 0.0029002912944533217 0.0029002912944533217 -0.0064157528568616297 0.0014217374403594867
leaf_weight=542.20009530335665 35.025837775319815 12.100657693110405 56.264915436506271 36.078547508921474 20.346528576686978 105.34952055290341 26.019118790514767 56.677141783293337 26.429899908602238 48.459883220493793 50.890778169035912 25.138871069997549 18.228378040716052 45.143305510282516 7.8947552368044844 35.142906398745254 679.85619709827006 313.90975514426827 18.188421480357647 9.5048763547092658 22.548001743853092 43.712906241416931 210.35045227780938 88.473750535398722 106.21740597393364 23.878323458135128 17.923553423956037 336.19910727255046 30.035869885236025 42.041147006675601
leaf_count=4062 110 65 50 416 104 426 243 529 38 66 92 85 84 98 46 315 5868 2232 97 77 105 200 543 220 579 98 71 1680 96 149
internal_value=0.000589459 0.000932769 -3.6324e-05 0.00885334 0.000459856 0.00420757 0.000683634 0.0113605 0.000497491 -0.00649356 0.000844902 -0.000479371 0.000844902 -0.0165142 0.0207916 0.0181452 0.000844902 0.000844902 -0.000209213 0.0275245 0.0316888 0.000844902 0.000844902 0.000844902 0.000844902 0.001007 0.000844902 0.00230429 0.000844902 0.000844902
internal_weight=3090.23 3055.21 2726.58 328.624 2670.32 241.433 2649.97 92.7557 2623.95 120.033 2503.92 148.677 2453.03 71.5732 87.1912 43.0377 2434.8 1892.6 123.538 44.1535 34.6487 1212.74 562.633 518.921 308.57 220.096 113.879 650.109 90.0006 72.077
internal_count=18844 18734 16573 2161 16523 1553 16419 945 16176 202 15974 608 15882 136 608 361 15798 11736 523 247 170 5868 1956 1756 1213 993 414 3912 316 245
is_linear=0
shrinkage=0.03


Tree=111
num_leaves=14
num_cat=0
split_feature=7 1 0 8 2 8 8 8 8 0 8 8 8
split_gain=32.4562 28.4541 24.6381 34.7222 14.5343 20.6249 7.94134 6.04241 5.64385 5.44269 5.31627 1.74747 1.40982
threshold=1.0000000180025095e-35 267.50000000000006 1292.1540972222226 -0.027799858695191502 3.5000000000000004 5.6428937444573917 -0.070506521604648459 4.1721371262788347 6.2480140321346562 1758.9303414351855 -0.11280427960190416 2.217106583904477 -0.15418879655818046
decision_type=2 2 2 10 2 8 10 8 10 2 8 8 8
left_child=1 2 4 6 -1 -5 9 -6 -9 10 -4 -3 -2
right_child=12 11 3 5 7 -7 -8 8 -10 -11 -12 -13 -14
leaf_value=0.0015122704640629387 0.0091513131994169772 -0.02662995204305766 0.0015122704640629387 0.015568265387643471 0.0052486597778662403 -0.0098418323014304362 -0.024427985635584588 0.02074748525862441 0.0038916656864206377 -0.016667564662130013 -0.01190367728605808 -0.0095022371834569807 0.033445629504002219
leaf_weight=2341.6659343042411 7.5564458779990673 29.332499257288873 30.304823376238346 69.830189742147923 294.19613391906023 42.384570404887199 60.662129145115614 47.217085543088615 31.384275192394853 60.863935373723507 32.845301069319248 15.859384379349647 22.036387715488715
leaf_count=15421 70 91 50 82 2122 53 130 378 107 71 75 56 177
internal_value=0.000565653 0.000238231 0.000610618 -0.00752167 0.00151227 0.00151227 -0.0156548 0.00739906 0.0155683 -0.010583 -0.00392612 -0.0221646 0.0294615
internal_weight=3086.14 3056.55 3011.35 296.891 2714.46 112.215 184.676 372.797 78.6014 124.014 63.1501 45.1919 29.5928
internal_count=18883 18636 18489 461 18028 135 326 2607 485 196 125 147 247
is_linear=0
shrinkage=0.03


Tree=112
num_leaves=21
num_cat=0
split_feature=7 0 0 2 2 2 4 1 0 0 1 0 2 0 1 1 2 1 2 2
split_gain=39.8587 31.1323 17.7258 19.617 11.5324 19.3403 10.6121 15.669 6.18465 6.12626 2.76703 1.69934 1.48308 1.96771 0.980494 0.905345 0.315489 2.41923 0.243499 0.143712
threshold=1.0000000180025095e-35 293.91310763888896 2234.0129687500007 22.500000000000004 7.5000000000000009 1155.0000000000002 0.20870537027291231 1.0000000180025095e-35 27.381128472222226 1292.1540972222226 6.5000000000000009 1.0000000180025095e-35 15.500000000000002 152.53480324074076 1.5000000000000002 3.5000000000000004 2.5000000000000004 5.5000000000000009 25.500000000000004 8.5000000000000018
decision_type=2 2 2 2 2 2 8 2 2 2 2 2 2 2 2 2 2 2 2 2
left_child=1 4 3 6 11 8 10 9 -6 -8 14 -1 19 18 -3 -16 -13 -18 -14 -10
right_child=-2 2 -4 -5 5 -7 7 -9 12 -11 -12 16 13 -15 15 -17 17 -19 -20 -21
leaf_value=0.0025840021339508896 0.029998488849222998 -0.0088065633254700224 -0.019292851525775024 -0.019292851525775024 0.020987601340923416 -0.019292851525775024 -0.0031006636789458301 0.00090990974923282973 0.0034308849607432254 -0.0088065633254700224 -0.0019151459847009454 0.00090990974923282973 0.0018319874021660654 0.00090990974923282973 -0.015808765522555803 -0.007180542532295657 0.0025840021339508896 0.00090990974923282973 0.010842995887195745 0.011682728205221062
leaf_weight=542.19071719050407 33.290400618687272 83.308573355898261 65.643959239125252 33.519591418094933 52.801931701600552 9.6809617113322002 425.08723137155175 297.31189473159611 7.7199868848547331 109.02547580003738 44.731923343613744 1001.0664687287062 5.8252886608243051 9.1237976653501374 54.051206782460213 30.453582841902971 125.69766601501033 104.55104926228523 15.255554613657294 27.134337514638901
leaf_count=4137 261 136 58 87 574 41 951 604 64 221 119 8924 56 47 121 70 989 1022 110 229
internal_value=-0.000420377 -0.000801676 -0.00470315 -0.0037293 0.00155053 0.0100882 -0.00290475 -0.00135239 0.0136934 -0.00493014 -0.00880656 0.00090991 0.00669802 0.00142592 -0.010535 -0.0132742 0.00090991 0.002584 0.00918155 0.0105147
internal_weight=3077.47 3044.18 1143.13 1077.49 1901.05 127.542 1043.97 831.425 117.861 534.113 212.545 1773.51 65.059 30.2046 167.813 84.5048 1231.32 230.249 21.0808 34.8543
internal_count=18821 18560 2367 2309 16193 1121 2222 1776 1080 1172 446 15072 506 213 327 191 10935 2011 166 293
is_linear=0
shrinkage=0.03


Tree=113
num_leaves=31
num_cat=0
split_feature=7 1 2 1 5 2 6 5 2 5 1 5 1 3 1 1 2 3 5 1 1 1 1 1 1 1 2 1 5 1
split_gain=30.122 24.5693 27.4611 13.5383 8.47911 9.02128 5.29932 4.84362 3.58912 5.56037 7.98312 5.02708 4.39423 4.32319 6.31982 3.64443 3.06601 3.24586 1.45565 1.32267 2.80097 4.75028 3.92089 1.06718 2.28997 0.85395 0.730068 2.57197 0.63807 0.45274
threshold=1.0000000180025095e-35 516.00000000000011 4.5000000000000009 21.500000000000004 65.737500000000026 24.500000000000004 0.23764705882352943 0.93333333333333346 2.5000000000000004 2.6375000000000006 5.5000000000000009 5.8458333333333341 12.500000000000002 0.99909747292418782 5.5000000000000009 3.5000000000000004 1.5000000000000002 0.99909747292418782 8400.6166666666686 39.500000000000007 25.500000000000004 17.500000000000004 14.500000000000002 3.5000000000000004 2.5000000000000004 2.5000000000000004 7.5000000000000009 9.5000000000000018 1020.5833333333334 7.5000000000000009
decision_type=2 2 2 2 10 2 10 10 2 10 2 10 2 10 2 2 2 10 8 2 2 2 2 2 2 2 2 2 10 2
left_child=1 2 3 6 5 7 8 -4 11 15 18 16 -12 14 25 -10 -1 23 -11 20 21 22 29 24 -18 -13 27 -6 -29 -9
right_child=-2 -3 4 -5 26 -7 -8 19 9 10 12 13 -14 -15 -16 -17 17 -19 -20 -21 -22 -23 -24 -25 -26 -27 -28 28 -30 -31
leaf_value=-0.00084399943078924207 0.02771806786295317 -0.025333126637602787 0.023341327322508054 -0.022047501497836665 0.0024310702792350192 0.0024310702792350192 0.014586623499683376 0.0024310702792350192 0.0040831465948385067 0.00514135560932671 -0.012741948410582035 -0.014765632434242608 0.006050361843813792 -0.00084399943078924207 -0.00084399943078924207 0.014272911688150593 -6.7281034876322902e-06 0.0094408463905850393 -0.0050132505140273826 0.0024310702792350192 0.023341327322508054 0.0024310702792350192 0.023341327322508054 -0.00084399943078924207 0.0094408463905850393 -0.0074350950195547702 0.0024310702792350192 -0.0021762086037212035 -0.012906009526296888 0.0098451994861720182
leaf_weight=2092.8082619477063 30.025774003472179 29.77812958881259 48.614878688007593 22.135102193802595 27.538817027583718 32.369302615057677 15.149956056848167 12.847940440755336 25.411468429490924 107.39261923357844 47.580635814927518 62.997095560654998 10.997197913005946 33.509305039420724 21.062772149220109 47.181372425984591 73.867097169160843 46.876801123842597 10.319319741800426 13.226331116631625 10.85334670729935 15.095920232590286 9.271222008392213 26.585673879832029 18.43080775346607 41.96908270381391 87.028838217258453 11.621793355792763 8.9521871227771026 42.132390160113573
leaf_count=12942 272 106 357 118 236 174 99 90 141 657 312 503 64 218 130 237 361 248 50 60 69 107 49 108 77 241 590 67 67 210
internal_value=5.53211e-05 -0.000261551 2.67623e-05 -0.000961154 0.00827319 0.0123773 -0.000746433 0.0155157 -0.000860666 0.00253649 -0.000397927 -0.00121483 -0.00901558 -0.00627945 -0.00901846 0.00922909 -0.000843999 0.00317849 0.00408315 0.0109305 0.0121826 0.00910326 0.0132192 0.000427815 0.0026154 -0.012306 0.00243107 -0.0011644 -0.00845545 0.00842346
internal_weight=3083.63 3053.61 3023.83 2704.27 319.553 184.411 2682.14 152.042 2666.99 248.883 176.29 2418.11 58.5778 159.538 126.029 72.5928 2258.57 165.76 117.712 103.427 90.2008 79.3475 64.2516 118.884 92.2979 104.966 135.142 48.1128 20.574 54.9803
internal_count=18960 18688 18582 16506 2076 1116 16388 942 16289 1461 1083 14828 376 1092 874 378 13736 794 707 585 525 456 349 546 438 744 960 370 134 300
is_linear=0
shrinkage=0.03


Tree=114
num_leaves=9
num_cat=0
split_feature=0 1 6 8 8 7 0 8
split_gain=41.1326 28.8406 24.0271 5.30692 6.41148 5.30302 4.96811 0.140844
threshold=1484.9627025462964 5.5000000000000009 0.0040405524537173087 -0.098112905730255662 -0.027799858695191502 1.0000000180025095e-35 1.0000000180025095e-35 -0.16139280307313006
decision_type=2 2 10 8 10 2 2 8
left_child=2 3 5 -2 -5 6 -1 -4
right_child=1 -3 7 4 -6 -7 -8 -9
leaf_value=0.0040388634910857634 -0.0065468069370450419 0.0010017308700529346 0.016600518002238093 -0.025937101571090363 -0.010662019016027761 0.016600518002238093 0.0010017308700529346 0.026371372590590924
leaf_weight=549.9428778141737 34.049338527023792 46.747227892279625 13.214042869396506 87.173914574086666 48.603792272508144 16.115164861083031 2244.9484829138964 28.197633068310097
leaf_count=4093 40 51 170 152 53 38 13911 330
internal_value=3.62215e-05 -0.0124158 0.00100173 -0.0184062 -0.021042 0.00100173 0.00100173 0.0225896
internal_weight=3068.99 216.574 2852.42 169.827 135.778 2811.01 2794.89 41.4117
internal_count=18838 296 18542 245 205 18042 18004 500
is_linear=0
shrinkage=0.03


Tree=115
num_leaves=31
num_cat=0
split_feature=1 0 8 8 6 2 0 8 8 8 2 8 8 8 8 8 8 8 8 2 8 5 8 8 8 8 8 8 8 8
split_gain=26.8442 24.4348 23.0594 16.4079 14.9689 7.8051 9.96742 6.03197 7.68699 4.81497 4.50402 4.05055 4.52861 6.91652 4.55876 5.39913 4.12208 3.2183 3.52869 3.11585 2.99469 2.37654 3.54168 4.05031 2.09354 1.48966 4.56033 1.41436 1.39331 2.63231
threshold=365.50000000000006 1292.1540972222226 -0.039088848192108873 5.8775027652492442 0.0040405524537173087 3.5000000000000004 6.2178761574074084 -0.094211819394037541 -0.11528239517639434 3.7733712206366348 4.5000000000000009 -0.22639738596760769 -0.11106829372089243 -0.10306521699421792 -0.089272192474319043 -0.098112905730255662 -0.13606990972723812 -0.085162603498078915 -0.077894202850768146 9.5000000000000018 -0.070506521604648459 8.5416666666666696 2.2762625257613989 -0.10842981746940834 -0.081313953331354438 -0.12238069868960837 -0.11899143375444515 6.2480140321346562 -0.23863893236924633 -0.35447362947822741
decision_type=2 2 10 10 10 2 2 10 8 8 2 10 10 8 10 8 10 8 10 2 8 10 10 10 10 10 10 8 10 10
left_child=1 4 7 -4 5 11 -7 8 -3 21 -11 -1 16 -14 15 -15 -13 -16 24 -12 -20 22 23 28 -19 -18 -27 -22 29 -8
right_child=-2 2 3 -5 -6 6 9 -9 -10 10 19 12 13 14 17 -17 25 18 20 -21 27 -23 -24 -25 -26 26 -28 -29 -30 -31
leaf_value=-0.00079354478016716436 -0.023130058929043858 -0.015916627544480418 0.0011776186354501134 -0.017202360762219024 0.01851712004647485 0.017724978838406836 0.0011776186354501134 -0.021565132445700706 0.0011776186354501134 0.017724978838406836 0.0011776186354501134 0.0022997269873953705 -0.01363189998203849 -0.003841821226389896 -0.01172237748771753 0.014932789781093175 0.013515218042966017 0.0024570567662642465 -0.0087257622850173168 0.012578432233414774 -0.00084689689851083017 0.0011776186354501134 0.0011776186354501134 0.017724978838406836 0.015829436583598686 -0.0045102990235883107 0.011539373075158645 0.0034825918729445449 0.0011776186354501134 0.016626418253959684
leaf_weight=1476.9540134882554 39.651709152385592 49.673261344432831 85.991817161440849 38.808294638991356 39.831434842897579 48.216842640656978 11.739055030979214 75.138021629303694 32.616822630167007 19.847195727750659 22.590910028666258 200.5281723998487 26.836547996848822 17.413022993132472 18.598156586289406 39.788220945745707 47.079926686361432 21.958614021539688 38.762949047610164 19.29153213603422 289.07599298842251 169.28042075689882 9.658328188583253 23.599978838581592 20.05654675886035 22.172758623957634 37.059585003182292 83.310827147215605 11.369739618152382 10.726192586123942
leaf_count=11876 125 66 114 52 491 541 116 164 56 64 99 1116 151 72 60 111 221 63 110 86 1076 1194 50 141 43 93 169 204 46 53
internal_value=-3.96188e-05 0.000302643 -0.00802123 0.00117762 0.00117762 0.00117762 0.00572333 -0.0154791 -0.00900516 0.00352175 0.0106474 0.00117762 0.0017875 0.00117762 0.00117762 0.00936808 0.00493622 0.00117762 0.00117762 0.00389497 0.00117762 0.00147887 0.00666108 0.010445 0.00984512 0.00958255 0.005648 0.00117762 0.00290873 0.00825904
internal_weight=3047.63 3007.98 282.228 124.8 2725.75 2685.92 346.32 157.428 82.2901 298.103 61.7296 2339.6 862.641 555.801 528.964 57.2012 306.84 471.763 453.165 41.8824 411.15 236.374 67.0933 57.435 42.0152 106.312 59.2323 372.387 33.835 22.4652
internal_count=18823 18698 452 166 18246 17755 2390 286 122 1849 249 15365 3489 1890 1739 183 1599 1556 1496 185 1390 1600 406 356 106 483 262 1280 215 169
is_linear=0
shrinkage=0.03


Tree=116
num_leaves=31
num_cat=0
split_feature=1 6 2 8 5 1 3 1 2 8 8 5 8 5 2 8 8 1 1 8 8 8 8 8 8 1 8 8 1 5
split_gain=31.3308 17.9816 12.2621 14.7565 19.5076 14.2103 14.0697 8.66486 9.28629 7.34923 9.82675 9.86151 7.28608 6.89206 5.00842 10.9929 5.50051 16.1132 10.6996 7.7431 4.37114 4.8825 6.38201 4.32038 10.0938 13.9925 15.4696 8.0116 9.34849 5.96343
threshold=516.00000000000011 0.0040405524537173087 4.5000000000000009 15.154108648399317 5.479166666666667 23.500000000000004 0.12696813115463698 56.500000000000007 42.500000000000007 -0.027799858695191502 -0.05395565565866154 1.0000000180025095e-35 11.576149430677996 104.34166666666668 1.5000000000000002 -0.20899173069157134 -0.22639738596760769 1.5000000000000002 1.0000000180025095e-35 -0.22639738596760769 -0.14129821556612357 -0.15605973863827866 -0.16363511832720443 3.4579942093215115 4.3865985131140901 3.5000000000000004 8.4552367458671185 2.7044694707785459 3.5000000000000004 0.93333333333333346
decision_type=2 10 2 10 10 2 10 2 2 10 10 10 10 8 2 10 8 2 2 10 8 10 10 10 10 2 10 10 2 10
left_child=1 2 5 4 6 9 -4 13 -9 10 11 14 23 -6 16 -16 18 20 -1 -19 21 22 -18 27 -25 26 -26 28 -11 -30
right_child=-2 -3 3 -5 7 -7 -8 8 -10 12 -12 -13 -14 -15 15 -17 17 19 -20 -21 -22 -23 -24 24 25 -27 -28 -29 29 -31
leaf_value=0.0088198167026627885 -0.026006264834103177 0.018627308286422121 0.001928675349093764 -0.021542369092394674 0.011524046176942958 -0.023721678474648879 0.018627308286422121 -0.024042668519989509 0.001928675349093764 0.011116196454712292 -0.010273229720005647 -0.0064209937111466006 -0.0074996657829895568 -8.8421815374329401e-05 0.011473063624065463 -0.0064209937111466006 0.0044452823891588302 -0.0064209937111466006 -0.0064209937111466006 0.018627308286422121 -0.00088723433500067009 0.011362553469497648 -0.0064209937111466006 0.018627308286422121 -0.011738015815488662 0.018627308286422121 0.014644706150581607 -0.010466309164169931 0.010777170558472448 -0.011910653744879101
leaf_weight=37.438771177083254 37.171534883789718 41.088110218988732 14.744759091176091 12.743382275104521 77.278211475349963 19.380322070792317 68.272562995087355 19.007385979406536 20.315210968255997 79.838418520987034 99.927016921341419 250.48149929288775 42.363953113555908 104.14736603712663 78.990284938365221 21.218134418129921 82.625863391906023 9.0148669369518775 106.88885729387403 15.079103300347922 1561.0994955394417 52.230271570384502 11.515513282269238 18.698121190071106 51.228107210248709 30.48252210021019 26.14694133028388 32.464929737150669 10.218320748768745 31.243111982941628
leaf_count=194 121 503 36 15 482 109 539 71 97 305 231 1894 77 700 506 68 489 90 742 40 10653 205 80 79 156 91 44 109 70 245
internal_value=-0.000326436 3.13762e-05 -0.000255308 0.00528059 0.00673648 -0.000920546 0.0186273 0.00192868 -0.0113516 -0.00070937 -0.00129941 -0.000874553 0.00349962 0.00192868 -0.000157081 0.00621323 -0.000512989 -3.64618e-05 -0.00603746 0.0186273 -0.000417869 0.00445201 0.000238305 0.0052642 0.0092637 0.00455358 -0.00247488 0.00178435 0.00534768 -0.00576109
internal_weight=3063.34 3026.17 2985.08 316.509 303.765 2668.57 83.0173 220.748 39.3226 2649.19 2326.51 2226.58 322.684 181.426 1976.1 100.208 1875.89 1731.57 144.328 24.094 1707.47 146.372 94.1414 280.32 126.556 107.858 77.375 153.765 121.3 41.4614
internal_count=19041 18920 18417 1940 1925 16477 575 1350 168 16368 15192 14961 1176 1182 13067 574 12493 11557 936 130 11427 774 569 1099 370 291 200 729 620 315
is_linear=0
shrinkage=0.03


Tree=117
num_leaves=31
num_cat=0
split_feature=7 1 8 8 8 8 1 1 3 8 3 8 8 3 8 8 3 5 1 1 8 8 1 1 1 1 8 8 5 1
split_gain=34.7733 23.8378 12.3344 15.5782 8.6849 6.82313 13.4287 8.92759 7.24835 7.16819 6.63676 5.95744 5.80573 4.59109 9.92963 3.96621 16.8467 6.04819 3.56697 5.08394 2.99096 2.87862 2.54619 2.17207 5.16725 2.28094 2.11551 8.81625 7.16933 6.2004
threshold=1.0000000180025095e-35 365.50000000000006 0.76010615342734078 -0.061840684483087792 -0.027799858695191502 4.3865985131140901 1.5000000000000002 3.5000000000000004 0.2752525252525253 11.576149430677996 0.96076923076923093 6.9435779072769845 -0.036132866321819369 0.5004770164787512 -0.99742487558355464 2.4130650764618919 1.0000000180025095e-35 1272.2 20.500000000000004 6.5000000000000009 -0.055695427628336465 1.4738358943994012 27.500000000000004 26.500000000000004 7.5000000000000009 3.5000000000000004 -0.23298089659185817 -0.22941573387056174 0.41250000000000003 11.500000000000002
decision_type=2 2 10 10 10 10 2 2 10 10 8 10 10 10 10 10 10 10 2 2 10 10 2 2 2 2 8 8 10 2
left_child=1 2 3 13 12 6 -4 11 -9 -10 -6 -7 20 26 -15 16 21 23 19 -18 -5 -8 -16 24 25 -17 -1 -28 -29 -30
right_child=-2 -3 5 4 10 7 15 8 9 -11 -12 -13 -14 14 22 17 18 -19 -20 -21 -22 -23 -24 -25 -26 -27 27 28 29 -31
leaf_value=0.0013571602623507063 0.028513642617006767 -0.022833920162876352 0.023739494833490114 -0.017714329158793882 -0.0065484673447062615 -0.013839355392818744 -0.02079741199531299 -0.00564836476094553 0.0032069457534135448 0.022929335222377771 0.01159744443577492 -0.00015775914334566435 -0.026200966266968551 0.0085020843581669423 -0.0012424886763502722 0.014363615345554623 0.0031431629079744995 -0.0073272650349458096 -0.00027155726347952115 0.019986294886399386 -0.0062168611402286886 -0.0033824738494533488 0.0095813498320366595 0.0012636074991650172 0.028054811579699371 -0.00012614914316644283 -0.026597275415598025 -0.0012424886763502722 -0.01279048891088598 -0.0012424886763502722
leaf_weight=243.14183096773922 31.583196796942502 38.996931215748191 33.16620385274291 28.314319875091314 52.555293816607445 42.208905756473541 22.068343847990036 27.356116568669677 41.328867869451642 25.088846430182457 21.512363083660603 73.134766664355993 23.921519428491592 140.11594389751554 175.56350607518107 15.079442542046307 35.518243780825287 12.47443596087396 34.224491248372942 28.425772871822119 79.600131997838616 15.806795068085192 15.397736847400664 12.189095688983796 15.634799662046133 18.889746413566172 7.632003128528595 1625.2414848310873 85.768489087000489 15.468208724632857
leaf_count=1747 261 129 96 73 370 120 81 74 164 40 60 143 45 1137 1218 65 297 82 229 272 207 64 105 62 80 67 25 10969 549 49
internal_value=-0.000560405 -0.00091274 -0.000586669 -0.00140876 -0.00921408 0.00394569 0.00730635 -4.63999e-05 0.00663872 0.0117407 -0.000878024 -0.00553139 -0.0136942 -0.000694118 0.00255061 0.00422373 0.00107365 0.00956237 0.0076066 0.0115371 -0.00988437 -0.0147715 -0.00124249 0.0132652 0.0158286 0.00732373 -0.00124249 -0.00160984 -0.0014229 -0.00907442
internal_weight=3037.41 3005.82 2966.83 2514.23 205.904 452.595 243.477 209.118 93.7738 66.4177 74.0677 115.344 131.836 2308.33 331.077 210.311 136.044 74.2675 98.1685 63.944 107.914 37.8751 190.961 61.7931 49.604 33.9692 1977.25 1734.11 1726.48 101.237
internal_count=18880 18619 18490 16554 755 1936 1395 541 278 204 430 263 325 15799 2460 1299 943 356 798 569 280 145 1323 274 212 132 13339 11592 11567 598
is_linear=0
shrinkage=0.03


Tree=118
num_leaves=28
num_cat=0
split_feature=1 0 6 5 2 2 0 0 5 2 4 0 2 0 5 4 1 1 5 5 2 1 5 1 0 0 0
split_gain=30.3325 21.5539 11.3496 11.6 31.325 9.21668 8.7093 6.72582 6.13272 5.2304 3.84461 3.04652 2.16094 2.98342 1.97846 1.48577 23.178 2.46088 1.37576 1.27822 1.21357 4.73695 0.485523 0.51523 0.473127 0.400254 0.161531
threshold=397.50000000000006 2234.0129687500007 0.0040405524537173087 5.0041666666666673 3.5000000000000004 2.5000000000000004 1588.6313946759262 178.01328125000003 7.1875000000000009 28.500000000000004 0.99999995961538468 1588.6313946759262 2.5000000000000004 341.29440393518524 9395.091666666669 0.99999995961538468 1.5000000000000002 1.0000000180025095e-35 1105.7333333333336 0.41250000000000003 3.5000000000000004 4.5000000000000009 9.1791666666666689 2.5000000000000004 0.0021296296296296302 27.381128472222226 31.777581018518521
decision_type=2 2 10 10 2 2 2 2 10 2 10 2 2 2 8 8 2 2 10 10 2 2 10 2 2 2 2
left_child=1 2 3 4 10 7 14 22 -9 -6 11 12 15 19 20 -1 17 24 -4 26 21 -7 23 -5 -17 -19 -14
right_child=-2 -3 18 5 9 6 -8 8 -10 -11 -12 -13 13 -15 -16 16 -18 25 -20 -21 -22 -23 -24 -25 -26 -27 -28
leaf_value=0.0011581945910498568 -0.023807830777979162 -0.016705132289196015 0.017695523817238955 -0.0028290748895895708 0.015960145062519943 0.0011581945910498568 -0.01650932060593446 -0.0028290748895895708 -0.016705132289196015 0.0011581945910498568 0.015960145062519943 -0.0028290748895895708 0.015960145062519943 0.0011581945910498568 -0.0080065820852682993 0.0020496332972041622 0.015960145062519943 0.010845778479212583 0.0016839529209378898 0.0016839529209378898 0.0011581945910498568 -0.0080065820852682993 -0.0038548018379447016 0.0011581945910498568 0.0011581945910498568 0.0046709429943949882 0.0067653608982626212
leaf_weight=365.12578177824616 39.705262813717127 55.098883435130119 37.831574765732512 10.726765600964429 101.7299636034295 54.091409973800182 22.020123727619648 11.703769620507954 62.873758632689714 8.8568728682585043 10.998857259750364 80.579849857836962 14.146485037170352 14.218300014734266 15.159160310402511 566.6152833737433 64.083154395222664 11.26712232083082 4.9011237453669301 7.3840001672506324 245.3112603505142 35.987997969612479 74.660404771566391 7.6231320165097705 1042.5815873127431 85.285215320065618 12.166830612346528
leaf_count=2206 132 54 447 106 641 358 19 26 235 72 53 134 114 40 94 4229 229 83 76 66 1647 229 740 60 6416 356 78
internal_value=0.000725437 0.00108644 0.00144428 0.00120535 0.00210433 -0.00274694 -9.08123e-05 -0.00847816 -0.0149031 0.0159601 0.00132374 0.00121735 0.00144271 0.00744427 0.00115819 0.00129093 0.00204049 0.00133302 0.0159601 0.0122755 0.00168395 -0.00238406 -0.00282907 0.00115819 0.00115819 0.00589003 0.0149438
internal_weight=3062.73 3023.03 2967.93 2925.2 2385.04 540.158 372.57 167.588 74.5775 110.587 2274.45 2263.45 2182.87 47.9156 350.55 2134.96 1769.83 1705.75 42.7327 33.6973 335.391 90.0794 93.0103 18.3499 1609.2 96.5523 26.3133
internal_count=18940 18808 18754 18231 14717 3514 2347 1167 261 713 14004 13951 13817 298 2328 13519 11313 11084 523 258 2234 587 906 166 10645 439 192
is_linear=0
shrinkage=0.03


Tree=119
num_leaves=31
num_cat=0
split_feature=7 1 0 2 0 0 1 2 0 1 2 0 1 1 1 2 1 2 1 2 1 2 2 2 1 2 1 0 1 1
split_gain=34.4392 25.7174 22.6474 11.6082 11.497 10.6213 6.58914 5.25127 17.7621 3.80681 3.17365 2.46116 4.12964 2.10478 3.88792 2.71149 2.5431 2.54208 2.37044 3.08922 3.09166 8.19536 4.59335 2.67917 2.4668 1.54171 1.39941 1.39289 1.15349 0.876809
threshold=1.0000000180025095e-35 343.50000000000006 2234.0129687500007 3.5000000000000004 11.659120370370372 161.38208912037041 3.5000000000000004 20.500000000000004 242.05051504629634 11.500000000000002 2.5000000000000004 1.0000000180025095e-35 1.0000000180025095e-35 39.500000000000007 31.500000000000004 9.5000000000000018 23.500000000000004 11.500000000000002 16.500000000000004 8.5000000000000018 8.5000000000000018 6.5000000000000009 5.5000000000000009 4.5000000000000009 5.5000000000000009 7.5000000000000009 56.500000000000007 35.80854745370371 16.500000000000004 6.5000000000000009
decision_type=2 2 2 2 2 2 2 2 2 2 2 2 2 2 2 2 2 2 2 2 2 2 2 2 2 2 2 2 2 2
left_child=1 2 3 5 -5 6 10 13 26 -7 11 -1 -13 14 16 -15 17 18 19 20 23 22 -22 24 -6 -20 -9 -12 -19 -26
right_child=-2 -3 -4 4 7 9 -8 8 -10 -11 27 12 -14 15 -16 -17 -18 28 25 -21 21 -23 -24 -25 29 -27 -28 -29 -30 -31
leaf_value=0.003064571879847646 0.031706551529956072 -0.023485476650239593 -0.017744601931769369 0.015569531018070753 0.0051339238062794905 -0.002761137089948382 -0.002761137089948382 0.015569531018070753 -0.017744601931769369 -0.014282867186076723 0.012691746095644219 -0.0012688029148091818 0.0030377854532285661 -0.012368970447629534 0.015569531018070753 0.0054654357469801117 -0.0060620599989926168 -0.011608968293873985 0.015569531018070753 0.014433940286274647 -0.0023608394490666771 -0.015312672571858608 0.015569531018070753 0.009843384108774382 -0.011053623609001731 0.0021214146001724459 0.0021839872485795312 0.0011504128717475999 0.0014789951248684104 -0.00014356003549859407
leaf_weight=549.55413360893726 25.428426803089678 37.704432107508183 58.631625309586525 71.066096718423069 42.341633893549442 1003.1631526090205 78.297409061342478 11.762133319862189 19.042674755677581 21.095966825261712 28.936705904547125 490.88394658267498 331.47031368780881 10.992121906951072 9.6836715117096883 10.642784811556337 17.459074906073511 7.1721966210752752 13.137516152113678 19.023274795152247 23.72877747612074 22.218267842195928 12.910849005915223 58.454325955361128 10.060795239172878 9.8157952269539219 13.658549007959662 14.510186746716498 10.104706816375254 12.081199655309318
leaf_count=4115 251 133 55 798 212 2977 766 101 42 80 218 4723 2806 43 49 59 102 47 54 99 128 127 78 333 58 72 99 109 83 70
internal_value=-5.01701e-05 -0.000369569 -3.8457e-05 0.000346365 0.00502539 -0.000415373 0.00119706 0.00258742 -0.00652717 -0.00276114 0.00179221 0.00151965 0.000474942 0.0040727 0.00480634 -0.0042167 0.00382295 0.00464756 0.00551856 0.004249 0.00282541 -0.00267703 0.00590387 0.00546144 0.00106672 0.0138792 0.0102169 0.00935376 -0.00534037 -0.00622388
internal_weight=3045.03 3019.6 2981.9 2923.27 405.356 2517.91 1493.65 334.29 44.4634 1024.26 1415.36 1371.91 822.354 289.827 268.192 21.6349 258.508 241.049 223.772 200.819 181.796 58.8579 36.6396 122.938 64.4836 22.9533 25.4207 43.4469 17.2769 22.142
internal_count=18887 18636 18503 18448 2654 15794 12737 1856 242 3057 11971 11644 7529 1614 1512 102 1463 1361 1231 1105 1006 333 206 673 340 126 200 327 130 128
is_linear=0
shrinkage=0.03


Tree=120
num_leaves=31
num_cat=0
split_feature=0 2 2 0 5 0 8 8 3 8 2 0 8 8 8 8 8 2 5 0 0 8 2 6 0 8 8 0 8 3
split_gain=19.3853 15.2972 12.0992 12.1659 11.4099 8.01088 11.9724 23.236 10.4915 8.2822 7.46566 5.0984 17.847 8.84371 17.3924 5.05725 8.07082 9.39141 7.95791 7.78762 6.11964 4.57779 5.66153 3.18518 2.69783 2.55079 3.94386 3.81867 3.13586 2.95438
threshold=2234.0129687500007 1155.0000000000002 4.5000000000000009 27.381128472222226 4.741666666666668 320.32387731481487 -0.083880866328817763 -0.11106829372089243 0.75076020851433545 -1.0035088149780134 70.500000000000014 1048.9506712962964 6.2480140321346562 -0.039088848192108873 -0.06560943739585319 -0.1732540250764065 -0.094211819394037541 5.5000000000000009 7.0750000000000011 302.94693865740743 512.28103009259269 -0.18683978365790307 1.5000000000000002 0.53571428571428581 450.13877893518526 -0.20397731437958902 -0.13435603505593771 161.38208912037041 4.1721371262788347 0.75076020851433545
decision_type=2 2 2 2 8 2 10 10 8 10 2 2 10 10 10 8 10 2 10 2 2 10 2 10 2 10 10 2 10 8
left_child=1 2 5 -4 -5 23 7 8 21 24 15 -8 13 14 -13 20 -17 -18 -19 -20 -6 22 -7 25 -10 -1 -27 28 29 -28
right_child=-2 -3 3 4 10 6 11 -9 9 -11 -12 12 -14 -15 -16 16 17 18 19 -21 -22 -23 -24 -25 -26 26 27 -29 -30 -31
leaf_value=0.0011274155683123892 -0.016826131978481602 -0.016826131978481602 0.015846843976851401 0.015846843976851401 0.0010669352324982884 -0.016826131978481602 0.0011274155683123892 -0.016826131978481602 0.0011274155683123892 0.0011274155683123892 -0.016826131978481602 0.0011274155683123892 -0.016826131978481602 0.0011274155683123892 -0.016826131978481602 0.015846843976851401 -0.014030704860870224 0.015846843976851401 0.0098157774996748062 -0.0073954549453616762 -0.016826131978481602 -0.0018468588504939598 -0.0085101914144245124 0.01625230099443728 -0.0085101914144245124 0.0086486568932753888 0.0011274155683123892 0.0011274155683123892 0.01625230099443728 0.0090160735188686818
leaf_weight=1447.0482918638736 54.861707508563995 25.466012257151306 79.783190511167049 26.4207568699494 43.335169101133943 24.312272541224957 250.40545766614377 80.915984177961946 21.460902141407132 168.08631973713636 11.780925905331967 51.084397118538618 41.303243964910507 72.917211122810841 59.418530579656363 16.727518647909164 23.149210385978222 25.479392675682902 38.573863675352186 46.791792382486165 16.985829100012779 39.730169316753745 38.293624714016914 7.5589872493874273 53.870389752089977 98.302184181287885 59.23732395702973 95.865360168740153 15.769857477396725 53.985067126341164
leaf_count=12200 51 94 981 108 345 56 511 200 61 325 49 96 58 110 135 46 104 85 339 116 22 98 120 113 120 766 492 579 124 449
internal_value=8.02455e-05 0.000413126 0.000630717 0.00601463 0.00261759 -4.03522e-05 -0.00233596 -0.0059532 -0.0023641 0.00106053 0.000165815 0.000940514 -0.00335309 0.000896005 -0.00718238 0.00167046 0.00457602 0.00157757 0.00530214 0.000494518 -0.00538412 -0.0101799 -0.0149404 0.00112742 -0.00851019 0.00112742 0.00378838 0.00152168 0.00622284 0.00404363
internal_weight=3088.92 3034.06 3008.59 329.028 249.244 2679.57 901.799 426.67 345.754 243.418 222.824 475.129 224.723 183.42 110.503 211.043 150.722 133.994 110.845 85.3657 60.321 102.336 62.6059 1777.77 75.3313 1770.21 323.16 224.858 128.992 113.222
internal_count=18953 18902 18808 2195 1214 16613 1890 980 780 506 1106 910 399 341 231 1057 690 644 540 455 367 274 176 14723 181 14610 2410 1644 1065 941
is_linear=0
shrinkage=0.03


Tree=121
num_leaves=31
num_cat=0
split_feature=1 2 5 4 8 8 3 1 2 8 2 1 8 1 3 8 8 8 8 2 8 8 8 1 8 8 8 5 8 8
split_gain=26.1981 25.3509 25.4365 12.9294 28.269 20.9445 23.6169 17.4558 12.493 11.9539 11.1346 8.33313 7.14333 6.49662 7.16335 5.53495 4.28271 3.87309 3.85062 3.32556 2.11887 2.06995 4.39008 3.26014 1.8553 5.91044 2.28364 1.28342 1.14721 0.895654
threshold=365.50000000000006 3.5000000000000004 5.0041666666666673 inf -0.14129821556612357 3.4579942093215115 0.32396546106223528 3.5000000000000004 32.500000000000007 3.7733712206366348 2.5000000000000004 3.5000000000000004 -0.44739862391204777 6.5000000000000009 0.5004770164787512 15.154108648399317 -0.33546687003424353 -0.99742487558355464 11.576149430677996 4.5000000000000009 -0.067404673961580883 3.5826916815289569 5.2817675021826442 12.500000000000002 -0.31005061774748416 -0.22639738596760769 -0.075683053628122096 0.41250000000000003 -0.15038189688501749 0.99015368604283005
decision_type=2 2 10 8 8 8 10 2 2 8 2 2 10 2 8 10 8 10 10 2 10 10 10 2 10 8 8 10 10 10
left_child=1 3 8 5 28 6 10 -6 15 -7 11 12 -1 14 -8 16 27 -16 -11 -18 -14 -4 -23 -24 -19 -26 -27 -3 -5 -28
right_child=-2 2 21 4 7 9 13 -9 -10 18 -12 -13 20 -15 17 -17 19 24 -20 -21 -22 22 23 -25 25 26 29 -29 -30 -31
leaf_value=-0.0018647050602841615 -0.023886183171055744 0.012362412242388003 0.0022299949592932511 0.010407634537183205 -0.00094379851545535595 0.030484823966928212 -0.011423952573045168 0.030803692130099071 0.0022299949592932511 -0.00094379851545535595 -0.0018647050602841615 -0.030296277021097221 -0.020636951385348476 0.010407634537183205 0.010407634537183205 0.0022299949592932511 0.0140191711841959 0.0028321449836150991 -0.011378852251449755 0.030689752278065037 -0.011423952573045168 -0.013287542651555361 -0.0096067738974165203 0.0022299949592932511 -0.020127206351060658 0.0066168738719843264 -0.010868324645246421 0.0022299949592932511 0.017122384559380907 -0.00094379851545535595
leaf_weight=23.667125517502427 36.180637590587139 9.6391238998621649 246.58239278709516 189.03734584152699 1653.3816602304578 8.9363026674836856 69.014691431075335 10.59146283008158 9.5246219257824105 252.17817393830046 30.12418120726943 43.765455791726708 72.894651599228382 21.577252212911844 18.204884776845574 7.4469989091157904 29.828596367035061 43.131781545467675 35.294388379901648 57.474383140914142 33.532375367358327 19.35178308468312 16.364883203059435 17.089818296954036 12.333320327103136 22.877255372703075 9.0464829094707984 5.5189856779761621 29.911462049931288 15.880362967029212
leaf_count=185 124 87 1791 1055 10306 23 586 37 68 1658 150 264 457 141 113 9 152 361 66 446 105 84 52 53 92 116 51 60 129 120
internal_value=-0.000119683 0.00020468 0.00700799 -0.000904547 0.00040023 -0.00433164 -0.00896484 -0.000943799 0.0184144 -0.000943799 -0.0161251 -0.0190034 -0.0142236 -0.00186471 -0.00186471 0.0217674 0.0235549 -0.000943799 -0.000943799 0.0260619 -0.0174544 0.00222999 -0.00348469 0.00222999 -0.00172984 -0.00496803 -0.000943799 0.0062329 0.0104076 -0.00531943
internal_weight=3050.38 3014.2 418.822 2595.38 1882.92 712.459 416.05 1663.97 119.433 296.409 203.984 173.86 130.094 212.066 190.489 109.908 102.461 121.474 287.473 87.303 106.427 299.389 52.8065 33.4547 103.269 60.1374 47.8041 15.1581 218.949 24.9268
internal_count=18941 18817 2802 16015 11527 4488 2741 10343 822 1747 1161 1011 747 1580 1439 754 745 853 1724 598 562 1980 189 105 740 379 287 147 1184 171
is_linear=0
shrinkage=0.03


Tree=122
num_leaves=25
num_cat=0
split_feature=0 2 7 0 4 2 5 2 2 0 0 2 0 0 3 2 0 2 2 0 2 2 2 0
split_gain=26.1501 18.8234 13.4164 10.5512 15.7862 13.3387 4.84216 13.1622 4.21982 3.27824 3.01269 2.99432 3.06924 2.16488 1.19555 1.02575 0.998147 2.22349 0.10747 0.0959744 0.0357329 0.0265976 0.0745708 0.0150702
threshold=2234.0129687500007 1155.0000000000002 1.0000000180025095e-35 237.19309606481485 0.12905225193732642 8.5000000000000018 0.41250000000000003 2.5000000000000004 12.500000000000002 38.799473379629639 149.05817129629634 1.0000000180025095e-35 1.0000000180025095e-35 1.032013888888889 0.2752525252525253 1.0000000180025095e-35 12.847262731481484 70.500000000000014 16.500000000000004 204.03623842592597 2.5000000000000004 11.500000000000002 13.500000000000002 99.401666666666685
decision_type=2 2 2 2 8 2 10 2 2 2 2 2 2 2 10 2 2 2 2 2 2 2 2 2
left_child=1 2 3 5 14 6 7 11 15 -9 16 12 -1 -13 20 -6 -7 18 21 23 -5 -18 -23 -15
right_child=-2 -3 -4 4 8 10 -8 9 -10 -11 -12 13 -14 19 -16 -17 17 -19 -20 -21 -22 22 -24 -25
leaf_value=0.0028901313727433217 -0.018286404672561467 -0.018286404672561467 0.020363627331943922 -0.012416486118218259 -0.0010513089903035546 0.019336125655826833 0.00033357355847073085 0.020363627331943922 -0.0083963265625703054 0.0036684939687283208 0.00033357355847073085 0.0083924576212516932 0.00033357355847073085 0.0031537684715743936 -0.0083963265625703054 0.00033357355847073085 0.0088421739050099767 0.00033357355847073085 0.015692990586661078 0.00033357355847073085 -0.0083963265625703054 0.00033357355847073085 0.0044448796283491068 0.0019891833270673748
leaf_weight=548.81162391975522 61.437849923968315 27.976668167859316 26.851806740509346 107.18715983256698 543.87610056623816 34.249245174694806 304.47977438149974 36.171993473079056 21.816537556238472 15.788845092989503 11.825817292556165 90.483472924679518 539.36819892376661 138.57858829665929 98.448973774909973 310.70628297980875 13.805438760668041 7.2959219096228471 19.379746405407786 7.6955464333295813 26.037879317998886 3.8328833915293208 4.0457194512709975 50.891569407656789
leaf_count=4126 60 96 251 261 1377 401 2791 365 64 135 89 675 5201 1197 242 724 118 47 184 56 62 54 53 348
internal_value=0.000330317 0.000742793 0.000995695 0.000784154 -0.00152118 0.0021829 0.00156471 0.00254259 0.000333574 0.0166854 0.0128737 0.00194998 0.0012189 0.00464758 -0.00839633 0.000333574 0.0148055 0.0100856 0.012728 0.00276391 -0.0116111 0.00763405 0.00290609 0.00290015
internal_weight=3051.04 2989.61 2961.63 2934.78 1108.07 1826.7 1732.27 1427.79 876.399 51.9608 94.4348 1375.83 1088.18 287.649 231.674 854.582 82.609 48.3597 41.0638 197.166 133.225 21.684 7.8786 189.47
internal_count=18977 18917 18821 18570 2730 15840 14894 12103 2165 500 946 11603 9327 2276 565 2101 857 456 409 1601 323 225 107 1545
is_linear=0
shrinkage=0.03


Tree=123
num_leaves=31
num_cat=0
split_feature=1 7 0 8 8 0 8 5 1 1 1 8 0 0 8 0 8 3 8 8 5 8 0 8 8 8 8 8 8 8
split_gain=26.0302 20.2199 9.88672 10.9385 8.9918 9.45752 9.34112 10.2627 10.8002 5.45902 18.7991 22.769 11.6288 6.80365 5.51826 5.65346 5.1066 4.36888 7.00318 4.7594 4.50003 3.35367 3.25567 3.23469 6.66741 5.4442 3.74588 6.81027 4.76047 6.29396
threshold=397.50000000000006 1.0000000180025095e-35 2234.0129687500007 15.154108648399317 0.76010615342734078 1588.6313946759262 1.9578419378789478 93.76666666666668 11.500000000000002 3.5000000000000004 7.5000000000000009 3.4579942093215115 1048.9506712962964 533.66143518518527 8.4552367458671185 107.42982060185186 4.3865985131140901 0.88017142694421524 -0.090867408602795879 -0.31618295127277313 1.0000000180025095e-35 -0.047652940983513893 231.98813078703708 -0.05842411369543999 -0.0634949437658444 -0.069237967345302978 -0.073921777666113533 -0.079587637321171648 -0.082682446638312826 -0.086707670996480871
decision_type=2 2 2 10 10 2 10 10 2 2 2 10 2 2 10 2 10 10 8 8 10 10 2 10 10 10 10 10 10 10
left_child=1 2 3 4 5 17 7 -6 -9 12 11 -11 14 -12 15 -8 -17 19 -19 20 22 23 -1 24 25 26 27 28 29 -21
right_child=-2 -3 -4 -5 6 -7 9 8 -10 10 13 -13 -14 -15 -16 16 -18 18 -20 21 -22 -23 -24 -25 -26 -27 -28 -29 -30 -31
leaf_value=-0.00040819415869716111 -0.024256859716811706 0.023479770474713821 -0.01143307937184574 -0.01143307937184574 0.018856239034353989 -0.010564450782606882 0.011585647127163978 0.014357616304611987 -0.01143307937184574 -0.00954276357655141 0.0035669381038762001 0.023479770474713821 -0.01143307937184574 -0.01143307937184574 0.014888113711901779 0.0042182841548121016 -0.01143307937184574 -0.00040819415869716111 0.0089597970535014414 -0.00040819415869716111 -0.0082073583185466124 -0.0064646214120442393 -0.0082073583185466124 0.0085908565705325925 -0.010564450782606882 0.0089597970535014414 -0.010564450782606882 0.0089597970535014414 -0.010564450782606882 0.0089597970535014414
leaf_weight=51.301505145616829 34.928687321022153 28.000861423555762 63.088132530450821 35.875859968364239 65.748484776355326 73.395812775939703 18.215391848236322 20.888781639747322 23.21647410094738 18.76716944668442 50.563903892412782 44.356320718303323 31.884844459593296 37.673179931938648 20.752761706709862 24.61552600748837 32.799849383533001 124.51475115120411 116.76152778510004 1659.3565796790645 132.03060558764264 89.48118704976514 14.413957625627516 46.024544740095735 25.066708818078041 25.107047542929649 23.58660483546555 36.590709399431944 17.0140231102705 26.885405786335468
leaf_count=412 126 266 62 58 484 129 137 166 154 101 364 139 47 68 49 91 98 907 825 12011 1206 438 41 113 65 62 76 84 44 70
internal_value=-0.000195163 0.000127243 -0.000133771 0.000132497 0.000361777 -0.00031148 0.00456678 0.0117754 0.000374669 0.00157772 0.00535761 0.0172202 -0.00291632 -0.00359706 0.00288561 -0.00112682 -0.00576496 2.50438e-05 0.00380999 -0.000408194 -0.00500508 -0.000408194 -0.000408194 -0.000408194 -0.000408194 -0.000408194 -0.000408194 -0.000408194 -0.000408194 -0.000408194
internal_weight=3012.91 2977.98 2949.98 2886.89 2851.01 2461.53 389.483 109.854 44.1053 279.629 151.361 63.1235 128.268 88.2371 96.3835 75.6308 57.4154 2388.14 241.276 2146.86 197.746 1949.11 65.7155 1859.63 1813.61 1788.54 1763.43 1739.85 1703.26 1686.24
internal_count=18893 18767 18501 18439 18381 16483 1898 804 320 1094 672 240 422 432 375 326 189 16354 1732 14622 1659 12963 453 12525 12412 12347 12285 12209 12125 12081
is_linear=0
shrinkage=0.03


Tree=124
num_leaves=18
num_cat=0
split_feature=1 2 0 5 1 7 5 0 0 3 0 0 0 1 0 5 0
split_gain=17.4046 15.7153 24.1475 18.1325 13.1834 11.4574 3.40067 13.7789 3.16299 3.54224 3.56345 2.85608 2.05731 1.62279 9.21339 2.45613 0.939826
threshold=343.50000000000006 3.5000000000000004 1484.9627025462964 1.4083333333333334 1.0000000180025095e-35 1.0000000180025095e-35 1.4083333333333334 450.13877893518526 1.0000000180025095e-35 0.99909747292418782 624.39576388888906 6.2178761574074084 1103.3390335648148 24.500000000000004 53.896400462962966 5404.1166666666677 562.04461805555559
decision_type=2 2 2 10 2 2 8 2 2 10 2 2 2 2 2 8 2
left_child=1 2 5 6 -4 8 -3 -8 -1 -10 -11 -5 13 15 -15 -13 -7
right_child=-2 3 4 11 -6 16 7 -9 9 10 -12 12 -14 14 -16 -17 -18
leaf_value=0.0018416652400549084 -0.020399160232308627 0.033376787399311679 -0.018643952753547369 0.011175104104707378 -0.00070499137981340065 0.022609646114028593 0.023008982054011466 0.0024671866462891226 -0.00070499137981340065 0.0018416652400549084 -0.00070499137981340065 0.005882344778652163 -0.0035432862594680409 0.011175104104707378 -0.0035432862594680409 -0.0035432862594680409 0.0049901626972774652
leaf_weight=537.1748976111412 32.503972662612796 9.9365361598320288 95.184082608669996 25.908897958695889 58.983062345534563 16.093365548178568 46.402283006347716 18.99315220117569 1597.5984265916049 227.07270162366331 47.28189904987812 156.96719327988103 54.214403420686722 20.904757549054921 54.544874062761664 16.493025756441057 7.1058931052684775
leaf_count=4088 118 37 173 317 72 155 538 26 9788 1664 65 1177 80 222 255 117 9
internal_value=-8.91344e-05 0.000165267 -0.000697873 0.00562738 -0.0120184 4.28344e-05 0.0184177 0.0139355 -0.000179329 -0.000704991 0.00184167 0.00246719 0.00155363 0.00246719 -0.00185963 0.00246719 0.0190545
internal_weight=3023.36 2990.86 2586.49 404.365 154.167 2432.33 75.332 65.3954 2409.13 1871.95 274.355 329.033 303.124 248.91 75.4496 173.46 23.1993
internal_count=18901 18783 16014 2769 245 15769 601 564 15605 11517 1729 2168 1851 1771 477 1294 164
is_linear=0
shrinkage=0.03


Tree=125
num_leaves=31
num_cat=0
split_feature=1 2 0 8 0 6 8 1 0 1 8 1 8 8 8 0 3 8 8 2 8 8 8 8 8 0 8 8 8 8
split_gain=22.8945 15.3259 15.5601 25.8352 8.96878 8.01205 7.19245 4.51486 10.0646 8.57805 8.69796 7.82707 12.1872 5.17689 3.86981 3.55804 3.41893 7.12594 8.11114 4.58289 3.9104 4.32419 3.7475 3.74648 3.63129 6.68969 3.73778 5.14178 5.05199 3.24067
threshold=365.50000000000006 4.5000000000000009 1484.9627025462964 -0.039088848192108873 6.2178761574074084 0.037087912087912095 -0.099972245348957697 56.500000000000007 149.05817129629634 38.500000000000007 15.154108648399317 17.500000000000004 -0.1732540250764065 -0.23863893236924633 -0.39214393630215261 4.0471006944444454 0.66730279898218836 -0.077894202850768146 -0.079587637321171648 1.5000000000000002 -0.14129821556612357 -0.099972245348957697 -0.14851099033688575 -0.15200790376124682 -0.076894660562742842 302.94693865740743 -0.060406289022973798 1.2910918749267415 1.7038852393529456 5.8775027652492442
decision_type=2 2 2 10 2 10 10 2 2 2 10 2 10 10 10 2 8 10 10 2 10 10 10 10 10 2 8 8 8 8
left_child=1 2 5 6 -3 14 -4 9 -9 10 11 12 13 -6 -1 -16 24 18 20 -19 22 25 23 -18 -17 -22 -26 -28 -29 -30
right_child=-2 4 3 -5 7 -7 -8 8 -10 -11 -12 -13 -14 -15 15 16 17 19 -20 -21 21 -23 -24 -25 26 -27 27 28 29 -31
leaf_value=-0.001411229068562361 -0.023149895700449265 0.018987777278839008 -0.0093193038707951766 -0.00016099793732739478 0.0029669454705507224 0.015986065751784049 -0.027008925501573817 0.012466695744546268 -0.015107888558687626 0.018987777278839008 -0.019536634688628755 -0.0037905410507212151 0.015808804759551622 -0.016918451656082901 0.013971135270439276 -0.0048176405413123905 0.0064896654133501626 -0.00016099793732739478 0.013971135270439276 0.01032492634888197 0.0054400362943490457 0.0064294524360794698 0.013971135270439276 -0.00016099793732739478 0.0064896654133501626 -0.0048176405413123905 -0.0093193038707951766 0.0064896654133501626 -0.005796125546981481 -0.00016099793732739478
leaf_weight=1364.5499617066234 34.013680106960237 38.423296621069312 45.276462703943253 66.196706809103489 40.133877831045538 22.657118810340762 51.114406622946262 14.903829672373829 25.492533499374986 26.660412019118667 9.1037333756685239 60.530234158970416 81.239952082745731 11.073845013976095 13.622744131833313 195.15344606898725 163.88395144604146 212.29021754860878 13.036390498280523 40.949148569256067 58.307360839098692 89.784721683710814 27.681985028088093 12.565885405987499 13.072570778429506 80.400474419817328 35.839652607217431 14.518297618255021 88.65880686417222 64.693403631448746
leaf_count=11284 128 509 64 84 327 250 115 130 72 122 13 419 493 41 86 1098 982 571 21 183 499 275 105 44 24 187 205 78 361 179
internal_value=-0.0003173 -1.85301e-05 -0.000751877 -0.00960269 0.00626796 -0.000160998 -0.0195691 0.00413883 -0.00468193 0.00576343 0.00338698 0.00493449 0.00891478 -0.0024558 -0.000160998 0.000961028 0.00073959 0.00221751 0.00464187 -0.000160998 0.00355293 0.000820614 0.00651857 0.00459135 -0.000160998 -0.000160998 -0.000160998 -0.000160998 -0.000160998 -0.000160998
internal_weight=3015.83 2981.82 2674.25 162.588 307.562 2511.67 96.3909 269.138 40.3964 228.742 202.082 192.978 132.448 51.2077 2489.01 1124.46 1110.84 698.9 445.661 253.239 432.624 228.493 204.132 176.45 411.936 138.708 216.783 203.71 167.871 153.352
internal_count=18949 18821 16695 263 2126 16432 179 1617 202 1415 1293 1280 861 368 16182 4898 4812 2867 2113 754 2092 961 1131 1026 1945 686 847 823 618 540
is_linear=0
shrinkage=0.03


Tree=126
num_leaves=31
num_cat=0
split_feature=1 7 2 1 8 8 8 5 1 8 2 8 1 8 2 1 8 4 8 2 8 1 8 8 4 5 1 8 8 8
split_gain=19.7849 14.303 14.1934 15.5106 8.06486 10.9546 15.4421 12.1477 10.6715 8.10838 8.87997 12.3876 8.97191 8.51381 8.41892 12.0547 8.08837 11.1535 7.64075 11.8585 9.35743 8.25013 7.5284 7.20592 7.06154 6.09547 5.47888 4.98989 4.80722 4.72976
threshold=4447.0000000000009 1.0000000180025095e-35 8.5000000000000018 24.500000000000004 19.868193860798456 3.4579942093215115 4.1721371262788347 4.741666666666668 3.5000000000000004 -0.089272192474319043 4.5000000000000009 -0.17975514403864087 5.5000000000000009 -0.03226654156120868 1.5000000000000002 1.0000000180025095e-35 2.7044694707785459 0.27273265136014352 0.66196691283462195 30.500000000000004 -0.24987035432985297 82.500000000000014 -0.22639738596760769 -0.32702254282720306 inf 16.716666666666672 1.0000000180025095e-35 -0.0634949437658444 -0.067404673961580883 -0.05842411369543999
decision_type=2 2 2 2 10 10 10 8 2 10 2 8 2 10 2 2 10 10 8 2 10 2 8 10 8 10 2 10 10 10
left_child=1 2 3 4 5 9 -7 -8 -9 10 12 22 -1 14 15 27 24 -18 20 -20 -4 -21 23 -12 -15 -10 -26 28 -11 -29
right_child=-2 -3 18 -5 -6 6 7 8 25 13 11 -13 -14 16 -16 -17 17 -19 19 21 -22 -23 -24 -25 26 -27 -28 29 -30 -31
leaf_value=0.00014760259561631076 -0.027201429076055328 0.022755792168737861 0.011102634899593148 -0.01907016909970128 -0.018793859299000376 0.022755792168737861 0.021381597738284984 -0.0060732368995947373 0.020373913058102214 -0.0060462771171774449 -0.0040291700386131469 0.022755792168737861 -0.011108013809036173 -0.00047349314260934904 -0.023498639171904579 0.011175448262366463 -0.022320564488223664 0.00829036146357141 0.021117326672072709 -0.017419561058189387 -0.010550238805050481 0.010952972896053551 -0.021421575905658678 0.019268322976419734 0.0027542743563086958 3.9258467592310191e-05 0.022590439953646711 -0.023597542838492306 0.0079905487122355155 -0.0083977682755967328
leaf_weight=1918.172884946689 19.063794008456171 19.892747417325154 31.718030366115272 35.191309980116785 16.056863442063332 25.738912368193269 22.049517456442118 98.602366615086794 22.232696272432804 116.37112109176815 25.664766957052052 24.793399854097515 60.923454408533871 116.45087880361825 21.435698393732309 30.147428534924984 22.841717168688774 14.013858896680174 60.668581527192146 11.75793099589646 30.177061748690903 15.626768480986355 6.37623406946659 15.347714407369493 27.286739237606525 25.90835920162499 21.003922628704458 22.16665024869144 22.281303472816944 96.977466385811567
leaf_count=13930 70 249 272 164 21 87 52 253 62 336 256 151 458 800 49 54 98 46 471 80 195 96 21 73 40 88 101 66 51 237
internal_value=-0.000108301 0.000110449 -7.99863e-05 -0.000566752 -0.000298014 -0.000156456 0.00661497 0.00290697 -0.000482075 -0.000682439 0.000162755 0.0101459 -0.000226004 -0.00404411 -0.0071306 -0.00553182 0.000750491 -0.0110812 0.00875965 0.0141935 0.000546236 -0.00203773 0.000473688 0.00583565 0.0036459 0.0104637 0.012692 -0.00766106 -0.00359097 -0.0120622
internal_weight=2996.94 2977.88 2957.98 2808.04 2772.84 2756.79 194.532 168.793 146.743 2562.26 2051.28 72.1821 1979.1 510.977 309.38 287.944 201.597 36.8556 149.948 88.0533 61.8951 27.3847 47.3887 41.0125 164.742 48.1411 48.2907 257.797 138.652 119.144
internal_count=18927 18857 18608 17494 17330 17309 542 455 403 16767 14889 501 14388 1878 793 744 1085 144 1114 647 467 176 350 329 941 150 141 690 387 303
is_linear=0
shrinkage=0.03


Tree=127
num_leaves=22
num_cat=0
split_feature=7 1 0 1 8 5 2 0 1 8 8 0 8 8 1 8 8 1 8 8 8
split_gain=22.119 20.2757 13.9901 21.6679 7.12924 6.95046 3.95085 7.60618 6.03406 3.32516 8.89722 6.57354 2.25637 1.32873 1.29695 0.993929 0.902521 0.577268 0.160709 0.874118 0.153117
threshold=1.0000000180025095e-35 365.50000000000006 1347.758697916667 4.5000000000000009 7.7812465438342988 4.8583333333333334 3.5000000000000004 6.2178761574074084 5.5000000000000009 5.6428937444573917 -0.027799858695191502 1588.6313946759262 4.0015567420314797 -0.15418879655818046 42.500000000000007 1.2910918749267415 -0.039088848192108873 8.5000000000000018 -0.34293946286267857 -0.53837727281641878 -0.089272192474319043
decision_type=2 2 2 2 10 10 2 2 2 8 10 2 10 10 2 8 8 2 10 10 10
left_child=1 2 4 9 6 -6 -1 14 12 10 11 20 13 18 -8 -3 -2 -10 19 -9 -4
right_child=16 15 3 -5 5 -7 7 8 17 -11 -12 -13 -14 -15 -16 -17 -18 -19 -20 -21 -22
leaf_value=0.00069227779090561578 0.016879225549080862 -0.026116385786306848 -0.0045995916949593662 0.00069227779090561578 0.016375965364489934 0.00069227779090561578 0.016879225549080862 0.010248014072475182 0.0035863285654556755 -0.020804562406977367 0.00069227779090561578 -0.018469363361912659 0.015386713045523906 0.00069227779090561578 0.00069227779090561578 -0.009501702922036219 0.032518273175472963 0.00069227779090561578 0.013364919133577411 0.00069227779090561578 -0.00076561077099946957
leaf_weight=2308.2327207443304 13.650754772126673 20.769240563269705 19.615357857197523 54.286758117377758 46.53516754321754 38.190905684605241 37.428336413111538 7.1854422180913371 61.480337042361498 36.603760253638029 26.846639923751354 77.506770946085453 7.3748026862740508 13.615678343921898 3.6396932443603864 13.4583816495724 12.808989935088929 187.1319444347173 7.6837725602090385 6.6441113501787186 19.003044251352549
leaf_count=15348 87 67 36 77 103 92 518 54 407 47 32 136 22 103 54 59 182 1289 55 56 66
internal_value=6.20542e-05 -0.000200621 8.32919e-05 -0.00687902 0.000692278 0.00915022 0.000692278 0.00403954 0.002206 -0.0127186 -0.0100154 -0.0136672 0.0120349 0.00572216 0.0153867 -0.0216272 0.0250861 0.000692278 0.00982937 0.0048377 -0.00301702
internal_weight=3019.69 2993.23 2959.01 233.862 2725.14 84.7261 2640.42 332.184 291.116 179.576 142.972 116.125 42.5038 35.129 41.068 34.2276 26.4597 248.612 21.5133 13.8296 38.6184
internal_count=18890 18621 18495 394 18101 195 17906 2558 1986 317 270 238 290 268 572 126 269 1696 165 110 102
is_linear=0
shrinkage=0.03


Tree=128
num_leaves=31
num_cat=0
split_feature=7 2 2 0 0 0 8 8 0 0 2 8 0 0 8 8 8 8 8 8 2 2 2 8 3 8 2 8 8 8
split_gain=27.8072 11.6582 14.0064 14.669 7.30074 6.21243 9.3632 5.74224 8.60718 5.06206 4.58956 4.47114 5.37392 4.14125 4.11542 9.45924 3.53741 10.5565 5.21238 3.68216 8.45568 3.8612 3.51979 5.81678 3.45742 8.84682 4.53018 3.04479 8.0736 2.84309
threshold=1.0000000180025095e-35 1155.0000000000002 4.5000000000000009 2234.0129687500007 6.2178761574074084 276.65916666666675 0.76010615342734078 -0.05395565565866154 562.04461805555559 1758.9303414351855 54.500000000000007 4.5866911871889195 146.11524884259262 174.30959490740744 -0.067404673961580883 -0.075683053628122096 -0.10842981746940834 -0.094211819394037541 -0.16898259777278737 -0.32702254282720306 7.5000000000000009 8.5000000000000018 6.5000000000000009 7.7812465438342988 1.0000000180025095e-35 -0.22027280004219904 1.5000000000000002 2.9626513442337257 1.4146579967887816 -0.47148539307352649
decision_type=2 2 2 2 2 2 10 8 2 2 2 10 2 2 10 8 8 10 10 10 2 2 2 10 8 10 2 10 10 8
left_child=1 2 3 5 -4 11 7 9 -9 14 16 -1 -13 -12 15 24 18 -18 19 21 -21 -6 27 -24 25 26 -7 28 -19 -23
right_child=-2 -3 4 -5 10 6 -8 8 -10 -11 13 12 -14 -15 -16 -17 17 22 -20 20 -22 29 23 -25 -26 -27 -28 -29 -30 -31
leaf_value=0.00042160411777832074 0.027565670100683146 -0.01959964718333938 0.017683620108430734 -0.016131177963072015 -0.0089510770960776042 -0.014558271322869656 0.00042160411777832074 0.00042160411777832074 -0.01245748393784224 -0.014558271322869656 0.0039165777944781266 0.021454145257883639 0.00042160411777832074 -0.019096588882366216 0.00042160411777832074 -0.014558271322869656 0.017683620108430734 -0.0062331348754119638 -0.013594980977077287 0.017683620108430734 -0.0053261634865126037 0.013788613551016387 0.0037262838114722413 0.017683620108430734 -0.00043833362862129727 -0.00043833362862129727 -0.00061097878004794754 -0.0085100751255767042 0.017683620108430734 -0.0047644324939932854
leaf_weight=1653.677830287721 27.205467064864933 23.371607792098075 34.821488432586193 51.428293526172638 26.439424928277731 20.655039908364415 201.47118451818824 53.47127035446465 143.95311542786658 25.866828631609678 10.874919920694085 15.033863047137858 9.1559599414467794 9.6135565470904094 76.879625292494893 34.660753509029746 9.1004115929827076 22.06832944508642 14.742822883650659 18.814120760187507 16.669077930040658 12.832168220542369 85.701706573367119 16.385883351787925 299.44112174957991 47.952519193291664 22.266234187409282 24.99550882447511 10.327865150757132 9.3649612572044152
leaf_count=14052 251 88 477 55 250 48 347 179 306 44 81 92 74 29 161 94 31 105 40 90 66 111 595 35 717 130 73 84 74 70
internal_value=-0.000162864 -0.000459567 -0.000276794 -0.000997124 0.00557555 -0.00066795 -0.00263253 -0.00442031 -0.00873168 -0.00274058 0.00383439 0.000421604 0.0121642 -0.00850948 -0.00199386 -0.00351463 0.00491886 0.00749899 0.000370028 0.00344296 0.0101477 -0.00193854 0.00438944 0.0076083 -0.00203342 -0.00699249 -0.0145583 -0.00148708 0.00434489 0.00652422
internal_weight=3029.24 3002.04 2978.67 2655.91 322.752 2604.49 926.618 725.147 197.424 527.722 287.931 1677.87 24.1898 20.4885 501.855 424.976 267.442 168.58 98.8626 84.1198 35.4832 48.6366 159.479 102.088 390.315 90.8738 42.9213 57.3917 32.3962 22.1971
internal_count=18849 18598 18510 16372 2138 16317 2099 1752 485 1267 1661 14218 166 110 1223 1062 1551 924 627 587 156 431 893 630 968 251 121 263 179 181
is_linear=0
shrinkage=0.03


Tree=129
num_leaves=30
num_cat=0
split_feature=0 8 1 0 2 4 8 8 8 8 8 0 8 4 1 2 8 8 0 8 1 8 8 8 8 8 8 8 1
split_gain=15.0901 18.34 15.8137 10.5927 10.1074 9.75027 17.5073 14.2288 21.2134 9.48303 15.8535 9.8451 9.58618 7.32079 5.16544 4.969 3.34019 8.38421 1.49907 1.55813 1.23003 1.02268 2.63927 3.31119 7.73359 1.6723 2.4842 1.59989 0.246106
threshold=69.40056134259261 -0.70710678118654846 219.50000000000003 940.72428240740749 8.5000000000000018 0.070141162318292788 -0.14415550077362968 -0.039088848192108873 4.3865985131140901 -0.094211819394037541 -0.36144323561151009 489.53263888888893 7.7812465438342988 0.36509565903306396 1210.5000000000002 2.5000000000000004 -0.13606990972723812 -0.12798340198523966 27.381128472222226 0.3433756774523446 1.5000000000000002 -0.12393097265100135 -0.094211819394037541 -0.085162603498078915 -0.082682446638312826 -0.10306521699421792 -0.11106829372089243 -0.11783250591323975 1.0000000180025095e-35
decision_type=2 10 2 2 2 8 8 10 8 10 8 2 8 8 2 2 8 8 2 8 2 8 10 8 8 10 8 10 2
left_child=4 3 5 13 -1 9 -7 15 -9 10 -3 -12 -10 20 18 16 -8 -18 -6 -20 -2 -19 25 -24 -25 26 27 -23 -15
right_child=1 2 -4 -5 14 6 7 8 12 -11 11 -13 -14 28 -16 -17 17 21 19 -21 -22 22 23 24 -26 -27 -28 -29 -30
leaf_value=0.001336646496824916 -0.0054181279515016553 0.0047662023743313721 -0.021545959622579467 -0.024361557584199604 0.019124385202057777 0.0071069995641656414 -0.01555694032952999 0.011412842232941617 -0.013282132904474638 -0.0049010589245052213 -0.0095632443184611917 -0.030602273377907638 0.001336646496824916 -0.0054181279515016553 -0.0044046742481804596 0.001336646496824916 0.01028111972298314 -0.014414423671032413 -0.0031206873429014993 0.011412842232941617 -0.024361557584199604 -0.0058877346680587415 -0.015357683383168461 0.011559375009673259 -0.0049010589245052213 0.001336646496824916 -0.0049010589245052213 0.001336646496824916 -0.0044046742481804596
leaf_weight=1367.6438437362667 6.3555294796824437 30.645227245986462 28.178037357982248 37.287726573646069 43.764061881927773 282.08370089624077 26.386555187404156 157.66918036993593 58.796649605035782 178.05066140694544 52.008895604871213 36.645970620214939 67.691143972799182 124.24114970490336 5.8934246543794861 29.87641891464591 28.343648178502917 15.348402597010134 10.179787678644059 12.697190301492812 7.7217842452228069 23.057867474853992 49.12485141120851 22.619765512645245 211.17412651889026 30.498355088755488 27.00567252188921 29.079098772257566 15.480401815846561
leaf_count=11913 65 135 107 73 583 1365 95 522 174 556 362 69 140 948 21 67 104 56 90 120 47 125 147 51 561 118 143 126 79
internal_value=-0.00027686 -0.00230247 -0.00108201 -0.0108908 0.00193919 -0.000579209 0.000774247 -0.00155653 0.00133665 -0.00533147 -0.0132724 -0.0194293 -0.0048283 -0.00696061 0.0124814 -0.00490106 -0.00490106 -0.00490106 0.0149562 0.0114128 -0.0243616 -0.00490106 -0.00490106 -0.00490106 -0.00490106 5.52087e-05 -0.00316119 0.00185839 -0.00440467
internal_weight=3015.55 1575.37 1384.28 191.087 1440.18 1356.11 1058.76 776.672 284.157 297.351 119.3 88.6549 126.488 153.799 72.5345 492.515 462.638 436.252 66.641 22.877 14.0773 407.908 392.56 282.919 233.794 109.641 79.1426 52.137 139.722
internal_count=18962 6235 5023 1212 12727 4916 3794 2429 836 1122 566 431 314 1139 814 1593 1526 1431 793 210 112 1327 1271 759 612 512 394 251 1027
is_linear=0
shrinkage=0.03


Tree=130
num_leaves=31
num_cat=0
split_feature=7 1 8 8 0 0 8 5 1 8 0 8 5 0 8 8 0 0 1 8 5 4 8 8 3 8 8 8 8 8
split_gain=23.9699 15.7895 10.9428 30.6649 13.7148 12.7736 13.2895 12.2189 11.4527 13.954 11.7936 15.3836 8.82596 11.1444 20.1217 8.32349 17.1108 12.6606 7.32674 6.97172 5.99227 5.84695 6.69845 11.3918 5.51016 4.397 4.34314 4.26408 4.26043 3.36555
threshold=1.0000000180025095e-35 365.50000000000006 -0.027799858695191502 -0.061840684483087792 1758.9303414351855 844.38105902777795 -0.05180712410923604 1.0000000180025095e-35 1.5000000000000002 -0.14129821556612357 3.8507581018518522 -0.13232200863501437 4.741666666666668 512.28103009259269 3.5826916815289569 -0.098112905730255662 30.303512731481486 1238.2568344907411 6.5000000000000009 -0.075683053628122096 0.93333333333333346 0.94005042094690039 1.7038852393529456 7.7812465438342988 0.56036201871452695 -0.079587637321171648 -0.35447362947822741 -0.067404673961580883 -0.092524289806454343 -0.089272192474319043
decision_type=2 2 10 10 2 2 10 10 2 8 2 10 10 2 10 10 2 2 2 10 10 8 10 10 10 10 8 10 10 10
left_child=1 2 3 4 7 6 -5 8 9 -1 -10 24 18 -14 -15 16 -11 19 21 25 -20 -4 -23 -24 -12 29 -26 -21 -9 -17
right_child=-2 -3 12 5 -6 -7 -8 28 10 15 11 -13 13 14 -16 17 -18 -19 20 27 -22 22 23 -25 26 -27 -28 -29 -30 -31
leaf_value=0.0064640257016809633 0.026606994967865189 -0.020252655177793191 0.0042009505629143082 -0.014803543069700031 -0.013944952132148769 -0.020852036034077984 0.016425121589335318 -0.0053100063128211916 0.019541337883078842 0.00059014300236086433 -0.0053100063128211916 0.019541337883078842 0.0042009505629143082 0.0042009505629143082 -0.020030837686534745 0.015254508277463526 -0.0053100063128211916 -0.0053100063128211916 0.024290784960570043 -0.0053100063128211916 0.0042009505629143082 0.02317351916258318 0.0042009505629143082 0.022344597344701251 -0.0053100063128211916 0.022974184736774154 0.01322187130369192 0.008113941815014061 -0.013944952132148769 0.0025843026265514038
leaf_weight=257.69706874340773 24.106787897180766 31.904572914354503 109.71823489107192 21.809410279616714 61.542917594313622 93.631091043353081 17.61066185310483 327.94180120527744 51.064282262697816 871.27362174913287 65.14678920712322 10.33685192838311 168.66380569711328 42.649087559431791 52.972900234162807 31.023265641182661 414.75939540378749 28.887238368391991 31.516809110995382 30.676698040217161 18.093708640895784 26.490764650516212 40.275911929085851 26.929423868656158 12.204619279131292 25.906323414295912 25.150486344937235 27.10119516775012 12.96513927914202 44.946241216734052
leaf_count=1493 268 130 404 74 80 208 55 2637 460 7111 348 24 1296 67 88 92 2802 68 209 95 86 84 114 42 132 62 148 59 35 133
internal_value=-0.000487138 -0.000750439 -0.000505525 -0.00134938 -0.000523457 -0.0150825 -0.000573871 -0.000123952 0.000819944 9.26087e-05 0.00827676 0.00256621 0.00343605 -0.000409695 -0.00834687 -0.00103894 -0.0019055 0.00476834 0.00738305 0.00845417 0.0172205 0.00462824 0.01159 0.00573546 -0.00196247 0.012993 0.00689063 5.36698e-05 -0.00531001 0.00838085
internal_weight=3005 2980.89 2948.99 2431.68 2298.62 133.051 39.4201 2237.08 1896.17 1732.27 163.903 112.839 517.311 264.286 95.622 1474.57 1286.03 188.541 253.025 159.654 49.6105 203.414 93.6961 67.2053 102.502 101.876 37.3551 57.7779 340.907 75.9695
internal_count=18904 18636 18506 16116 15779 337 129 15699 13027 11915 1112 652 2390 1451 155 10422 9913 509 939 441 295 644 240 156 628 287 280 154 2672 225
is_linear=0
shrinkage=0.03


Tree=131
num_leaves=31
num_cat=0
split_feature=1 0 6 8 8 1 8 2 0 8 8 8 2 8 8 8 8 5 0 8 8 2 8 8 2 0 8 8 8 8
split_gain=14.8493 13.5451 11.7793 10.5332 11.15 5.6323 5.32541 4.53702 7.47211 7.69514 3.23125 5.00364 2.4551 11.1184 7.13019 4.62059 4.50954 7.18422 3.49321 3.41112 3.01434 2.31943 0.831405 1.35702 0.771849 0.449301 3.14871 1.54042 3.79985 0.457338
threshold=465.00000000000006 1347.758697916667 0.0040405524537173087 -0.1047462974708691 5.8775027652492442 1.0000000180025095e-35 -0.036132866321819369 8.5000000000000018 146.11524884259262 0.81693409210196033 -0.31618295127277313 -0.29507168271271794 3.5000000000000004 -0.22354118250387747 -0.19173865103933127 8.4552367458671185 9.0999842226063219 1.2083333333333335 896.2243287037038 -0.1047462974708691 3.7733712206366348 12.500000000000002 7.2234608325877323 6.5472912342668161 67.500000000000014 1.0000000180025095e-35 -0.28934063992376752 -0.073921777666113533 -0.06560943739585319 -0.20087517160411791
decision_type=2 2 10 10 10 2 10 2 2 8 8 8 2 10 10 10 10 10 2 10 8 2 10 10 2 2 10 10 8 10
left_child=1 2 7 -3 5 6 -5 10 24 -10 -1 -12 15 -14 -15 22 17 -16 -17 -19 -21 -11 23 25 -9 -13 -27 29 -29 -28
right_child=-2 3 -4 4 -6 -7 -8 8 9 21 11 12 13 14 16 18 -18 19 -20 20 -22 -23 -24 -25 -26 26 27 28 -30 -31
leaf_value=-0.0030850319417150287 -0.020257657652862558 -0.016192984301670914 0.016728025511024744 -0.0015961476856158911 -0.017677211341858352 0.00047599992446594526 -0.017602078600851192 0.013980612838300209 -0.013820546723517332 0.012753978572829429 0.01431789480638682 0.0020037951379088779 0.016728025511024744 -0.016192984301670914 0.016728025511024744 0.015797460239584154 -0.011573913898543316 0.013140880821511949 0.0013389066296081507 -0.0059805027036193611 0.0066542950372901668 0.00047599992446594526 -0.0094526555657861184 0.011545344009460242 0.002706262081437631 -0.0024667390127610911 0.00011721391462164798 -0.011862081103093626 0.00047599992446594526 0.0020037951379088779
leaf_weight=240.11135697923601 27.517977335490286 68.700411267578602 35.750912066549063 53.091219842433929 29.700827091932297 54.412294432520866 24.881591841578484 57.709557031281292 23.243075624108315 16.367374258115888 18.552604760974646 544.02334552258253 31.198473488446325 9.4416201096028072 20.581441110465676 27.288564663380384 13.443860541097818 14.149257482029496 30.051250636577606 57.008298523724086 18.798565115779631 18.891314433887601 11.214469905942677 10.38713029399514 9.0023441556841117 683.12117447983474 117.73347039148211 40.081224424764514 274.37806943245232 416.98177876137197
leaf_count=1950 117 99 487 140 38 78 40 661 91 48 114 4111 276 37 117 76 32 56 38 427 86 76 34 29 60 5803 739 115 1055 1920
internal_value=-9.49387e-05 0.000125586 0.00071818 -0.00677476 -0.00241772 0.000476 -0.00745666 0.000476 0.00607665 0.000476 0.000476 0.000535233 0.000476 0.00409877 0.000476 0.000476 0.00233282 0.00445187 0.00893502 0.000476 0.000476 0.00663175 0.000476 0.000476 0.012754 0.000476 0.000476 0.000476 0.000476 0.0020038
internal_weight=2997.81 2970.3 2739.51 230.786 162.086 132.385 77.9728 2703.76 125.214 58.5018 2578.55 2338.43 2319.88 164.622 133.423 2155.26 123.981 110.538 57.3398 89.9561 75.8069 35.2587 2097.92 2086.71 66.7119 2076.32 1532.3 849.175 314.459 534.715
internal_count=18950 18833 18438 395 296 258 180 17951 936 215 17015 15065 14951 1031 755 13920 718 686 114 569 513 124 13806 13772 721 13743 9632 3829 1170 2659
is_linear=0
shrinkage=0.03


Tree=132
num_leaves=31
num_cat=0
split_feature=1 7 0 0 8 3 2 2 1 0 8 8 8 8 0 1 8 2 0 8 8 8 8 8 8 8 1 8 8 8
split_gain=14.9026 15.1065 13.9401 8.32501 17.0879 17.0376 9.75758 9.11419 6.45375 5.78546 5.28875 5.5368 8.22176 4.7057 3.87454 3.70426 2.87253 2.76754 2.50033 2.45114 1.65063 3.99866 2.64442 2.50191 8.11134 2.76139 5.50388 2.49172 2.2277 1.86546
threshold=516.00000000000011 1.0000000180025095e-35 2234.0129687500007 69.40056134259261 -0.32702254282720306 0.99909747292418782 17.500000000000004 9.5000000000000018 1.5000000000000002 412.06105902777784 3.7733712206366348 -0.027799858695191502 -0.05395565565866154 -0.30148286566170152 1048.9506712962964 1.5000000000000002 6.5472912342668161 8.5000000000000018 1758.9303414351855 -0.34293946286267857 -0.05842411369543999 -0.073921777666113533 -0.067404673961580883 -0.087786986019263713 -0.10976661887118579 -0.21221303030504074 1.0000000180025095e-35 -0.077894202850768146 -0.23863893236924633 -0.0634949437658444
decision_type=2 2 2 2 10 10 2 2 2 2 10 10 10 8 2 2 8 2 2 8 10 10 10 10 10 10 2 8 8 8
left_child=1 2 3 7 5 9 8 -1 10 15 11 12 18 -10 -14 19 -15 -17 20 -5 21 23 -23 24 25 26 28 -25 -6 -24
right_child=-2 -3 -4 4 6 -7 -8 -9 13 -11 -12 -13 14 16 -16 17 -18 -19 -20 -21 -22 22 29 27 -26 -27 -28 -29 -30 -31
leaf_value=0.0016865118602936836 -0.019750759713022634 0.021312791746358934 -0.015367452411356043 0.0016865118602936836 0.0089376911278822163 0.0016865118602936836 -0.014906579938609806 0.013529513075795521 0.019206788535085624 -0.015367452411356043 -0.01140602519685447 0.0016865118602936836 -0.0030870184412110763 0.0040349851901974824 -0.015367452411356043 -0.015367452411356043 -0.0017708960478479338 0.0012073521631175991 -0.01070409578930431 -0.0059988374578590813 0.0016865118602936836 -0.01070409578930431 0.0039828528474265788 0.0091158590363174877 -0.0098358255270474607 0.0016865118602936836 -0.01070409578930431 -0.0024087291902323929 -0.0047970251694478107 -0.0072339414380262453
leaf_weight=1373.6166449221782 29.813567504286766 24.611779147060588 48.698139995336533 6.346495233476162 19.682684987783432 27.740858877077699 33.383707112167031 53.585419967770576 14.033576161600648 75.840484399348497 41.164445452392101 42.918566841632128 37.841662855818868 361.62329319724813 43.334348045289516 35.257337757386267 93.874099589884281 8.4597402960062009 17.091008238494396 103.06474493071437 16.65782305598259 28.163530793040991 21.667436353862286 60.368584915995598 74.667152194306254 222.85569821484387 20.91216304153204 20.355506571009755 14.446717277169226 22.210482273250818
leaf_count=11882 117 258 53 40 102 129 114 638 55 185 101 97 91 1513 112 298 242 48 34 903 47 94 49 156 311 1006 90 62 74 63
internal_value=-0.000236922 -7.74615e-06 -0.00022212 5.90754e-05 -0.00152784 -0.00847727 -2.12427e-05 0.00168651 0.000463511 -0.0117727 -0.0015837 -0.000893221 -0.00219992 0.00168651 -0.010806 -0.00765279 0.00168651 -0.014635 -0.000816587 -0.00434527 -0.000394361 -0.00103566 -0.00733335 8.31493e-05 -0.0013938 0.00100821 -0.00493141 0.00168651 0.00168651 -0.00185414
internal_weight=2994.29 2964.47 2939.86 2891.16 1463.96 256.71 1207.25 1427.2 1173.87 228.969 704.338 663.173 620.255 469.531 81.176 153.128 455.497 43.7171 539.079 109.411 521.988 505.33 72.0414 433.289 352.564 277.897 55.0416 80.7241 34.1294 43.8779
internal_count=18964 18847 18589 18536 6016 1603 4413 12520 4299 1474 2489 2388 2291 1810 203 1289 1755 346 2088 943 2054 2007 206 1801 1583 1272 266 218 176 112
is_linear=0
shrinkage=0.03


Tree=133
num_leaves=31
num_cat=0
split_feature=7 1 2 1 8 8 8 8 8 8 2 8 8 8 8 4 8 1 8 1 1 8 1 4 2 1 2 8 2 1
split_gain=22.6787 15.5841 12.924 11.3804 9.77177 13.6163 12.8927 8.80631 9.32331 5.8288 5.05457 4.5669 10.7215 9.23116 10.741 9.73475 7.21826 10.2711 6.134 12.6094 12.3047 3.82595 3.52558 3.46579 3.32759 4.36541 2.87527 10.5988 5.08453 3.21488
threshold=1.0000000180025095e-35 343.50000000000006 4.5000000000000009 23.500000000000004 -0.10842981746940834 -0.087786986019263713 -0.22354118250387747 -0.32702254282720306 -0.37793073521791937 0.10947385941339509 8.5000000000000018 7.2234608325877323 0.76010615342734078 -0.077894202850768146 -0.079587637321171648 0.99999156967133362 1.6367615931413522 1.5000000000000002 3.4579942093215115 3.5000000000000004 2.5000000000000004 5.6428937444573917 5.5000000000000009 0.49089941186781483 2.5000000000000004 3.5000000000000004 6.5000000000000009 4.0015567420314797 5.5000000000000009 41.500000000000007
decision_type=2 2 2 2 8 10 10 10 10 10 2 10 10 10 10 8 10 2 10 2 2 10 2 10 2 2 2 10 2 2
left_child=1 2 3 11 6 -6 7 8 10 -7 -4 12 13 14 22 -15 17 -14 -18 20 21 -20 24 -13 25 -1 27 28 -11 -28
right_child=-2 -3 4 -5 5 9 -8 -9 -10 26 -12 23 16 15 -16 -17 18 -19 19 -21 -22 -23 -24 -25 -26 -27 29 -29 -30 -31
leaf_value=-0.00061838597296492211 0.024837892352143683 -0.020071204501936502 -0.005833461912838604 -0.021241939861048706 0.024837892352143683 -0.01283840676862498 -0.017747471072283316 0.017984272009386234 -0.023016106551626378 0.021139132824865133 0.012417239624952538 -0.011807619172121414 0.024837892352143683 -0.019441426530444141 0.020921740284362587 -0.0038393496388870064 -0.0038558371477945504 0.0049985944198166817 0.014896224168671274 0.024837892352143683 -0.018349144041759299 -0.0029083941997882124 -0.0075322537005426387 0.00037322174313249773 0.0047679160760984362 -0.011700329816971406 0.01351807409530404 -0.0160628787425912 -0.0013871483552130564 0.0024033705313829786
leaf_weight=1894.5858019981533 26.694710322422907 31.819396172650158 21.61114080157131 20.002120284363627 19.888510572258383 9.1396637670695764 27.333123905584216 23.93752540461719 9.8553703827783448 14.711787520907819 24.01953479135409 54.120921725407243 7.9745120871812096 38.745898548513651 15.779948048293589 227.72794710239395 67.052723085507751 35.660347101278603 26.696723114699125 21.179454514756799 16.75503489561379 14.367054976522921 61.907827954739332 32.159609150141478 96.471353142522275 27.566960327327251 74.478574711829424 15.655435705091802 15.559407604858279 36.778476431500167
leaf_count=13251 269 127 233 104 228 53 93 127 61 114 215 117 23 173 25 590 314 250 94 87 42 51 431 69 700 191 579 54 88 196
internal_value=-0.000406603 -0.000673651 -0.000430958 -0.00109306 0.0054953 0.0095582 -0.00170206 0.00454393 -0.00226177 0.00612678 0.00405105 -0.000900446 -0.000663291 -0.0012185 -0.000543055 -0.00642422 0.00610619 0.0161449 0.00267183 0.00811214 0.000265019 0.00902736 -0.000755626 -0.00749567 -0.0005297 -0.000807264 0.00759134 0.00110719 0.0110053 0.0101052
internal_weight=3010.24 2983.54 2951.72 2658.75 292.969 186.212 106.757 79.4236 55.486 166.323 45.6307 2638.75 2552.47 2362.79 2096.31 266.474 189.686 43.6349 146.051 78.9983 57.8188 41.0638 2080.53 86.2805 2018.62 1922.15 157.184 45.9266 30.2712 111.257
internal_count=18949 18680 18553 16512 2041 1312 729 636 509 1084 448 16408 16222 15361 14598 763 861 273 588 274 187 145 14573 186 14142 13442 1031 256 202 775
is_linear=0
shrinkage=0.03


Tree=134
num_leaves=13
num_cat=0
split_feature=0 1 6 0 2 1 5 2 4 0 1 1
split_gain=17.6211 13.0658 11.2489 1.99344 6.34958 5.41888 2.55741 22.8819 1.45675 0.432315 0.218769 0.323825
threshold=1484.9627025462964 3.5000000000000004 0.0040405524537173087 65.176186342592601 9.5000000000000018 81.500000000000014 0.41250000000000003 1.5000000000000002 inf 2234.0129687500007 1.5000000000000002 1.0000000180025095e-35
decision_type=2 2 10 2 2 2 10 2 8 2 2 2
left_child=2 8 3 4 6 -6 7 10 -2 -10 11 -1
right_child=1 -3 -4 -5 5 -7 -8 -9 9 -11 -12 -13
leaf_value=0.001448685952569408 -0.019746656518181575 0.0010619533082158168 0.016801332940808489 0.0010619533082158168 0.016801332940808489 0.0010619533082158168 0.0010619533082158168 0.016801332940808489 -0.0082406146679334189 -0.014288180863651072 0.0010619533082158168 0.0029994771764472916
leaf_weight=906.80622593313456 29.0389165841043 54.641303613781929 35.890245995949954 1370.3628957057372 39.193191854050383 16.006568587385118 199.05905800871551 80.91588092315942 73.846071649342775 32.660242408514023 20.14975887350738 142.51490355469286
leaf_count=7504 38 66 498 6036 482 92 1923 700 155 42 202 1158
internal_value=0.000458478 -0.00825943 0.00106195 0.00106195 0.00223846 0.0117849 0.0018059 0.00268855 -0.0132341 -0.0106526 0.00148305 0.00167253
internal_weight=3001.09 190.187 2810.9 2775.01 1404.65 55.1998 1349.45 1150.39 135.545 106.506 1069.47 1049.32
internal_count=18896 301 18595 18097 12061 574 11487 9564 235 197 8864 8662
is_linear=0
shrinkage=0.03


Tree=135
num_leaves=31
num_cat=0
split_feature=1 2 0 8 5 0 6 8 0 5 1 0 8 8 8 8 8 8 8 8 8 8 8 5 8 8 8 8 8 8
split_gain=17.7458 14.0362 20.0225 21.7217 10.455 10.6549 4.61783 3.60514 7.11765 4.68805 5.52075 2.88465 3.21742 3.88215 9.66315 2.80958 10.6109 2.3141 1.65458 3.62561 1.44686 4.14126 1.36354 1.18957 1.95093 1.51377 12.1203 5.58525 6.9736 6.05119
threshold=365.50000000000006 3.5000000000000004 1397.0709780092595 -0.039088848192108873 1.4083333333333334 6.2178761574074084 0.38194444444444448 13.113039290425727 1103.3390335648148 5.7125000000000012 34.500000000000007 1.0000000180025095e-35 -0.22639738596760769 -0.11106829372089243 -0.096126352407304785 -0.047652940983513893 -0.039088848192108873 -0.14851099033688575 0.49701157355560116 0.99015368604283005 -0.31883986381802182 -0.48465962427587944 9.0999842226063219 660.39166666666677 -0.21221303030504074 -0.089272192474319043 -0.083880866328817763 -0.077894202850768146 -0.06560943739585319 -0.075683053628122096
decision_type=2 2 2 10 8 2 10 8 2 10 2 2 10 10 10 10 10 10 10 8 10 10 8 8 10 8 10 8 10 8
left_child=1 2 6 17 -3 -6 11 8 9 10 -7 -1 -13 -14 -15 25 -17 -4 -18 -20 21 -11 -21 -8 -25 -16 -27 -28 29 -29
right_child=-2 4 3 -5 5 7 23 -9 -10 20 -12 12 13 14 15 16 18 -19 19 22 -22 -23 -24 24 -26 26 27 28 -30 -31
leaf_value=0.0021893486066661425 -0.021578514964207481 0.029907276175705932 -0.010032371762785101 -1.2127306843387107e-05 0.01743407107214812 0.015263691416657385 0.019508532782713504 0.013215110266551085 -0.0074680431931910159 0.0014222333969723803 0.0014222333969723803 -0.0020415371515310277 0.0021893486066661425 -0.013490994063322709 0.0085622668379155137 -0.019232285111524659 0.0021893486066661425 -0.022559067745510017 -0.016125726682207631 -0.0033267474711710732 0.0014222333969723803 -0.0074680431931910159 0.002154797091693879 0.015238130105473159 0.0021893486066661425 -0.016513652646747479 0.014726032097897355 0.0059426129677775594 0.0021893486066661425 -0.013747434061053384
leaf_weight=539.37531433999538 29.31735566444695 10.112316030077634 31.895489320158958 57.158318378031254 43.840453605167568 50.004074984230101 8.1262346664443594 20.841559038963169 59.399344101548195 30.066123181954026 8.4002193477936071 951.83584952540696 313.2800195235759 48.556080594658852 39.084941871464252 20.947800695896149 31.587871236726642 68.125871423631907 17.656649447977543 154.81634925538674 152.11847092257813 25.848250709474087 50.983193807303905 5.6798465063329786 5.2126411143690365 26.257904481142759 39.968343045562506 16.996574841439724 72.251658461987972 40.13277799449861
leaf_count=4122 130 42 46 84 626 341 67 65 86 289 55 7839 1609 250 98 52 103 159 91 721 1073 207 101 94 23 88 85 51 186 125
internal_value=-0.0001302 0.000119905 -0.00070638 -0.010906 0.00530254 0.00429539 -1.21273e-05 0.00240964 0.00152921 0.00363567 0.0107859 -1.21273e-05 -1.21273e-05 0.000475174 -1.21273e-05 -1.21273e-05 -1.21273e-05 -0.0192323 -1.21273e-05 -1.21273e-05 0.00142223 -0.00321923 -1.21273e-05 0.0131421 0.00374912 0.00218935 0.00218935 0.00218935 0.00218935 -0.00788263
internal_weight=2969.88 2940.56 2539.93 157.18 400.631 390.518 2382.75 346.678 325.836 266.437 58.4043 2363.73 1824.36 872.52 559.24 510.684 275.992 100.021 255.044 223.456 208.033 55.9144 205.8 19.0187 10.8925 234.692 195.607 169.349 129.381 57.1294
internal_count=18908 18778 15994 289 2784 2742 15705 2116 2051 1965 396 15521 11399 3560 1951 1701 1068 205 1016 913 1569 496 822 184 117 633 535 447 362 176
is_linear=0
shrinkage=0.03


Tree=136
num_leaves=31
num_cat=0
split_feature=1 8 8 0 8 0 0 8 8 0 1 0 8 1 1 0 8 0 8 8 8 1 2 8 1 1 0 5 2 2
split_gain=12.8564 11.0614 20.9803 14.5151 10.6269 9.64798 9.09334 15.5775 8.57127 6.20982 5.45017 7.99658 5.65653 17.7135 15.7752 16.4191 17.542 18.5457 9.77949 7.56779 7.12516 10.1051 5.30341 5.07415 4.44597 7.81417 4.27224 5.404 4.07023 3.87634
threshold=365.50000000000006 -0.027799858695191502 -0.05395565565866154 1758.9303414351855 -0.079587637321171648 1048.9506712962964 320.32387731481487 -0.16139280307313006 -0.14415550077362968 940.72428240740749 41.500000000000007 237.19309606481485 4.0015567420314797 1.5000000000000002 3.5000000000000004 1003.6055555555557 8.4552367458671185 174.30959490740744 3.4579942093215115 3.0759547462939927 15.154108648399317 7.5000000000000009 7.5000000000000009 1.7038852393529456 17.500000000000004 14.500000000000002 1397.0709780092595 6.6833333333333345 13.500000000000002 1.5000000000000002
decision_type=2 10 10 2 10 2 2 8 10 2 2 2 10 2 2 2 10 2 8 10 10 2 2 10 2 2 2 10 2 2
left_child=1 2 3 4 6 -4 22 -8 -9 -6 12 -12 13 23 15 16 17 -14 19 24 21 -16 -1 -3 25 -15 27 -26 -29 -10
right_child=-2 10 5 -5 9 -7 7 8 29 -11 11 -13 14 18 20 -17 -18 -19 -20 -21 -22 -23 -24 -25 26 -27 -28 28 -30 -31
leaf_value=-0.0003989338624214863 -0.019745653676811647 0.031109874887226503 -0.0038371417483945673 -0.015519054700008379 0.011547525085924838 -0.023440830992148404 -0.0003989338624214863 -0.015519054700008379 -0.0035499590044372272 -0.00083433118971883201 0.0062192344730079936 -0.015504247171178225 0.015888036448622914 0.0028883825801926883 0.024741506132396496 -0.019736684599587932 0.019516728075490632 -0.019736684599587932 0.022941413592383792 -0.015072197385595907 -0.0032382634642977542 0.0012635449988354175 0.0092572474263515735 0.0094718832019392869 0.016118595666868331 0.025288140811904856 -0.019951384351484299 -0.014335629987103683 0.0056944853403749834 -0.013997757281690436
leaf_weight=1611.6321354517713 28.401092910673469 24.576099971309304 41.112226832658052 57.873308438807726 88.723424503579736 52.288645084947348 153.73442228138447 99.573340723291039 179.7518843896687 58.618902022019029 24.195956751704216 28.422905413433909 13.989187404513357 121.17861289018765 33.475811013951898 46.67760568857193 26.931812036782503 29.58290421962738 14.901262045837937 18.84874876961112 26.468044504523277 29.876509232446551 46.1986987774726 23.911514213308692 8.6331347450613958 11.154591919854282 7.6382475197315207 16.555126638151709 12.167541080154477 35.688252877444029
leaf_count=14053 122 58 108 87 254 132 371 266 389 117 194 78 97 955 115 65 54 67 64 72 36 145 506 63 65 83 5 125 127 87
internal_value=-0.00123386 -0.00102212 -0.00187316 -0.00129764 -0.000902433 -0.0154453 -0.00144764 -0.00511328 -0.0091576 0.0067558 0.00293313 -0.00584219 0.00397426 0.00688068 0.000253485 -0.0068781 0.00237826 -0.00913356 0.00289911 0.000844381 0.00942957 0.0145718 -0.000398934 0.0223221 0.00290314 0.00562844 -0.00487357 0.000200704 -0.00626421 -0.00555891
internal_weight=2972.78 2944.38 2425.2 2331.79 2273.92 93.4009 2126.58 468.748 315.013 147.342 519.186 52.6189 466.567 259.565 207.002 117.182 70.5039 43.5721 211.077 196.176 89.8204 63.3523 1657.83 48.4876 177.327 132.333 44.994 37.3558 28.7227 215.44
internal_count=18960 18838 16370 16130 16043 240 15672 1113 742 371 2468 272 2196 1617 579 283 218 164 1496 1432 296 260 14559 121 1360 1038 322 317 252 476
is_linear=0
shrinkage=0.03


Tree=137
num_leaves=27
num_cat=0
split_feature=7 1 0 8 4 0 8 3 0 8 8 1 8 8 0 8 8 8 0 1 3 8 8 8 8 3
split_gain=18.9638 12.8552 5.27905 21.5918 9.71274 12.5554 19.7474 13.0753 7.16555 5.25048 4.17683 3.80095 3.77199 3.20556 2.71508 1.89212 3.1664 0.848353 0.783296 0.75364 0.618566 0.562954 0.379773 0.333296 0.109212 0.0258704
threshold=1.0000000180025095e-35 343.50000000000006 30.303512731481486 -1.2197458291074501 0.070141162318292788 237.19309606481485 1.3363062095621225 0.99909747292418782 171.14935763888892 3.5826916815289569 10.275374294413295 14.500000000000002 -0.18247924343503832 0.66196691283462195 12.847262731481484 1.0741638338642534 1.9578419378789478 1.4146579967887816 61.72733796296297 6.5000000000000009 0.99909747292418782 -0.27211668802207262 -0.16552117772047353 3.1851417882256152 1.9997980409956184 inf
decision_type=2 2 2 10 8 2 10 10 2 10 10 2 10 8 2 8 8 8 2 2 10 10 8 8 8 8
left_child=1 2 11 8 5 -5 7 12 18 -8 -11 13 21 -1 24 -15 -17 -3 25 -2 -20 -7 -16 -18 -13 -4
right_child=19 17 3 4 -6 6 9 -9 -10 10 -12 14 -14 15 22 16 23 -19 20 -21 -22 -23 -24 -25 -26 -27
leaf_value=-0.0026792983173608551 0.027704524490944977 -0.022435170905655499 -0.0044405632445925622 0.0017465203526175978 0.0017465203526175978 -0.013906655352887877 0.0017465203526175978 0.0017465203526175978 -0.014356508073098469 -0.012947533735699353 0.0012325414980235269 0.01576371988981403 -0.026465511428594969 0.010508165654288887 0.0077674947475425762 -0.0044289067263691834 0.007312174886976136 -0.0065596511255033938 -0.0077126302191111856 0.01576371988981403 -0.0026792983173608551 -0.0039111260485027175 0.0017465203526175978 0.0019980074304614026 0.0077674947475425762 -0.0026792983173608551
leaf_weight=146.72215140145272 21.218551965896108 18.040537355002016 16.022116366773844 137.36948849074543 1134.1565540074371 23.889184657484293 39.464347982779145 17.501442236825824 107.12592321448028 34.739671975374222 33.803239410743117 18.415794784203175 55.089846726506948 18.259789784904569 6.8520111856050789 10.040310231037436 6.5164206651970762 9.8624042756855506 69.269024100154638 5.3420602164696893 7.5335606448352328 12.384032778441904 7.7618800797499699 944.51894426112995 6.5865986105054715 81.227298706769943
leaf_count=1365 163 73 133 1114 4547 95 63 45 406 82 53 238 144 171 72 134 53 58 806 96 52 54 103 7873 92 821
internal_value=0.000220665 -2.5669e-05 0.000183053 -0.00084887 0.000600213 -0.0037159 -0.00821895 -0.0169369 -0.00839597 0.000928757 -0.00634601 0.00174652 -0.021378 0.00174652 0.0105223 0.00201318 0.00179823 -0.0186734 -0.00442891 0.0233525 -0.0066488 -0.0113813 0.00174652 0.00207247 0.0157637 -0.0026793
internal_weight=2989.71 2963.15 2935.25 1769.58 1488.4 354.241 216.872 108.865 281.178 108.007 68.5429 1165.67 91.3631 1126.06 39.6163 979.335 961.076 27.9029 174.052 26.5606 76.8026 36.2732 14.6139 951.035 25.0024 97.2494
internal_count=18906 18647 18516 8415 6197 1650 536 338 2218 198 135 10101 293 9596 505 8231 8060 131 1812 259 858 149 175 7926 330 954
is_linear=0
shrinkage=0.03


Tree=138
num_leaves=31
num_cat=0
split_feature=7 2 2 0 8 8 5 2 8 8 5 8 0 0 2 0 5 2 8 8 8 8 8 0 2 8 0 8 8 8
split_gain=21.0539 8.75042 13.9011 13.3109 9.99265 15.7308 8.25543 8.67829 7.38549 10.2482 6.14465 10.7173 4.95114 4.9499 4.7966 18.0471 4.72966 4.72565 4.34642 4.11828 3.18423 5.68129 3.36743 2.9316 3.58587 2.16059 2.14939 4.47426 3.549 5.36778
threshold=1.0000000180025095e-35 104.00000000000001 4.5000000000000009 2234.0129687500007 -0.10842981746940834 -0.094211819394037541 1.0500000000000003 6.5000000000000009 -0.23863893236924633 -0.32702254282720306 1.0000000180025095e-35 3.4579942093215115 1003.6055555555557 136.27947337962965 1.5000000000000002 3.8507581018518522 589.15416666666681 2.5000000000000004 1.7955190447088649 5.0251581615581147 3.1851417882256152 1.4146579967887816 0.10947385941339509 47.647378472222229 12.500000000000002 2.6162113340461972 1.0000000180025095e-35 -0.30148286566170152 -0.14129821556612357 -0.13032254349676956
decision_type=2 2 2 2 8 10 10 2 10 10 10 10 2 2 2 2 8 2 8 10 8 10 8 2 2 10 2 10 10 10
left_child=1 2 3 10 8 -6 -7 -8 9 13 14 12 17 -4 26 -16 -10 -12 -3 23 21 -17 -19 24 -9 -24 -1 -28 -29 -30
right_child=-2 18 4 -5 5 6 7 19 16 -11 11 -13 -14 -15 15 20 -18 22 -20 -21 -22 -23 25 -25 -26 -27 27 28 29 -31
leaf_value=0.0021673889436694955 0.025757515792443959 -0.021244965145393747 0.0024935250631903461 -0.01712199759440514 0.025757515792443959 0.020761747541246298 -0.0073598029506639533 -0.00043397020763823505 -0.00017182384179251475 0.019599868564383536 -0.0088131449775337069 0.00011569228512558184 -0.016742402499333005 -0.015836894295915248 0.02292453577123648 0.0016158428359346231 -0.023677863955333795 0.0016158428359346231 0.00079233752716033801 0.018790915504659982 0.00011569228512558184 0.020589448163544355 -0.010069018183905097 -0.00043397020763823505 0.018742324294389674 0.00011569228512558184 -0.002971338261779183 0.0021673889436694955 -0.0088131449775337069 0.00011569228512558184
leaf_weight=540.02935238182545 23.162180748768151 21.609567176550627 37.181558888871223 39.212414532899857 21.575567266670987 24.493106352165341 43.921783378347754 9.8991100736893731 13.540694136172531 19.627328422851861 158.43427605368197 77.446010980755091 35.957544542849064 14.724360974505542 34.518983695656061 63.197305152192712 13.100784728303553 90.116107387468219 11.050789267290382 20.041166753508151 52.416905740275979 13.710419792681931 41.798330273479223 47.087201555259526 15.499491272028534 7.5829709805548182 688.3374342340976 205.02233260404319 32.378491520881653 558.03134485147893
leaf_count=4123 251 88 436 46 218 198 233 151 64 98 1334 226 77 75 254 343 40 678 62 66 153 81 337 277 167 40 5785 1096 147 1740
internal_value=-5.89764e-05 -0.000304788 -0.000119197 -0.000798481 0.00616755 0.0102299 0.00632143 0.00308707 -0.00151465 0.00359975 -0.000519794 -0.00386036 -0.00680417 -0.00364095 0.000115692 0.00517218 -0.0136458 -0.00534817 -0.0146733 0.00816919 0.000115692 0.00604868 -0.00124404 0.00420942 0.0114734 -0.00719907 0.000115692 0.000115692 0.000323865 0.000115692
internal_weight=2974.7 2951.54 2918.88 2638.19 280.692 182.517 160.942 136.449 98.1747 71.5332 2598.98 411.335 333.889 51.9059 2187.64 163.844 26.6415 297.932 32.6604 92.527 129.325 76.9077 139.497 72.4858 25.3986 49.3813 2023.8 1483.77 795.432 590.41
internal_count=18884 18633 18483 16460 2023 1310 1092 894 713 609 16414 2692 2466 511 13722 831 104 2389 150 661 577 424 1055 595 318 377 12891 8768 2983 1887
is_linear=0
shrinkage=0.03


Tree=139
num_leaves=24
num_cat=0
split_feature=0 8 1 0 4 1 4 0 8 3 1 3 8 1 1 8 8 8 8 4 1 8 4
split_gain=23.0461 18.2426 17.2751 16.7781 8.18596 6.40182 5.20218 13.0266 16.1652 9.84967 5.91337 4.01432 3.34991 5.45445 3.44632 3.13872 2.10655 3.24322 0.674506 1.26936 0.2907 0.101948 0.0525882
threshold=29.68961226851852 15.154108648399317 76.500000000000014 412.06105902777784 0.49988630218756397 15.500000000000002 0.026071230250987194 237.19309606481485 1.3363062095621225 0.99909747292418782 46.500000000000007 0.61298798798798815 0.81693409210196033 1.0000000180025095e-35 1.0000000180025095e-35 2.0585368391772128 3.5826916815289569 6.9435779072769845 2.2762625257613989 0.99999995961538468 1.5000000000000002 1.9997980409956184 0.99999995961538468
decision_type=2 8 2 2 8 2 8 2 10 10 2 10 8 2 2 10 8 10 10 8 2 8 10
left_child=5 2 6 4 11 12 7 -2 9 20 18 -3 -1 -14 -6 -4 -10 -18 19 -8 -9 -15 -21
right_child=1 3 15 -5 14 -7 10 8 16 -11 -12 -13 13 21 -16 -17 17 -19 -20 22 -22 -23 -24
leaf_value=0.00013092323677700864 0.00013092323677700864 -0.019251883889065874 -0.022112864043796171 -0.019251883889065874 -0.0025090870291380415 0.01354887675495205 -0.0028988578107453648 -0.012168736879917267 0.0057741799435131729 0.00013092323677700864 0.01354887675495205 -0.0025090870291380415 0.0016330869681395045 0.0038317009689606296 0.007147870038914185 -0.0033997726414348737 -0.011003187574077474 0.00013092323677700864 0.0016330869681395045 -0.00018369803948148629 -0.022876433651356533 0.0074972065806973923 0.00013092323677700864
leaf_weight=145.61158291855827 134.19773864606395 11.903118565678596 36.810917763970792 100.03478108113632 193.24829665385187 39.86288934503682 173.1201318311505 23.485316883772612 34.775093177333474 18.166635643690825 14.98888936312869 10.366822557523847 810.1216150149703 24.59154937742278 13.342051640152929 12.536691099405287 23.768148427829146 24.263427563011646 140.79792538192123 735.10149646643549 65.248562768101692 173.59921056171879 24.375756565481424
leaf_count=1419 1091 71 151 207 1877 503 1065 68 54 42 80 81 6463 306 91 67 57 45 469 2784 215 1587 131
internal_value=-0.000811088 -0.00296044 -0.00150948 -0.00928943 -0.00461633 0.00241157 -0.00086763 -0.00417395 -0.0094356 -0.0168766 0.000130923 -0.0192519 0.00197003 0.00274698 -0.00250909 -0.018109 0.000130923 -0.00336294 0.000130923 0.000130923 -0.0208427 0.00714787 0.000130923
internal_weight=2984.32 1790.53 1461.64 328.895 228.86 1193.79 1412.29 323.905 189.707 106.901 1088.38 22.2699 1153.92 1008.31 206.59 49.3476 82.8067 48.0316 1073.4 932.597 88.7339 198.191 759.477
internal_count=18924 8646 6319 2327 2120 10278 6101 1572 481 325 4529 152 9775 8356 1968 218 156 102 4449 3980 283 1893 2915
is_linear=0
shrinkage=0.03


Tree=140
num_leaves=31
num_cat=0
split_feature=2 2 4 8 0 3 8 2 5 2 8 8 8 0 8 8 0 8 8 8 8 8 0 8 8 8 8 0 8 8
split_gain=10.9614 12.5342 11.4247 17.6769 15.1543 11.7514 12.4728 11.9324 9.89983 9.18368 10.2368 8.38578 20.1989 15.5084 11.8632 6.40274 12.7523 3.92455 3.74231 6.71163 7.456 3.54921 6.07751 5.62963 6.41108 4.21939 3.46676 2.83414 2.34818 2.12616
threshold=1155.0000000000002 4.5000000000000009 inf -0.23298089659185817 1048.9506712962964 0.66546329723225039 1.4146579967887816 2.5000000000000004 1.4083333333333334 38.500000000000007 -0.11528239517639434 -0.027799858695191502 4.3865985131140901 1292.1540972222226 -0.098112905730255662 8.4552367458671185 14.980341435185187 -0.30148286566170152 5.8775027652492442 -0.085162603498078915 -0.039088848192108873 -0.073921777666113533 450.13877893518526 -0.079587637321171648 -0.089272192474319043 -0.060406289022973798 11.576149430677996 174.30959490740744 -0.11623193596915153 -0.085162603498078915
decision_type=2 2 8 8 2 10 8 2 10 2 8 10 8 2 10 8 2 10 10 8 8 10 2 10 10 10 8 2 10 8
left_child=1 2 4 17 5 6 7 27 9 10 -3 13 -13 14 -5 -8 -17 -4 -6 -15 -21 23 25 24 -16 -23 -18 -1 -9 -26
right_child=-2 8 3 11 18 -7 15 28 -10 -11 -12 12 -14 19 21 16 26 -19 -20 20 -22 22 -24 -25 29 -27 -28 -29 -30 -31
leaf_value=-0.0075994913054562253 -0.019451545224719889 0.0028932957952678036 0.0064472544825834865 -3.7982108207199748e-05 -0.013311604401760761 -3.7982108207199748e-05 0.0069943487295263812 -3.7982108207199748e-05 0.0028932957952678036 0.0028932957952678036 0.029582133441435961 0.023238004677072419 -3.7982108207199748e-05 -3.7982108207199748e-05 0.014761223692214026 -3.7982108207199748e-05 -0.00111221993966991 0.020958636298236934 -0.023614775799279952 -0.02286501811111075 -0.0036867667117770233 0.0026593913072043263 -3.7982108207199748e-05 0.020991109646243806 -0.0086864468986851476 0.025580340438179364 -0.021739370898703574 -0.013311604401760761 -0.010095383942930808 0.0031515936412519398
leaf_weight=101.55602042004466 21.407314638607204 14.964288973249493 38.978725152090192 1313.5484946547076 84.728995710611343 246.24835826898925 74.404241587966681 51.426152594387531 253.97290160669945 7.639417254831641 35.480884441407397 42.485340056475252 37.90876867249608 37.802649017423391 35.156484074890614 68.081269090995193 9.8650791160762292 36.56017385981977 35.074036486446857 46.737329723313451 31.639747567474842 15.687592297792436 104.89743142947555 28.4181660823524 17.178612221032381 10.871979976072906 31.678013626486063 78.835106646642089 16.562766764312983 31.020522620528936
leaf_count=1022 94 96 240 9959 137 1897 357 410 1704 55 335 137 64 71 106 576 30 212 52 128 64 83 221 70 62 37 180 329 110 80
internal_value=-0.00020955 -3.66202e-05 -0.000715291 0.000593165 -0.00369738 -0.00191524 -0.0054866 -0.00981308 0.00559858 0.0162605 0.021685 -3.79821e-05 0.00936313 -3.79821e-05 0.000287449 -3.79821e-05 -0.00409013 0.0143358 -0.0133116 -0.0108539 -0.0133116 0.00657098 0.00304863 0.0104057 0.00581318 0.0146082 -0.0133116 -0.0133116 -3.79821e-05 -3.79821e-05
internal_weight=2960.82 2939.41 2627.35 1828.89 798.46 678.657 432.409 248.38 312.057 58.0846 50.4452 1753.35 80.3941 1672.96 1556.78 184.029 109.624 75.5389 119.803 116.18 78.3771 243.231 131.457 111.774 83.3556 26.5596 41.5431 180.391 67.9889 48.1991
internal_count=18918 18824 16634 11534 5100 4911 3014 1871 2190 486 431 11082 201 10881 10618 1143 786 452 189 263 192 659 341 318 248 120 210 1351 520 142
is_linear=0
shrinkage=0.03


Tree=141
num_leaves=31
num_cat=0
split_feature=8 0 8 0 8 1 8 1 0 1 8 0 8 8 1 8 8 7 0 8 1 1 8 8 1 1 1 8 3 8
split_gain=11.2899 17.3121 21.5314 13.4693 9.5318 7.09825 6.06111 15.0343 5.19921 25.6251 10.5227 4.83012 4.11487 3.2741 3.05001 4.8392 4.48837 2.93638 2.27781 5.01678 2.10177 4.10865 3.64166 1.88451 1.73244 4.36 3.46121 1.46975 7.9462 3.16308
threshold=0.54819609838373762 320.32387731481487 -0.05395565565866154 1588.6313946759262 -0.1047462974708691 77.500000000000014 1.582065973823646 1.5000000000000002 1048.9506712962964 6.5000000000000009 6.9435779072769845 742.56125000000009 -0.13032254349676956 2.0585368391772128 46.500000000000007 1.0041841733655164 1.4146579967887816 1.0000000180025095e-35 940.72428240740749 -0.049338372682085012 6.5000000000000009 2.5000000000000004 5.8775027652492442 3.345175471563715 6.5000000000000009 2.5000000000000004 23.500000000000004 -0.20397731437958902 0.65027165191875669 -0.17975514403864087
decision_type=10 2 8 2 8 2 10 2 2 2 10 2 10 10 2 10 10 2 2 10 2 2 10 10 2 2 2 8 10 8
left_child=1 17 3 12 -5 6 7 -2 20 10 -10 13 -3 -7 15 24 -17 27 19 -4 21 -8 23 -23 25 -9 -26 -1 29 -29
right_child=5 2 18 4 -6 11 8 14 9 -11 -12 -13 -14 -15 -16 16 -18 -19 -20 -21 -22 22 -24 -25 26 -27 -28 28 -30 -31
leaf_value=-0.0015649662402319221 0.038919723017043689 -0.0040420604507504882 -0.01392047829669699 -0.025906683362109401 -0.0021401236603252566 -0.010957598382644566 0.0035082688134731167 0.015682530139862091 -0.0019559320929595945 0.0052356313462475533 -0.023793823400232041 -0.021303274687932035 0.00027836057006725025 0.0091260442344151763 0.020653874775040212 -0.010472346906511708 0.010101478021568949 0.015284588600579654 -0.016914122434257568 0.00027836057006725025 0.0052356313462475533 0.013485940153137815 0.019665677651657058 0.0052356313462475533 0.021647225831244045 -0.0070135711795358364 -0.0024374522894161977 0.0074790417655802291 0.0074790417655802291 0.00027836057006725025
leaf_weight=344.32096824515611 10.136971984058617 213.41795614548028 54.281792424619198 29.485332101583481 28.892776113003492 7.8386155762709739 80.912495484575629 8.1398641392588633 37.499998591840267 38.839248277246952 39.679542221128941 11.394658904056994 297.79207057133317 11.969226539600639 6.1829832461662582 25.75701604783535 9.2767055379226786 6.7374770510941735 106.09812415391207 26.131469583138824 74.178317393409088 23.150809977203608 37.927619514986873 24.223999565467238 14.076974631752821 13.509834874421356 6.1786676715128115 23.58111778087914 135.91155745647848 1237.0564134304877
leaf_count=3087 28 526 165 36 65 70 311 35 45 51 58 27 652 69 45 224 74 175 243 72 529 180 99 83 158 118 47 208 1158 10434
internal_value=-0.00055571 -0.0013655 -0.00514189 -0.00219493 -0.0152408 0.00363118 0.00461734 0.0112374 0.00275362 -0.00239298 -0.0139478 -0.00925567 -0.000571946 0.000571655 0.00584476 0.00346697 -0.00444331 0.000278361 -0.0138494 -0.00905227 0.00523563 0.0086778 0.0131155 0.00649481 0.00984882 0.00286106 0.0152725 0.000278361 0.000610132 0.000278361
internal_weight=2984.58 2503.71 756.1 569.588 58.3781 480.874 449.671 93.259 356.412 116.019 77.1795 31.2025 511.21 19.8078 83.122 76.9391 35.0337 1747.61 186.511 80.4133 240.393 166.215 85.3024 47.3748 41.9053 21.6497 20.2556 1740.87 1396.55 1260.64
internal_count=19072 16821 1759 1279 101 2251 2085 729 1356 154 103 166 1178 139 701 656 298 15062 480 237 1202 673 362 263 358 153 205 14887 11800 10642
is_linear=0
shrinkage=0.03


Tree=142
num_leaves=31
num_cat=0
split_feature=1 7 0 8 2 0 8 8 8 8 8 1 8 1 2 8 8 8 8 8 8 2 5 8 8 8 8 8 8 8
split_gain=12.8645 11.6375 11.3066 8.57403 4.94392 9.82021 2.64645 2.55884 6.65329 4.90653 7.30989 2.96197 2.66013 2.24871 2.12453 5.88186 1.86993 4.55028 5.36103 1.81539 1.68822 1.39524 4.78164 1.55442 1.16726 2.30998 1.94667 1.10689 1.01306 3.18544
threshold=4447.0000000000009 1.0000000180025095e-35 1588.6313946759262 2.6162113340461972 3.5000000000000004 6.2178761574074084 15.154108648399317 -0.34293946286267857 -0.23298089659185817 -0.20087517160411791 -0.16139280307313006 23.500000000000004 9.0999842226063219 11.500000000000002 1.5000000000000002 -0.38042917745922117 -0.10842981746940834 -0.094211819394037541 0.28543727991069318 -0.7716513920136453 -0.071950535148838521 4.5000000000000009 4197.3666666666677 3.5826916815289569 -0.4250736664705087 -0.4583192673143594 -0.55430595281611306 1.7955190447088649 -0.22639738596760769 -0.077894202850768146
decision_type=2 2 2 10 2 2 10 8 8 8 8 2 10 2 2 10 8 10 8 10 10 2 8 10 8 8 10 8 10 10
left_child=1 2 4 14 6 -6 28 15 13 -10 -11 12 16 -9 20 19 -12 -18 -19 -7 -4 22 -20 27 25 26 -21 -23 -1 -30
right_child=-2 -3 3 -5 5 7 -8 8 9 10 11 -13 -14 -15 -16 -17 17 18 21 24 -22 23 -24 -25 -26 -27 -28 -29 29 -31
leaf_value=-0.00090092223119142697 -0.023459532061727763 0.020321948537973582 -0.012248845725056096 0.00024261923405922476 0.016698772459929716 0.0091248232231905153 0.010850107779916195 0.016698772459929716 -0.012096696862686714 0.016698772459929716 -0.0038092747679483881 0.00024261923405922476 0.00024261923405922476 0.002457124115994593 -0.018713444671812293 -0.018713444671812293 0.016698772459929716 -0.013989973953550762 0.016698772459929716 -0.0067224135322733339 -0.003287629691688354 0.0023542787769619163 0.00024261923405922476 0.00024261923405922476 0.005660883132592367 -0.0163206484078539 0.0068797729986357992 0.012121042326400837 0.0027202667414667268 0.00024261923405922476
leaf_weight=1483.7379754381254 16.253597197588533 20.058979723253287 47.326893210411072 39.839215189218521 40.957449679030105 12.137349954806266 22.330403722822666 19.603491889312863 10.727778840810059 10.528046704828737 11.066918766126035 68.786983245052397 19.659145053476095 12.414165309630333 31.8166179433465 7.596894997637718 8.1253995704464597 7.4769810819998455 22.242400491610169 14.414332173299039 37.289917284622788 24.965154397767051 9.6144515178166206 19.984234278090298 8.3977525830268842 6.0605627121403804 13.486579974181955 17.793251688592122 464.90701308380812 410.69686005730182
leaf_count=11958 75 256 79 37 594 105 33 107 50 51 43 427 43 83 35 46 36 58 115 161 75 236 53 103 57 54 131 141 2117 1465
internal_value=-0.000203859 -3.47645e-05 -0.000210064 -0.00793027 0.000242619 0.00370569 0.000242619 0.00184052 0.00312955 0.0012098 0.00233761 0.000777425 0.00456588 0.0149444 -0.0120967 -0.00344533 0.00661156 0.00777797 0.00499891 0.000813074 -0.00870347 0.00712673 0.0119158 0.00399512 -0.00228045 -0.00471859 -0.000101143 0.00726206 0.000242619 0.000383377
internal_weight=2940.3 2924.04 2903.98 156.273 2747.71 366.039 2381.67 325.082 262.988 230.971 220.243 209.715 140.928 32.0177 116.433 62.0935 121.269 110.202 102.076 54.4966 84.6168 94.5995 31.8569 62.7426 42.3592 33.9615 27.9009 42.7584 2359.34 875.604
internal_count=18824 18749 18493 226 18267 2694 15573 2100 1546 1356 1306 1255 828 190 189 554 785 742 706 508 154 648 168 480 403 346 292 377 15540 3582
is_linear=0
shrinkage=0.03


Tree=143
num_leaves=21
num_cat=0
split_feature=7 0 8 1 4 8 0 8 0 5 8 8 8 8 4 0 1 6 0 0
split_gain=16.5971 10.6021 12.9228 11.4426 5.66536 11.4222 21.368 9.43368 4.90899 4.68706 18.1444 7.15839 4.24632 2.45858 1.69421 1.26164 0.67563 0.672808 0.427983 0.404296
threshold=1.0000000180025095e-35 57.103796296296302 -0.58729795912322813 365.50000000000006 0.0975235343658859 1.3363062095621225 237.19309606481485 -0.31005061774748416 562.04461805555559 8.3416666666666686 2.217106583904477 3.4579942093215115 8.4552367458671185 -0.18427537411290235 0.93284172758538031 101.43821180555557 1.0000000180025095e-35 0.0061219331829372179 171.14935763888892 66.8498263888889
decision_type=2 2 10 2 8 10 2 8 2 10 8 10 8 8 8 2 2 10 2 2
left_child=1 13 8 4 5 6 -4 -8 14 -2 -7 -12 -13 -1 15 -3 18 -11 19 -16
right_child=9 2 3 -5 -6 10 7 -9 -10 17 11 12 -14 -15 16 -17 -18 -19 -20 -21
leaf_value=-0.0017101806998259391 0.029543525167386189 -0.0044925362591028894 0.00039442354302928406 -0.022095553160805942 0.00039442354302928406 0.025345903812994609 0.00039442354302928406 -0.021456745721815194 -0.016744420501287785 0.0014669565136500957 -0.01549542043434555 0.0066344702837757841 -0.005595959439532356 0.0014669565136500957 -0.0017101806998259391 -0.016744420501287785 -0.0017101806998259391 0.010490210929874648 -0.0074273066787769694 -0.0044925362591028894
leaf_weight=215.27332764677703 16.479773388360659 9.0299943704158085 66.375632400158793 17.844190638046712 1033.3967112051323 20.400721130892634 16.424756832420826 88.529434885829687 50.44441425986588 2.4607845842838278 24.646436498034745 55.05746008688584 39.678331023082137 1149.7389678817708 15.36087431013584 15.018835755996404 11.803686583414672 3.1948129946831614 56.991133904084563 58.416258383542299
leaf_count=2012 153 82 489 93 3891 72 53 257 115 9 91 199 83 9885 170 105 94 105 273 679
internal_value=-0.000252147 -0.000466597 -0.00213703 -0.0010391 -0.000678815 -0.00419355 -0.00940559 -0.0177419 -0.0088493 0.0231036 0.000394424 -0.00249998 0.000394424 0.00146696 -0.00604086 -0.0128668 -0.00449254 0.00146696 -0.00449254 -0.00352688
internal_weight=2966.57 2944.43 1579.42 1362.35 1344.51 311.113 171.33 104.954 217.065 22.1354 139.783 119.382 94.7358 1365.01 166.621 24.0488 142.572 5.6556 130.768 73.7771
internal_count=18910 18643 6746 5228 5135 1244 799 310 1518 267 445 373 282 11897 1403 187 1216 114 1122 849
is_linear=0
shrinkage=0.03


Tree=144
num_leaves=31
num_cat=0
split_feature=7 1 2 0 1 8 8 0 8 8 0 1 1 8 2 3 8 8 8 8 8 0 0 8 8 8 8 8 8 2
split_gain=16.1799 14.0259 16.0425 20.4122 7.23466 6.7931 16.2839 6.21628 5.66986 4.98425 8.73255 6.80994 5.52905 7.12674 7.74456 15.8125 6.54839 9.64277 7.36112 10.4587 4.3789 3.59084 2.8339 3.3217 4.97274 2.83347 4.9281 4.05874 4.75662 4.05822
threshold=1.0000000180025095e-35 365.50000000000006 4.5000000000000009 2234.0129687500007 23.500000000000004 -0.11106829372089243 -0.094211819394037541 1.0000000180025095e-35 0.10947385941339509 7.2234608325877323 1048.9506712962964 1.0000000180025095e-35 1.5000000000000002 4.5866911871889195 2.5000000000000004 0.99909747292418782 -0.089272192474319043 -0.039088848192108873 -0.055695427628336465 -0.079587637321171648 -0.14129821556612357 1003.6055555555557 142.82523726851855 -0.31618295127277313 1.3874883846247803 -0.20087517160411791 -0.22354118250387747 -0.31883986381802182 -0.52135419395174598 9.5000000000000018
decision_type=2 2 2 2 2 8 10 2 10 8 2 2 2 10 2 10 10 10 10 10 10 2 2 10 10 8 8 8 10 2
left_child=1 2 3 4 7 20 -7 -1 -8 12 11 -11 16 14 15 22 -9 18 19 -18 25 -16 23 -14 -25 26 27 28 29 -4
right_child=-2 -3 5 -5 -6 6 8 9 -10 10 -12 -13 13 -15 21 -17 17 -19 -20 -21 -22 -23 -24 24 -26 -27 -28 -29 -30 -31
leaf_value=0.002667135332968387 0.023439871383251439 -0.020255487129410686 -0.0040428860430106045 -0.019322549195455362 -0.017246578587991515 0.023439871383251439 -0.012434934525613384 0.002667135332968387 0.007434315661210918 -0.0040009194137551026 -0.014101385069245107 0.0021744475088580151 -0.011468126608075597 0.002667135332968387 0.0026422550005654106 0.002667135332968387 -0.013226546481432681 0.002667135332968387 -0.014542828433724019 0.0024698795236814748 -0.01469980820121254 -0.0097656524516888735 -0.014327342847260966 0.002667135332968387 -0.014327342847260966 0.014491473305973364 -0.017758646497296551 0.012787702485147091 -0.0096500267948984014 0.016594110717035777
leaf_weight=540.21460259705782 21.352052256581374 25.968411185313016 13.730759598314757 46.937593072652817 17.543093636631966 21.890115739079192 9.5730428881943208 467.92598631978035 155.72928737779148 470.65894579142332 52.537877105176449 238.82870376110077 46.63358997926116 38.845722701400518 156.08592067845166 58.976591416634619 49.404569009318948 86.964173248037696 54.587306834757328 124.42747313156724 10.020587805658577 19.182872831821442 113.30617232993245 29.807655110955238 9.1665657069534046 10.449975883122532 6.7001799196004859 21.155108029954135 26.543082836549736 12.531190333422272
leaf_count=4121 261 126 165 55 96 236 59 2332 1041 4270 100 1649 480 132 1122 381 156 244 152 323 21 36 430 276 77 53 17 119 230 133
internal_value=3.727e-05 -0.000172463 4.11649e-05 -0.000701889 -0.000325693 0.00669533 0.0100073 -0.000176203 0.00595234 -0.000942319 -0.00284768 -0.00192149 0.00022102 -0.00232929 -0.00380568 -0.00706364 0.00176281 -0.0018626 -0.00542578 -0.00223626 0.000382303 0.00105103 -0.0111907 -0.00647759 0.000118714 0.00271952 0.000437553 0.00310613 -0.00154318 0.00688339
internal_weight=2957.68 2936.33 2910.36 2622.04 2575.1 288.323 187.192 2557.55 165.302 2017.34 762.026 709.488 1255.31 472.005 433.159 257.891 783.31 315.384 228.419 173.832 101.131 175.269 198.914 85.6078 38.9742 91.1103 80.6603 73.9601 52.805 26.2619
internal_count=18893 18632 18506 16432 16377 2074 1336 16281 1100 12160 6019 5919 6141 2934 2802 1644 3207 875 631 479 738 1158 1263 833 353 717 664 647 528 298
is_linear=0
shrinkage=0.03


Tree=145
num_leaves=26
num_cat=0
split_feature=1 6 0 5 2 0 1 0 1 3 1 1 4 1 0 5 1 1 1 0 1 2 5 1 1
split_gain=13.0037 8.79949 6.56644 6.12742 12.9248 9.94434 5.48394 4.74628 6.88141 5.84256 4.33814 4.92683 2.90527 23.696 3.21686 2.31464 3.17073 1.87705 1.2164 0.714564 0.58579 0.247374 0.204341 0.186251 0.0609732
threshold=516.00000000000011 0.0040405524537173087 2234.0129687500007 2.4083333333333337 1.5000000000000002 3.8507581018518522 3.5000000000000004 302.94693865740743 17.500000000000004 0.16025641025641027 7.5000000000000009 21.500000000000004 1.0000000180025095e-35 1.0000000180025095e-35 1.0000000180025095e-35 1105.7333333333336 1.5000000000000002 3.5000000000000004 5.5000000000000009 562.04461805555559 41.500000000000007 2.5000000000000004 5404.1166666666677 4.5000000000000009 2.5000000000000004
decision_type=2 10 2 10 2 2 2 2 2 10 2 2 8 2 2 10 2 2 2 2 2 2 8 2 2
left_child=1 2 3 4 12 -6 21 22 9 -9 18 -12 -1 14 -14 -3 -15 -11 23 -16 -13 24 -5 -8 -7
right_child=-2 15 -4 7 5 6 10 8 -10 17 11 20 13 16 19 -17 -18 -19 -20 -21 -22 -23 -24 -25 -26
leaf_value=-0.00077135839065249655 -0.019718117858553409 0.017125776198905474 -0.010037962859362265 0.0003462397758990718 0.014532168457835054 0.0003462397758990718 0.0086973647965183469 -0.0092108925521948663 -0.010037962859362265 -0.0092108925521948663 -0.00077135839065249655 0.014532168457835054 0.0019433733745654726 0.0094848649633057138 0.00016885106914726791 -0.00077135839065249655 0.017125776198905474 -0.00077135839065249655 0.014532168457835054 -0.00077135839065249655 0.004017941468508205 -0.00077135839065249655 -0.00077135839065249655 0.0026608641293178483 0.0021930592092362128
leaf_weight=268.71598634123802 23.757313574198633 30.749442689586431 48.655165463685989 336.62165170162916 50.719351407838985 62.950218506157398 17.368958986364305 73.447421003133059 51.983651453629136 22.834060171619058 25.897906602360308 8.6057123299688119 544.57605307176709 97.29297180660069 738.63117819838226 4.2366453630384049 24.669929498806596 77.747176544740796 18.222787967417389 356.804209029302 9.4906447501853091 20.316290182061493 28.400082304142416 13.579008573666217 17.682014520280063
leaf_count=1684 115 447 59 3026 516 305 86 190 136 70 143 56 4135 456 5890 73 84 178 73 697 50 89 265 62 67
internal_value=0.000359071 0.000553836 0.000361484 0.000555169 0.00126215 0.00770137 0.00410158 -0.00215453 -0.00561285 -0.00212119 0.00915199 0.0019132 0.000468792 0.00103234 6.55149e-05 0.0145322 0.0135185 -0.000771358 0.0145322 -0.000771358 0.0136301 -0.000771358 -0.000771358 0.00678723 0.000851804
internal_weight=2973.96 2950.2 2915.21 2866.56 2275.52 244.833 194.114 591.034 226.012 174.029 93.165 43.9943 2030.69 1761.97 1640.01 34.9861 121.963 100.581 49.1708 1095.44 18.0964 100.949 365.022 30.948 80.6322
internal_count=18952 18837 18317 18258 14393 1447 931 3865 574 438 470 249 12946 11262 10722 520 540 248 221 6587 106 461 3291 148 372
is_linear=0
shrinkage=0.03


Tree=146
num_leaves=31
num_cat=0
split_feature=6 2 2 0 5 0 8 8 8 2 5 8 8 8 8 0 3 8 5 5 2 8 0 8 0 8 0 8 5 8
split_gain=10.4796 9.71092 10.2076 18.3951 10.438 11.4368 7.53003 5.80637 8.72172 6.91463 3.78031 3.68587 2.67864 2.65254 7.61295 6.05021 5.72887 16.6051 5.04453 5.01778 6.28002 10.3318 8.32247 13.1684 8.26566 8.19029 5.54777 4.75529 3.08139 5.03619
threshold=0.0022290392584983459 70.500000000000014 4.5000000000000009 2234.0129687500007 254.63333333333335 562.04461805555559 2.4130650764618919 -0.20397731437958902 -0.087786986019263713 10.500000000000002 1.0500000000000003 -0.16139280307313006 5.6428937444573917 -0.10976661887118579 -0.098112905730255662 366.18059027777787 0.5004770164787512 -0.12798340198523966 1.0000000180025095e-35 5123.9833333333345 1.0000000180025095e-35 -0.085162603498078915 1.0000000180025095e-35 -0.05395565565866154 66.8498263888889 -0.05180712410923604 1292.1540972222226 -0.11899143375444515 4.8583333333333334 2.7044694707785459
decision_type=10 2 2 2 10 2 8 8 10 2 10 8 10 8 8 2 8 10 10 10 2 8 2 8 2 10 2 10 10 10
left_child=1 2 3 13 7 -6 -3 -4 -9 10 -10 -2 -11 16 15 -15 17 18 -1 20 22 -22 -16 26 -25 -26 -24 -18 -23 -30
right_child=11 6 4 -5 5 -7 -8 8 9 12 -12 -13 -14 14 19 -17 27 -19 -20 -21 21 28 23 24 25 -27 -28 -29 29 -31
leaf_value=0.0034068129850433563 0.0034068129850433563 -0.02206722691742723 0.0034068129850433563 -0.018345926426403938 0.0034068129850433563 -0.021356134152992194 0.0056242736082137857 0.016251453833990737 0.016251453833990737 0.0088881829378750117 0.0034068129850433563 0.022715657213571491 0.022715657213571491 0.00095626803356116939 0.0019662656688308714 -0.018345926426403938 0.0034068129850433563 -0.018345926426403938 -0.0033122449194477517 -0.013170465959284314 -0.013170465959284314 0.0034068129850433563 0.0019662656688308714 -0.0021704107632713244 -0.013170465959284314 -0.0021704107632713244 -0.011083039635462592 0.013531642446464877 -0.0060019349918570006 0.0034068129850433563
leaf_weight=105.07732841931283 11.932740956544874 24.87718138564378 44.958381589502096 43.544444501399994 65.297056750394404 17.146240279078484 10.10707454336807 28.816690086852759 13.076609722338615 28.764591875951737 58.707185414619744 20.711433377931826 7.8735745251178733 18.548719478771091 541.1277141906321 22.265846436843276 359.41825165040791 14.919729758054016 136.16154366731644 20.583735689520836 12.512746792286633 374.12400171812624 180.07957453653216 341.29037858918309 152.77301322109997 86.500849779695272 28.374163690954447 39.906065860763192 79.613954672589898 55.818321881815791
leaf_count=666 171 119 350 54 599 32 59 231 102 229 278 324 26 141 4156 64 2102 46 1073 108 29 1923 506 3250 1071 203 86 177 590 200
internal_value=0.000523683 0.000319835 0.000522983 -5.0466e-05 0.00608027 -0.00266995 -0.0143642 0.0100053 0.0131253 0.00660234 0.00340681 0.0162515 0.0162515 0.000294663 -0.000270448 -0.0123527 0.001934 -0.00163807 0.00072216 2.50551e-05 0.00020676 0.00297905 -0.000888418 -0.00284628 -0.00522248 -0.00944228 0.00196627 0.00340681 0.00340681 -0.00113732
internal_weight=2944.91 2912.26 2877.28 2612.64 264.64 82.4433 34.9843 182.197 137.239 108.422 71.7838 32.6442 36.6382 2569.1 1913.61 40.8146 655.483 256.159 241.239 1872.8 1852.21 522.069 1330.15 789.018 580.564 239.274 208.454 399.324 509.556 135.432
internal_count=18965 18470 18292 16445 1847 631 178 1216 866 635 380 495 255 16391 12327 205 4064 1785 1739 12122 12014 2742 9272 5116 4524 1274 592 2279 2713 790
is_linear=0
shrinkage=0.03


Tree=147
num_leaves=31
num_cat=0
split_feature=1 0 5 8 2 2 8 8 8 0 8 2 0 2 5 2 0 2 8 8 1 8 8 5 8 8 6 8 1 2
split_gain=11.7054 7.15822 7.21293 12.5325 9.86052 6.76547 9.36129 7.22716 7.92281 6.7067 6.37593 5.88076 6.23295 5.672 3.28049 3.91051 3.15086 9.01908 3.92079 3.29569 2.64467 3.94285 2.4441 2.35163 1.97135 1.80586 1.46971 3.04229 1.42083 2.05621
threshold=4447.0000000000009 2234.0129687500007 4.741666666666668 10.275374294413295 2.5000000000000004 4.5000000000000009 -0.11528239517639434 -0.11106829372089243 -0.11899143375444515 70.850138888888907 1.7344315685942615 1.0000000180025095e-35 320.32387731481487 28.500000000000004 1.0000000180025095e-35 1.5000000000000002 512.28103009259269 6.5000000000000009 3.5826916815289569 10.275374294413295 1.5000000000000002 -0.16552117772047353 -0.20899173069157134 1.8708333333333336 -0.44684491132873366 -0.22639738596760769 1.0000000180025095e-35 -0.48465962427587944 4.5000000000000009 1.5000000000000002
decision_type=2 2 10 10 2 2 8 8 10 2 10 2 2 2 10 2 2 2 8 10 2 10 10 8 8 10 8 10 2 2
left_child=1 2 3 5 9 7 -7 8 14 -4 13 -9 28 23 15 20 19 18 -18 -6 21 26 24 -8 -17 -22 27 -1 29 -13
right_child=-2 -3 4 -5 16 6 10 11 -10 -11 -12 12 -14 -15 -16 22 17 -19 -20 -21 25 -23 -24 -25 -26 -27 -28 -29 -30 -31
leaf_value=0.0093075576177630431 -0.022781345696002868 -0.010492656282181727 -0.0012467155655516567 0.016054141619946144 2.3223534274014632e-05 2.3223534274014632e-05 0.049113652090930472 -0.0012467155655516567 0.016403684516332718 -0.010492656282181727 0.0035758524896622452 0.0046552011499154441 2.3223534274014632e-05 2.3223534274014632e-05 2.3223534274014632e-05 0.0030817020256150296 2.3223534274014632e-05 -0.010492656282181727 -0.010492656282181727 0.016054141619946144 2.3223534274014632e-05 0.00019294432566141162 0.00016535206035814005 0.017291618097601956 0.019061751552968988 0.017150253086608166 0.0093075576177630431 2.3223534274014632e-05 2.3223534274014632e-05 0.011393403391770224
leaf_weight=35.414848886430264 15.027870155870913 49.962083533406258 78.702379682101309 44.843594235368073 273.69516486302018 25.225412077270448 4.0332299061119556 1341.7014629617333 36.175842124968767 86.028603011742234 20.237867398187518 134.0340859501157 140.99585038609803 4.7513397163711479 32.557962411083281 11.959495857357977 35.732433903962374 42.699021428823471 24.433467961847782 6.8173873778432599 21.208342200145129 155.92811388336122 13.649086335673926 16.221919251489474 24.768314585089684 10.366986842826007 91.322841951623559 69.743941146880388 13.520171680953352 64.003050330094993
leaf_count=248 74 61 746 75 2454 153 13 9422 156 485 106 1085 252 55 219 120 80 84 41 18 165 670 51 260 129 39 531 457 120 540
internal_value=7.53426e-05 0.000232214 0.000437499 0.0011714 -0.0026417 0.000842442 0.00967532 0.000537846 0.00375813 -0.00866173 0.0175623 2.32235e-05 0.00299833 0.0263996 0.00261497 0.00375615 2.32235e-05 -0.00510416 2.32235e-05 2.32235e-05 0.00264156 0.00378101 0.0112463 0.0320971 0.014851 2.32235e-05 0.00655305 0.00384706 0.00638859 0.00705985
internal_weight=2925.76 2910.73 2860.77 2312.66 548.108 2267.82 70.4698 2197.35 503.096 164.731 45.2444 1694.25 352.553 25.0065 466.92 434.362 383.377 102.865 60.1659 280.513 383.985 352.41 50.3769 20.2551 36.7278 31.5753 196.482 105.159 211.557 198.037
internal_count=18909 18835 18774 14866 3908 14791 587 14204 2785 1231 434 11419 1997 328 2629 2410 2677 205 121 2472 2110 1906 300 273 249 204 1236 705 1745 1625
is_linear=0
shrinkage=0.03


Tree=148
num_leaves=29
num_cat=0
split_feature=0 1 2 4 1 0 8 2 8 8 0 8 2 1 8 6 0 8 8 8 1 8 8 8 5 8 8 8
split_gain=13.6366 13.1808 10.2236 18.7002 18.8328 9.0162 10.8586 7.40104 12.0593 7.0495 6.10098 3.99274 3.75621 6.58271 5.30944 2.5391 2.19215 1.59931 2.26097 1.17943 1.06735 0.820061 0.658983 0.251856 0.193173 0.082498 2.45539 0.0433773
threshold=31.777581018518521 219.50000000000003 2.5000000000000004 inf 1.0000000180025095e-35 237.19309606481485 0.92867564137862479 9.5000000000000018 3.7733712206366348 -0.039088848192108873 1103.3390335648148 -0.14415550077362968 12.500000000000002 40.500000000000007 15.154108648399317 0.15412895927601813 896.2243287037038 -0.076894660562742842 -0.30148286566170152 0.92867564137862479 105.50000000000001 -0.28851761641955753 1.7344315685942615 2.6162113340461972 9395.091666666669 -0.15809372313520981 -0.17975514403864087 0.17628365289956047
decision_type=2 2 2 8 2 2 8 2 8 10 2 8 2 2 8 10 2 8 10 8 2 10 8 8 10 10 10 10
left_child=7 2 3 5 9 -2 16 15 -8 11 -10 21 14 23 24 -1 17 18 -7 -15 -9 -5 -3 27 -4 26 -23 -14
right_child=1 22 12 4 -6 6 8 20 10 -11 -12 -13 13 19 -16 -17 -18 -19 -20 -21 -22 25 -24 -25 -26 -27 -28 -29
leaf_value=0.0017907295971159999 -0.0037632537009567135 -0.024764616101740914 0.0017907295971159999 -0.0037632537009567135 0.0017907295971159999 -0.0053489758398674765 0.006990162627613203 0.016156551066155076 -0.0038150667560059 0.0017907295971159999 -0.022211773464552859 -0.0037632537009567135 -0.021105669078357769 -0.006101450053426956 -0.013157004717708885 0.015923768649382788 -0.026597309006142576 -0.0037632537009567135 -0.020636451634518105 0.0017907295971159999 0.0024014441424720025 0.0017907295971159999 -0.0086067814389646276 -0.0054746407610449009 -0.01050432762485224 0.0017907295971159999 -0.0037632537009567135 -0.0081781888031134294
leaf_weight=1138.3686596374027 120.10998179484159 18.196043473202735 324.11053846403956 14.667552232742308 156.53367268946022 16.842121845111251 37.524678856134415 32.061872159363702 34.504861921072006 49.42247162759304 30.537158258259296 660.00460043363273 9.0231095068156737 15.046058350242673 20.720475451089442 7.876708625117316 38.288052648305893 11.303866706788538 34.763753229752183 16.767053993185986 8.1452901512384397 50.986311506479979 11.086720392573627 8.7491672933101672 14.174141591414807 40.607318952679634 27.381118860095739 11.03239285154268
leaf_count=9750 1025 75 1560 62 561 72 66 500 94 94 47 3401 54 79 54 190 82 27 152 73 52 338 58 39 79 160 151 66
internal_value=-0.000694007 -0.00235768 -0.00198936 -0.0032828 -0.00123457 -0.00948956 -0.0132956 0.00179073 -0.00597585 -0.00376325 -0.0134213 -0.00376325 0.00179073 -0.0054417 0.00179073 0.00179073 -0.0200837 -0.0144529 -0.0165604 0.00179073 0.0139438 0.00179073 -0.0207946 -0.0148605 0.00179073 0.00179073 0.00025207 -0.0170455
internal_weight=2958.84 1772.38 1743.1 1323.48 999.603 323.874 203.764 1186.45 102.567 843.069 65.042 793.647 419.623 60.6178 359.005 1146.25 101.198 62.9097 51.6059 31.8131 40.2072 133.642 29.2828 28.8047 338.285 118.975 78.3674 20.0555
internal_count=18961 8469 8336 6332 4767 1565 540 10492 207 4206 141 4112 2004 311 1693 9940 333 251 224 152 552 711 133 159 1639 649 489 120
is_linear=0
shrinkage=0.03


Tree=149
num_leaves=31
num_cat=0
split_feature=1 2 1 8 8 8 8 8 8 8 7 8 8 1 1 2 8 8 8 8 8 1 8 1 8 8 1 8 8 8
split_gain=13.2837 13.5121 9.73476 7.8712 28.2741 6.49084 18.6781 7.64332 6.48914 10.0686 5.4699 5.29361 14.1761 16.4829 5.23813 4.99572 4.35324 4.01749 6.48815 10.8565 7.78221 6.39918 6.05659 5.05387 10.3509 5.64934 4.54348 4.2352 3.91564 5.94533
threshold=397.50000000000006 4.5000000000000009 23.500000000000004 4.3865985131140901 3.4579942093215115 -0.060406289022973798 -0.05180712410923604 -0.067404673961580883 -0.077894202850768146 -0.079587637321171648 1.0000000180025095e-35 1.7038852393529456 0.76010615342734078 1.5000000000000002 123.00000000000001 1.5000000000000002 1.0741638338642534 -0.33546687003424353 -0.16898259777278737 -0.11411794551316443 -0.087786986019263713 38.500000000000007 10.275374294413295 17.500000000000004 1.5153145512548658 1.582065973823646 12.500000000000002 3.5826916815289569 2.0585368391772128 0.92867564137862479
decision_type=2 2 2 10 10 10 10 10 10 10 2 10 10 2 2 2 10 8 10 10 10 2 10 2 8 10 2 10 10 10
left_child=1 2 3 4 5 7 -7 8 9 10 -1 12 -8 -14 17 -13 -15 -3 -19 -20 -21 22 23 24 -22 -25 27 -26 29 -23
right_child=-2 14 -4 -5 -6 6 11 -9 -10 -11 -12 15 13 16 -16 -17 -18 18 19 20 21 28 -24 25 26 -27 -28 -29 -30 -31
leaf_value=5.1255591650004672e-06 -0.019993912805533417 -0.00061572299954798667 -0.019210013178597166 -0.0067000533315654141 0.030609171566229523 -0.023571527822312803 -0.0039922134882312867 0.011466505014580084 -0.009451669987536165 0.021258673256699983 0.017221445733111271 -0.017975049069970477 0.042310580854302726 0.014039693386300706 -0.0080362037692822408 -0.0011954873661649773 -0.0043486129609084127 0.018626289094641292 -0.016906755060768202 0.031572535521685104 -0.0032046301613105114 0.0046730883793262628 -0.013043055072342115 0.010063749236663946 0.018086548495761447 -0.011185414469564149 0.033209723685932641 -0.0041705145932118028 0.0040907445493576534 0.035070513870063103
leaf_weight=2035.6916903033853 24.532237076200545 46.155046745203435 19.666167013347149 155.98712105304003 22.121012711897492 34.765879679471254 120.37442464195192 49.300940304994583 57.557339981198311 15.533464167267082 11.745561143616213 23.3814632948488 9.1694892253726703 15.422528628259895 17.301540169864893 38.28953293338418 22.843708177562803 45.866375477053225 12.30352607835084 7.3050309056416145 28.759597423486419 11.900137087330224 14.729524690657852 13.541337403003125 13.448024490848178 24.391679789870977 10.78503352915868 10.540497692301868 19.572292166994885 10.92127971537411
leaf_count=14450 120 481 105 407 84 101 380 103 178 26 140 76 27 117 87 223 148 389 36 16 320 77 28 168 117 138 68 60 80 67
internal_value=2.55276e-05 0.000227653 -0.000451368 -0.000273712 0.000147192 -0.000191828 -0.00458542 0.000352546 6.7788e-05 0.000355593 0.000145604 -0.00126777 0.00153141 0.0145924 0.00634462 -0.00842811 0.00382849 0.00739466 0.00902214 0.00610924 0.00826092 0.00625496 0.00235473 0.00509754 0.00999339 -0.00331127 0.0199395 0.00927433 0.0155688 0.0229084
internal_weight=2943.9 2919.37 2631.85 2612.18 2456.2 2434.08 264.247 2169.83 2120.53 2062.97 2047.44 229.481 167.81 47.4357 287.521 61.671 38.2662 270.219 224.064 178.198 165.894 158.589 116.196 101.466 63.5332 37.933 34.7736 23.9885 42.3937 22.8214
internal_count=18817 18697 16565 16460 16053 15969 1072 14897 14794 14616 14590 971 672 292 2132 299 265 2045 1564 1175 1139 1123 899 871 565 306 245 177 224 144
is_linear=0
shrinkage=0.03


Tree=150
num_leaves=31
num_cat=0
split_feature=6 1 2 5 0 2 1 5 0 1 1 8 8 8 8 8 8 8 8 8 8 8 8 1 1 8 8 8 8 8
split_gain=13.215 11.4732 5.68415 12.2913 11.1553 8.67142 8.06159 5.08402 10.942 9.52883 5.73842 8.87543 5.44393 4.69161 8.7867 4.62808 4.2572 10.971 4.33963 4.14701 3.61389 4.52257 3.63114 3.3987 7.89574 6.45025 4.33177 3.92096 3.42909 7.39411
threshold=0.0040405524537173087 343.50000000000006 4.5000000000000009 1.4083333333333334 2234.0129687500007 28.500000000000004 23.500000000000004 0.80833333333333346 1048.9506712962964 5.5000000000000009 1.0000000180025095e-35 -0.082682446638312826 -0.098112905730255662 -0.082682446638312826 -0.061840684483087792 -0.32702254282720306 0.76010615342734078 1.7038852393529456 8.4552367458671185 11.576149430677996 -0.10976661887118579 -0.11899143375444515 -0.16898259777278737 5.5000000000000009 14.500000000000002 3.0759547462939927 -0.15809372313520981 -0.14258136166983529 -0.079587637321171648 -0.077894202850768146
decision_type=10 2 2 10 2 2 2 10 2 2 2 8 10 8 8 8 8 8 8 8 10 10 10 2 2 8 8 10 8 8
left_child=1 2 4 5 6 -4 7 9 23 10 11 12 20 -12 -15 -5 -16 -18 -19 -20 21 22 -1 -9 25 -25 -24 -28 -13 -30
right_child=-2 -3 3 15 -6 -7 -8 8 -10 -11 13 28 -14 14 16 -17 17 18 19 -21 -22 -23 26 24 -26 -27 27 -29 29 -31
leaf_value=0.0071110471142227212 0.019007006473945199 -0.0171179347017404 0.019007006473945199 -0.0079595259952574878 -0.013642617468049761 0.0017518928827419892 -0.013642617468049761 -0.00020339012625124667 -0.013642617468049761 0.019007006473945199 0.00034952445869667112 -0.013629321465425755 0.011565881873328732 0.019007006473945199 -0.00020339012625124667 0.0017518928827419892 0.019007006473945199 -0.00020339012625124667 0.018626698520201688 0.0047621641191808936 -0.00020339012625124667 0.012843409725010867 -0.013268898186293085 -0.013642617468049761 0.011734335768927502 -0.00020339012625124667 0.0089389319338093881 -0.00020339012625124667 0.019007006473945199 -0.00020339012625124667
leaf_weight=88.156266782432795 30.967472928809002 27.151346908416599 46.631837218999863 39.327669916674495 44.502554804086685 6.2334988182410589 16.439538567326963 260.25633564963937 51.358624085783958 19.643030470237136 204.42191179934889 15.487142633646727 74.0028120521456 16.955471269786358 15.427478237077592 189.5578960259445 21.057854848913852 85.97188993729651 18.24761501327157 169.02933825738728 34.032886704429984 42.374553956091404 15.73968645185232 53.390178058296442 13.652393922209738 12.819241571240125 41.767265677452087 77.428838578984141 11.172708861529827 1234.8438557889313
leaf_count=480 507 134 408 401 56 67 93 1849 100 98 1246 45 215 25 42 1069 118 291 30 1186 172 184 98 433 70 77 174 348 19 8993
internal_value=0.000930583 0.000708768 0.000903511 0.00491534 0.00046657 0.0172769 0.00073444 0.000889617 -0.0022395 0.00145388 0.00123957 0.000355262 0.00453546 0.00393318 0.00613654 0.00175189 0.00467389 0.00594607 0.00399115 0.00656232 0.00263694 0.00439105 0.00253924 -0.00020339 -0.00620733 -0.0104711 -0.00020339 0.00154542 -0.00020339 -0.00020339
internal_weight=2978.05 2947.08 2919.93 281.751 2638.18 52.8653 2593.68 2577.24 391.477 2185.76 2166.12 1635.01 373.502 531.112 326.69 228.886 309.734 294.307 273.249 187.277 299.499 265.467 223.092 340.118 79.8618 66.2094 134.936 119.196 1261.5 1246.02
internal_count=19028 18521 18387 1945 16442 475 16386 16293 2529 13764 13666 10728 1671 2938 1692 1470 1667 1625 1507 1216 1456 1284 1100 2429 580 510 620 522 9057 9012
is_linear=0
shrinkage=0.03


Tree=151
num_leaves=31
num_cat=0
split_feature=7 0 8 8 6 8 8 4 8 8 4 0 8 8 0 8 0 8 8 8 0 8 0 8 0 8 3 0 8 8
split_gain=16.7134 15.654 12.3629 13.088 7.73456 1.19406 1.03411 4.53721 1.3754 1.94189 1.57033 1.34708 1.11958 6.16601 2.18745 1.99707 8.18039 3.02609 10.1707 2.5079 3.41586 0.885515 0.707288 0.663348 2.2955 1.66159 0.620223 0.0216722 0.0121097 0.00975181
threshold=1.0000000180025095e-35 1347.758697916667 -0.094211819394037541 1.0741638338642534 0.0022290392584983459 -0.039088848192108873 9.0999842226063219 0.98086258966068318 3.1851417882256152 2.0585368391772128 inf 48.733894675925931 -1.0000000180025095e-35 -0.03226654156120868 5.6969097222222231 -0.067404673961580883 896.2243287037038 -0.089272192474319043 -0.098112905730255662 -0.061840684483087792 450.13877893518526 2.6162113340461972 139.8040104166667 -0.81565914765519631 58.489739583333339 -1.2197458291074501 0.9099909990999101 99.401666666666685 -0.26719582328562419 2.3361697878337524
decision_type=2 2 8 10 10 10 10 8 10 10 8 2 10 10 2 10 2 10 10 10 2 8 2 8 2 10 8 2 8 10
left_child=1 4 -3 5 6 -4 8 -8 9 12 11 29 13 15 -14 17 19 18 23 -17 -21 -13 27 24 25 -1 -2 -10 -6 -11
right_child=26 2 3 -5 28 -7 7 -9 22 10 -12 21 14 -15 -16 16 -18 -19 -20 20 -22 -23 -24 -25 -26 -27 -28 -29 -30 -31
leaf_value=-0.00055114290673540032 0.014636894918696082 -0.00055114290673540032 -0.022833058221028015 -0.0030383890217771546 0.004340677431512732 -0.011766632548443824 -0.00055114290673540032 0.013002417990043487 0.008013089985505626 0.011399312175141748 0.013273321431476682 -0.00055114290673540032 0.0098476839003002851 0.014636894918696082 -0.00055114290673540032 0.014636894918696082 -0.00055114290673540032 -0.0030383890217771546 0.014154946140316781 0.013861861783425087 -0.00055114290673540032 0.0049099791900454179 -0.00055114290673540032 -0.00055114290673540032 -0.00055114290673540032 0.0083897459297024041 0.029242286030892212 0.0025910779513704375 0.014636894918696082 0.0049099791900454179
leaf_weight=6.1985272280871859 5.8220583884976831 47.375749539583921 63.601741915568709 74.200559958815575 5.2072524013929069 32.256561309099197 35.135152122471482 22.732695026323199 23.348734688945122 5.4163358663208765 9.814633194357155 19.181179947685454 23.903179778251797 13.471654880791901 142.08023017505184 21.902274154126644 56.266807176172733 113.71759950183332 37.402378521859646 18.483518648892641 28.639362635090947 21.916791139170524 96.935368067584932 1916.1150434962474 6.4447473846375933 51.070610378403217 12.729319213191046 7.2470481740310779 19.976224544923838 5.8946334552019835
leaf_count=63 135 81 171 96 87 60 91 46 172 39 42 96 273 26 943 49 113 339 111 63 78 83 286 14493 61 390 127 80 202 61
internal_value=-0.000979858 -0.0011805 -0.00883149 -0.0128266 -0.000551143 -0.0198771 -0.000551143 0.00345595 -0.000551143 -0.000551143 0.00458625 0.00194508 -0.000551143 -0.000551143 -0.00303839 -0.000551143 0.00326252 -0.000551143 -0.000551143 0.0106326 0.00532956 -0.000551143 -0.00303839 -0.000551143 0.00310363 0.00637288 0.0241972 0.00727317 0.0146369 0.00926481
internal_weight=2944.49 2925.94 217.435 170.059 2708.5 95.8583 2683.32 57.8678 2625.45 2497.92 62.2236 52.4089 2435.7 2269.71 165.983 2256.24 125.292 2130.95 2017.23 69.0252 47.1229 41.098 127.531 1979.83 63.7139 57.2691 18.5514 30.5958 25.1835 11.311
internal_count=18957 18695 408 327 18287 231 17998 137 17861 17323 321 279 17002 15786 1216 15760 303 15457 15118 190 141 179 538 15007 514 453 262 252 289 100
is_linear=0
shrinkage=0.03


Tree=152
num_leaves=31
num_cat=0
split_feature=7 1 8 0 8 4 8 1 8 5 5 8 4 1 0 8 0 0 1 0 8 1 0 8 8 8 0 8 1 5
split_gain=12.6025 11.0162 5.27752 24.3045 16.1265 14.5578 14.8357 5.36402 14.7877 8.25503 6.54661 6.29015 12.5093 8.69539 8.24455 7.452 10.237 7.16005 4.71077 4.62886 3.77514 2.75243 2.63407 2.60834 2.33978 2.29869 7.33923 2.428 5.84759 5.3355
threshold=1.0000000180025095e-35 394.50000000000006 -0.027799858695191502 1588.6313946759262 -0.047652940983513893 inf 4.3865985131140901 7.5000000000000009 -0.33546687003424353 1.0000000180025095e-35 2812.9083333333342 -0.073921777666113533 1.0000000180025095e-35 1.0000000180025095e-35 21.710214120370374 -0.05842411369543999 66.8498263888889 46.679612268518525 1.5000000000000002 174.30959490740744 -0.092524289806454343 1.5000000000000002 1003.6055555555557 -0.10697980764643039 -0.38042917745922117 0.76010615342734078 270.30549768518523 7.2234608325877323 6.5000000000000009 10.758333333333335
decision_type=2 2 10 2 10 8 10 2 8 10 10 8 8 2 2 10 2 2 2 2 8 2 2 10 10 10 2 8 2 8
left_child=1 2 3 4 7 25 -7 9 19 11 20 12 17 15 18 16 -13 -1 -15 -9 -10 -16 -6 -11 -14 26 -4 -27 29 -29
right_child=-2 -3 5 -5 22 6 -8 8 10 23 -12 13 24 14 21 -17 -18 -19 -20 -21 -22 -23 -24 -25 -26 27 -28 28 -30 -31
leaf_value=0.0050557455722687675 0.020940606584144952 -0.018651347692355585 0.00053813336569930471 -0.016058775795582653 -0.0040344032758561979 0.020940606584144952 0.00053813336569930471 0.0012821228042939701 0.020940606584144952 -0.0052236211680926486 -0.0064480205919487353 -0.00029795597521540943 0.014212459067776871 0.0050823689549917127 0.0032206321831549111 0.010387832500798201 -0.0052236211680926486 -0.0052236211680926486 0.017844584649862587 -0.015307226036753966 0.0030458561445570456 -0.0052236211680926486 -0.016058775795582653 -0.016055137449730975 0.0050557455722687675 0.0029702274079557401 -0.019239251892163078 0.00053813336569930471 0.00053813336569930471 -0.013848215923432569
leaf_weight=57.588817005977035 20.871322740917094 23.497449182905257 32.647083851974458 81.979590468108654 20.558351811021566 46.882989769801497 35.185362301766872 46.559597714338452 44.429956897627562 212.8789632068947 8.0232189111411554 877.79797928780317 22.328896454535425 75.261001257225871 32.292444093152881 41.394439658150077 208.08555247075856 78.606699274852872 40.500202546827495 16.959961367771029 13.096048824256284 15.284161906689404 23.732652574777603 16.171974780037999 471.9782482450828 260.33877355675213 17.183651832863688 24.609139014035463 29.165524931624532 48.095554154366255
leaf_count=464 251 121 317 160 52 171 68 487 224 1794 37 7377 137 609 190 104 1225 406 382 83 159 64 65 50 2091 1536 45 50 75 108
internal_value=9.43969e-05 -8.99507e-05 9.23116e-05 -0.000489231 9.34023e-05 0.00290002 0.0140465 0.000459999 0.00628198 9.67586e-05 0.0157657 0.00074301 0.00318639 -0.00045834 0.0059056 -0.00140246 -0.00189746 -0.00474019 0.0101013 -0.00394107 0.0191317 -0.00429301 -0.0160588 -0.00522362 0.00539598 0.000538133 -0.00560657 0.000538133 -0.00239806 -0.00838399
internal_weight=2943.99 2923.11 2899.62 2405.51 2323.53 494.108 82.0684 2279.24 129.069 2150.17 65.5492 1921.12 630.503 1290.62 163.338 1127.28 1085.88 136.196 115.761 63.5196 57.526 47.5766 44.291 229.051 494.307 412.04 49.8307 362.209 101.87 72.7047
internal_count=18902 18651 18530 16160 16000 2370 239 15883 990 14893 420 13049 3098 9951 1245 8706 8602 870 991 570 383 254 117 1844 2228 2131 362 1769 233 158
is_linear=0
shrinkage=0.03


Tree=153
num_leaves=31
num_cat=0
split_feature=8 0 8 1 1 8 0 8 0 4 3 0 3 1 5 8 8 8 3 8 1 8 3 1 1 8 1 1 4 0
split_gain=16.0038 8.64977 8.0929 15.6583 21.8567 7.9775 7.68996 14.4904 8.82972 7.85668 15.7318 5.94957 5.61499 5.59664 7.24622 5.35723 6.98856 4.25156 7.90422 4.4313 4.10576 4.44342 3.29767 1.62035 4.41331 1.17844 1.16696 0.75477 0.711125 0.448933
threshold=15.154108648399317 2234.0129687500007 3.4579942093215115 7.5000000000000009 3.5000000000000004 6.9435779072769845 28.824554398148152 -0.05395565565866154 1003.6055555555557 0.011679534924316752 0.12696813115463698 593.89294560185192 0.32396546106223528 16.500000000000004 19.012500000000003 5.6428937444573917 8.4552367458671185 1.4146579967887816 0.92321729365524996 -0.036132866321819369 14.500000000000002 1.7038852393529456 0.32396546106223528 57.500000000000007 14.500000000000002 4.7674795406178676 5.5000000000000009 2.5000000000000004 0.99999995961538468 152.53480324074076
decision_type=10 2 10 2 2 10 2 8 2 8 10 2 10 2 10 10 10 10 8 10 2 8 10 2 2 8 2 2 8 2
left_child=1 2 6 4 15 -6 20 9 17 10 29 -12 -10 -5 -15 25 -17 18 -9 22 -1 -19 -20 24 26 -4 27 -23 -11 -8
right_child=-2 -3 3 13 5 -7 7 8 12 28 11 -13 -14 14 -16 16 -18 21 19 -21 -22 23 -24 -25 -26 -27 -28 -29 -30 -31
leaf_value=0.001402775980681827 -0.018917198002204243 -0.012783596494627325 0.016802902090983982 -0.012783596494627325 0.037758594689544414 0.0097665183071915188 -0.0038444234891357575 -0.012609103736246333 -0.012783596494627325 -0.00095129340651546525 0.001402775980681827 -0.012783596494627325 -0.0034265431834433853 0.017785869867360676 -0.0086590438599064672 -0.012783596494627325 0.0060231442197836655 0.016777203977738762 -0.0053572426118023639 0.001402775980681827 0.010482206497748526 -0.0034265431834433853 0.001402775980681827 -0.0034265431834433853 0.010482206497748526 0.0034669930835417293 -0.0034265431834433853 0.001402775980681827 0.001402775980681827 -0.012783596494627325
leaf_weight=1113.6127021760913 36.813542808406055 43.51284746825695 14.976406978443263 23.356455080676824 24.227742306888103 20.077280275523663 17.624758435413241 88.131754729896784 107.9275329336524 138.53687654016539 78.633149394765496 17.256168523803353 26.895184814929962 10.454469094984235 18.680884881876409 27.039038877934217 33.570484664291143 13.24907416757196 242.74924207106233 14.217597565613685 39.944161035818979 20.819624682888389 21.366573574021459 9.2852423409931344 14.350208077579735 13.126517184078695 10.436584546230732 13.677940221503375 610.57930493261665 56.334366297349334
leaf_count=9628 61 55 69 100 81 49 192 564 236 862 518 35 46 49 83 79 75 88 1963 58 538 92 121 48 89 47 107 95 2594 217
internal_value=-0.000490245 -0.000222756 -8.26367e-06 0.00596483 0.0113254 0.0273505 -0.00043594 -0.001848 -0.00552537 0.000502654 -0.00528891 0.00140278 -0.0121319 -0.00742286 0.00204531 0.00228991 -0.00280315 -0.00342654 -0.00342654 -0.00244687 0.00140278 0.00140278 -0.00342654 0.000111775 0.00140278 0.0120384 -0.00233453 0.00140278 0.00140278 -0.0127836
internal_weight=2921.46 2884.65 2841.14 185.509 133.017 44.305 2655.63 1502.07 583.107 918.965 169.848 95.8893 134.823 52.4918 29.1354 88.7124 60.6095 448.284 366.465 278.333 1153.56 81.8187 264.116 68.5696 59.2844 28.1029 44.9341 34.4976 749.116 73.9591
internal_count=18839 18778 18723 632 400 130 18091 7925 3507 4418 962 553 282 232 132 270 154 3225 2706 2142 10166 519 2084 431 383 116 294 187 3456 409
is_linear=0
shrinkage=0.03


Tree=154
num_leaves=31
num_cat=0
split_feature=7 2 2 5 3 2 8 8 8 2 5 8 5 8 8 2 5 8 2 8 8 5 8 3 8 8 8 2 8 8
split_gain=16.8086 6.97244 8.07574 6.36729 5.76524 6.40872 4.04475 7.34912 3.80549 5.56131 3.21837 3.13451 2.54465 3.9177 8.47627 11.7999 7.86393 4.56713 2.36814 2.07123 2.81594 1.80828 1.54263 5.94961 3.53313 6.77301 4.6388 1.40391 1.3171 3.19167
threshold=1.0000000180025095e-35 1155.0000000000002 4.5000000000000009 0.80833333333333346 0.74837662337662347 2.5000000000000004 -0.32702254282720306 -0.23863893236924633 -0.47148539307352649 8.5000000000000018 1194.2666666666671 15.154108648399317 inf 5.2817675021826442 2.7044694707785459 6.5000000000000009 104.34166666666668 0.66196691283462195 26.500000000000004 10.275374294413295 19.868193860798456 19.545833333333338 -0.16363511832720443 1.0000000180025095e-35 -0.28934063992376752 -0.22354118250387747 -0.16708457842597305 22.500000000000004 -0.24247297771058599 -0.26745255284925956
decision_type=2 2 2 10 10 2 8 10 10 2 10 8 8 10 10 2 10 10 2 10 8 10 8 8 10 10 10 2 10 8
left_child=1 2 3 19 5 11 8 10 9 -4 -8 -5 13 14 15 16 -9 -17 -14 22 -13 -10 23 -1 -25 28 -27 -19 29 -26
right_child=-2 -3 6 4 -6 -7 7 12 21 -11 -12 20 18 -15 -16 17 -18 27 -20 -21 -22 -23 -24 24 25 26 -28 -29 -30 -31
leaf_value=-0.0010695982426087919 0.023808272050495446 -0.017226826559821058 -0.0082732437589392895 -0.011782609178509342 -0.00018528874202570594 -0.0015545636023185706 0.021955549534951751 0.023808272050495446 0.00085544948179321967 0.014037658982238967 -0.001767672530343687 0.010601703306604213 -0.0038974993434000684 0.014539566513022564 -0.0038974993434000684 -0.0038974993434000684 0.0014045948951234941 0.010189408917557194 -0.017133442934664081 0.0078010069599415525 -0.0063534289001696241 -0.015353405438855565 -0.00018528874202570594 -9.945910308780561e-05 0.017373104226266142 -0.00018528874202570594 0.017549052406017188 -0.00079681155716964291 0.022783109562823155 -0.00018528874202570594
leaf_weight=85.232275458052754 20.981768515775912 17.071793778333813 14.268482213374229 145.77699560113251 86.652271975763142 149.60286766849458 27.154587058117613 23.061799019575119 8.0987157346680778 16.663980562239885 5.2840200709179035 7.9786379933357239 22.081994469510413 27.790154327172786 28.347091090399772 34.944024321157485 16.512638502754271 28.133079811464995 7.5993506894446901 24.229417343623936 22.65599732007832 15.821938894689081 1901.8463435396552 69.087030955590308 15.588527612388132 63.585535004734993 9.7083998583257181 14.304407945834098 18.820677474141121 14.639494018629195
leaf_count=501 264 97 179 999 566 932 291 104 65 170 24 8 166 94 147 202 117 272 43 48 204 116 12048 490 83 379 36 102 97 95
internal_value=-0.000215621 -0.000428463 -0.000300335 -0.000829663 -0.00422582 -0.00620819 0.00440557 0.00609342 -0.00273643 0.00402696 0.0183712 -0.010003 0.00373447 0.00511585 0.00288978 0.00705467 0.0193499 -2.60982e-05 -0.0038975 -0.000185289 -0.0010696 -0.0106665 -0.000185289 0.00205474 0.00535582 0.00831937 0.00221424 0.00679261 0.0163935 0.00974622
internal_weight=2943.52 2922.54 2905.47 2615.4 412.667 326.014 290.066 235.213 54.8531 30.9325 32.4386 176.412 202.775 173.093 145.303 116.956 39.5744 77.3815 29.6813 2202.74 30.6346 23.9207 2178.51 276.662 191.43 122.343 73.2939 42.4375 49.0487 30.228
internal_count=18939 18675 18578 16486 2709 2143 2092 1562 530 349 315 1211 1247 1038 944 797 221 576 209 13777 212 181 13729 1681 1180 690 415 374 275 178
is_linear=0
shrinkage=0.03


Tree=155
num_leaves=20
num_cat=0
split_feature=6 0 2 2 0 2 2 0 4 0 0 1 0 1 1 1 0 4 0
split_gain=14.6021 9.63806 12.0028 6.48033 5.49747 5.92566 4.02552 6.09763 3.8008 7.00411 3.28927 1.91564 1.61099 1.53185 1.44265 0.46598 0.247155 0.226741 0.173549
threshold=0.0040405524537173087 164.88806712962966 28.500000000000004 8.5000000000000018 9.4828587962962985 70.500000000000014 4.5000000000000009 1292.1540972222226 0.99999995961538468 237.19309606481485 791.48482060185199 1.5000000000000002 1.0000000180025095e-35 20.500000000000004 1.5000000000000002 13.500000000000002 85.047528935185198 0.20870537027291231 657.95267939814823
decision_type=10 2 2 2 2 2 2 2 8 2 2 2 2 2 2 2 2 10 2
left_child=1 3 6 12 -5 13 7 8 9 -3 -2 18 -1 15 -10 -6 -15 -13 -11
right_child=10 2 -4 4 5 -7 -8 -9 14 11 -12 17 -14 16 -16 -17 -18 -19 -20
leaf_value=0.0016511571163576944 0.020697159018817298 -0.00097868325419235938 -0.021526998341256542 0.01757767214567808 0.0064275580318549595 -0.013738261411965462 7.7272928341173595e-06 -0.0081141704674542771 -0.00097868325419235938 -0.00097868325419235938 7.7272928341173595e-06 -0.0081141704674542771 7.7272928341173595e-06 0.013586369501245263 7.7272928341173595e-06 7.7272928341173595e-06 0.0032106407260535904 -0.0042593851979311238 -0.0035351321984983322
leaf_weight=531.82581616565585 29.481469413731247 38.345999609678984 26.077712915372103 22.710377594688907 5.3340373737737519 10.369404548779128 136.8697270359844 190.95184281468391 564.90221359580755 20.66824839822948 3.7414725720882407 80.697765022516251 1034.4273179988377 17.866673672106121 64.610126225277781 6.8243515575304627 6.4633827097713938 74.601158319041133 33.154784500598907
leaf_count=4130 515 256 102 303 55 72 420 383 1794 88 7 265 9671 188 159 105 56 234 44
internal_value=-0.000846574 -0.00109033 -0.00308995 0.000419124 0.00905971 0.00242742 -0.00260357 -0.00331875 -0.00223452 -0.00534648 0.0175777 -0.00811417 7.72729e-06 0.00812345 -0.000978683 7.72729e-06 0.0118472 -0.00811417 -0.0022044
internal_weight=2899.92 2866.7 1230.88 1635.82 69.5682 46.8578 1204.8 1067.93 876.98 247.468 33.2229 209.122 1566.25 36.4884 629.512 12.1584 24.3301 155.299 53.823
internal_count=18847 18325 3745 14580 779 476 3643 3223 2840 887 522 631 13801 404 1953 160 244 499 132
is_linear=0
shrinkage=0.03


Tree=156
num_leaves=26
num_cat=0
split_feature=7 1 8 0 1 5 8 8 8 8 1 0 0 8 8 8 8 8 8 8 8 8 8 8 8
split_gain=8.72203 7.53529 6.94868 10.1041 9.90153 10.979 7.26998 5.58782 9.33049 5.41127 8.65715 7.96316 5.07263 5.38111 3.43196 2.33592 1.77676 1.54267 1.01435 2.08705 0.8056 0.996722 0.461511 0.327613 0.0504294
threshold=1.0000000180025095e-35 365.50000000000006 3.4579942093215115 1588.6313946759262 1.5000000000000002 4.8583333333333334 7.2234608325877323 -0.039088848192108873 -0.094211819394037541 8.4552367458671185 6.5000000000000009 624.39576388888906 42.918703703703706 -0.23863893236924633 -0.16708457842597305 5.2817675021826442 1.4738358943994012 1.9578419378789478 1.0041841733655164 0.60381809924952667 1.0000000180025095e-35 -0.16708457842597305 -0.23557153253476068 5.6428937444573917 -0.039088848192108873
decision_type=2 2 10 2 2 10 10 8 10 10 2 2 2 8 8 10 8 10 10 10 10 10 10 10 8
left_child=1 2 3 12 6 -6 -4 8 -5 10 23 15 17 -14 -2 -12 -3 18 19 20 21 22 -1 -7 -16
right_child=14 16 4 7 5 9 -8 -9 -10 -11 11 -13 13 -15 24 -17 -18 -19 -20 -21 -22 -23 -24 -25 -26
leaf_value=0.0012495500482268959 0.0012495500482268959 -0.020794507384505504 0.0038121691286618561 -0.0016286987010056559 0.015363050082674058 0.015363050082674058 -0.017552270354365001 -0.0014421917743651751 -0.024481287166928649 -0.0083949730636320372 -0.0032674972434100884 -0.020759728187546702 0.0012495500482268959 -0.0014421917743651751 0.0082399457550424195 0.014683168764212905 -0.0032875187703671014 0.0099075533981781098 -0.0014421917743651751 0.00967103393110255 -0.0014421917743651751 0.0096860892669630647 -0.0014421917743651751 0.0069441746976477451 0.026878187036786169
leaf_weight=1174.9156377913896 4.2517857123166323 14.302246707025914 27.196139022707939 29.021636232733727 88.264221729710698 13.213099038228394 22.265288613736629 51.141965601593256 33.309109404683113 32.460740443319082 9.4318583216518217 11.297955878078936 192.62292829621583 1084.5444949436933 6.3763566548004746 9.0129457060247642 10.154674079734834 13.625845768488942 18.811186742503196 21.60788863664493 11.299650873988865 7.7310296194627872 6.0059973858296862 16.24862957559526 9.1018245890736598
leaf_count=10040 72 72 86 41 216 57 44 67 88 84 77 20 1259 5369 16 49 61 137 272 246 143 68 69 56 182
internal_value=-7.02957e-05 -0.000221281 -6.64409e-05 -0.000504302 0.00488471 0.00811533 -0.00653363 -0.00906736 -0.0147521 0.000702838 0.00595631 -0.00517353 -0.000103299 -0.0014313 0.0176708 0.00676476 -0.0153174 0.00124955 0.00124955 0.00124955 0.00124955 0.00124955 0.00124955 0.0153631 0.0230866
internal_weight=2918.22 2898.49 2874.03 2644.64 229.391 179.929 49.4614 113.473 62.3307 91.6652 59.2045 29.7428 2531.16 1277.17 19.73 18.4448 24.4569 1254 1240.37 1221.56 1199.95 1188.65 1180.92 29.4617 15.4782
internal_count=18891 18621 18488 17799 689 559 130 196 129 343 259 146 17603 6628 270 126 133 10975 10838 10566 10320 10177 10109 113 198
is_linear=0
shrinkage=0.03


Tree=157
num_leaves=23
num_cat=0
split_feature=7 0 1 0 8 8 8 8 2 2 0 2 8 8 8 5 8 8 8 8 8 8
split_gain=11.9491 8.72244 11.5179 13.5427 14.1395 6.37689 7.78762 5.72417 4.33208 3.85501 6.00817 3.45801 2.40582 2.42104 1.37835 1.00183 0.943022 2.61184 0.871666 0.541445 2.30464 0.5368
threshold=1.0000000180025095e-35 293.91310763888896 3.5000000000000004 1484.9627025462964 -0.099972245348957697 3.7733712206366348 -0.083880866328817763 -0.027799858695191502 11.500000000000002 9.5000000000000018 29.68961226851852 33.500000000000007 3.7733712206366348 5.6428937444573917 -0.29507168271271794 448.0750000000001 0.41317901791323425 1.9578419378789478 -0.039088848192108873 -0.99742487558355464 -1.0710377264579813 4.5866911871889195
decision_type=2 2 2 2 10 10 10 10 2 2 2 2 10 10 8 8 8 10 8 8 10 10
left_child=1 9 3 5 -5 6 14 -6 -4 12 -11 -10 19 21 -3 -15 -12 -18 -2 20 -1 -14
right_child=18 2 8 4 7 -7 -8 -9 11 10 16 -13 13 15 -16 -17 17 -19 -20 -21 -22 -23
leaf_value=0.00085018375690218602 0.016028990001949517 0.00085018375690218602 0.00085018375690218602 -0.0028544281399470696 -0.027022160588027293 -0.011362116664728951 0.00085018375690218602 -0.011362116664728951 -0.0016212269151929522 0.016028990001949517 0.00085018375690218602 -0.017680555087982351 0.0044412365855201058 0.0089726171457388225 -0.0028544281399470696 0.00085018375690218602 0.015158438260146298 0.00085018375690218602 0.029751402493134682 0.00085018375690218602 0.0087442254120982926 0.018795212943057575
leaf_weight=6.6475849803537121 12.293858414515851 22.673056595027447 221.29869967885315 28.262331917881966 48.299642015248537 66.176119457930326 255.40551146492362 33.995729476213455 26.504776511341333 33.560035365866497 22.575902840122581 19.030169961974025 7.4798068143427399 8.8271928336471301 328.50449421256781 9.8841442242264765 10.82711483538151 14.326717601157723 8.3480327526340634 1705.2035170118324 43.066595247015357 10.050589222926645
leaf_count=80 97 52 508 46 128 113 535 40 66 480 178 82 63 69 847 82 108 120 188 14733 294 60
internal_value=-0.000198814 -0.000377069 -0.00255896 -0.00450803 -0.0140115 -0.00285443 -0.00184097 -0.0204903 0.000850184 0.000850184 0.00719443 -0.0094181 0.000850184 0.00837996 -0.00285443 0.000850184 0.000850184 0.00627061 0.0201918 0.000850184 0.00494523 0.0150155
internal_weight=2943.24 2922.6 1050.15 783.317 110.558 672.759 606.583 82.2954 266.834 1872.45 81.2898 45.5349 1791.16 36.2417 351.178 18.7113 47.7297 25.1538 20.6419 1754.92 49.7142 17.5304
internal_count=18969 18684 2417 1761 214 1547 1434 168 656 16267 886 148 15381 274 899 151 406 228 285 15107 374 123
is_linear=0
shrinkage=0.03


Tree=158
num_leaves=31
num_cat=0
split_feature=7 8 0 1 0 8 8 8 8 8 1 0 8 1 8 2 0 1 8 1 1 0 8 8 2 8 8 1 1 8
split_gain=19.6966 8.83379 10.642 10.3248 11.0776 7.53066 4.08539 4.86046 3.55984 14.9394 6.77117 11.7921 21.3757 9.89242 16.6185 9.67357 6.31102 6.04788 6.00904 13.9051 6.07441 6.47299 5.64221 5.26108 4.09032 5.23177 4.77984 3.47839 3.15564 6.50529
threshold=1.0000000180025095e-35 0.66196691283462195 1588.6313946759262 1.0000000180025095e-35 66.8498263888889 -0.14258136166983529 -0.1047462974708691 -0.06560943739585319 4.0015567420314797 3.4579942093215115 3.5000000000000004 940.72428240740749 6.9435779072769845 7.5000000000000009 7.2234608325877323 10.500000000000002 284.73871527777789 13.500000000000002 2.7044694707785459 14.500000000000002 28.500000000000004 61.72733796296297 2.5031364591382999 1.1306764390794029 6.5000000000000009 1.4146579967887816 1.7955190447088649 5.5000000000000009 1.0000000180025095e-35 -0.22354118250387747
decision_type=2 8 2 2 2 10 8 8 10 10 2 2 10 2 10 2 2 2 10 2 2 2 10 8 2 8 10 2 2 10
left_child=1 2 5 4 -3 28 -4 -8 9 18 11 12 16 14 -12 17 -10 -15 20 -20 22 -22 23 -5 25 27 -27 -25 29 -1
right_child=-2 3 6 8 -6 -7 7 -9 10 -11 13 -13 -14 15 -16 -17 -18 -19 19 -21 21 -23 -24 24 -26 26 -28 -29 -30 -31
leaf_value=0.01427316104904322 0.026081273581316341 0.00065387741664434454 -0.021785656946748125 0.015711200775427207 -0.0080409119445124244 -0.0039273496434388683 0.000958156004996312 -0.013240629490993578 0.0050654660334744517 0.025987337694890009 0.026081273581316341 -0.015466605112966969 0.019077867954284254 -0.022947671537242424 -0.00065883584830251653 0.010965919175804374 -0.015466605112966969 0.001233497933992714 -0.016417435023925186 0.017165326053784673 0.010461239726137278 -0.010820794534431322 0.023865868288095376 0.0014007736026596723 0.01620856538478847 0.005955239820661532 -0.005900704163510617 -0.02141950638372148 -0.00025506021551125336 0.00048272000825872222
leaf_weight=40.121985465288162 20.912127558607608 879.65612271055579 24.110005244612694 37.586245829705149 150.01878714002669 534.75332470610738 21.077491823583841 35.392295213416219 11.386799251660706 25.610273611731827 19.495342090725899 43.491992317140102 32.97752309218049 16.192190029658381 29.412849307060242 22.918842682614923 14.992149708792565 15.736833075992761 29.813508544117212 11.618124321103094 14.455645398935301 34.511719156987965 12.185195216909049 10.413256884552544 18.594399679917842 203.44775044871494 31.745090396143496 7.5858365809544912 457.72156210429966 98.062703981995583
leaf_count=204 271 7389 33 337 1054 2054 52 79 90 93 71 66 101 50 65 91 25 62 131 53 161 135 52 82 262 1701 184 42 3402 538
internal_value=4.21751e-05 -0.000191361 -0.00213803 0.00121947 -0.000645648 -0.0013596 -0.012343 -0.00686734 0.00418277 0.00570165 0.000907237 -0.00444193 0.00421017 0.00617005 0.0153151 -0.00258283 -0.0144549 -0.0124762 0.00414404 -0.0061659 0.00536363 -0.00415099 0.0068539 0.00581493 0.00418725 0.00300762 0.00426547 -0.0107827 0.000958156 0.00484538
internal_weight=2906 2885.09 1211.24 1673.85 1029.67 1130.66 80.5798 56.4698 644.172 437.567 206.605 102.848 59.3565 103.756 48.9082 54.8479 26.3789 31.929 411.957 41.4316 370.525 48.9674 321.558 309.373 271.786 253.192 235.193 17.9991 595.906 138.185
internal_count=18930 18659 6362 12297 8443 6198 164 131 3854 3233 621 282 216 339 136 203 115 112 3140 184 2956 296 2660 2608 2271 2009 1885 124 4144 742
is_linear=0
shrinkage=0.03


Tree=159
num_leaves=31
num_cat=0
split_feature=0 7 1 8 8 5 4 8 8 8 8 1 8 8 4 0 0 8 0 1 8 1 8 0 1 8 0 5 8 1
split_gain=28.1275 10.1603 6.91607 4.63744 6.18268 6.18181 5.76183 3.79958 3.33614 3.30456 8.61287 5.55853 3.35635 20.4902 9.78601 8.33672 4.91881 7.78928 9.0365 3.75495 3.74548 4.17065 5.25553 3.43112 3.07663 2.84839 1.97953 1.63803 1.20375 1.11607
threshold=2234.0129687500007 1.0000000180025095e-35 365.50000000000006 19.868193860798456 7.7812465438342988 18.495833333333337 0.14807415816303773 7.2234608325877323 -0.039088848192108873 3.4579942093215115 3.0759547462939927 17.500000000000004 -0.05395565565866154 -0.039088848192108873 0.99999995961538468 844.38105902777795 30.303512731481486 1.7038852393529456 1003.6055555555557 1.0000000180025095e-35 2.4130650764618919 1.5000000000000002 2.0585368391772128 1758.9303414351855 1.0000000180025095e-35 -0.081313953331354438 3.3243750000000003 90.75833333333334 -1.0035088149780134 2.5000000000000004
decision_type=2 2 2 10 10 10 8 10 8 10 10 2 8 8 8 2 2 8 2 2 10 2 8 2 2 10 2 10 10 2
left_child=1 2 3 4 7 6 -6 9 -3 10 12 -11 14 15 25 -14 19 27 20 -15 21 24 -23 -16 -19 26 -1 -18 -28 -30
right_child=-2 8 -4 -5 5 -7 -8 -9 -10 11 -12 -13 13 16 23 -17 17 18 -20 -21 -22 22 -24 -25 -26 -27 28 -29 29 -31
leaf_value=0.0038178579360535251 -0.023407152969930491 0.0038232747655246812 -0.015705752583802777 -0.013700072684266356 -0.00078496916654515782 -0.0049791025621297386 0.01734677442713042 -0.015787708683095432 0.029338005638901505 0.0038232747655246812 -0.018183353868490591 -0.01033677013823737 -0.0011110739930684434 0.00064494283183998775 0.0038178579360535251 -0.023407152969930491 0.00064494283183998775 -0.00474115461105451 -0.017984032201832294 0.0038232747655246812 0.00064494283183998775 0.0054020483221394041 -0.017984032201832294 -0.0025013361277461191 0.0038232747655246812 -0.013759187096795241 -0.011763175552334398 -0.0065765226076742135 -0.0052357520842450066 -0.0025013361277461191
leaf_weight=38.411495980806649 42.818784326314926 9.6142160454764944 21.217369553633034 17.804962351918221 22.315131853334606 24.131057670339942 45.570476479828358 9.3316365126520378 8.5590444165281969 97.497644585557282 19.625695382244885 20.600517438724637 17.946458028629422 778.31287572532892 610.4955748161301 34.148428346961737 100.11586731020361 208.97405252419412 41.45041811466217 209.00637342617847 23.965990098193288 7.8883875627070665 28.542304038070142 17.512988891452551 31.603192808106542 15.473832469433544 8.0327609027735871 41.598071708809584 136.87001564260572 237.2562108412385
leaf_count=292 55 81 116 32 56 63 91 33 174 356 92 90 61 6444 2656 94 378 1913 88 2163 131 74 205 38 164 43 105 236 977 1637
internal_value=-0.000586996 -0.000208243 -0.000367596 -0.000225829 -0.000116915 0.00732603 0.0117416 -0.00038027 0.0195773 -0.0002987 -0.000524527 0.00450566 -0.000355784 -0.00125703 0.000934498 -0.018891 -0.000570866 -0.00303155 -0.00561717 0.000644943 -0.00364795 -0.005008 -0.0138687 0.00332101 -0.00341117 -0.00250134 -0.00250134 0.000644943 -0.00259384 -0.00250134
internal_weight=2926.69 2883.87 2865.7 2844.48 2826.68 92.0167 67.8856 2734.66 18.1733 2725.33 2607.23 118.098 2587.61 1523.55 1064.05 52.0949 1471.46 484.138 342.424 987.319 300.974 277.008 36.4307 628.009 240.577 436.044 420.57 141.714 382.159 374.126
internal_count=18938 18883 18628 18512 18480 210 147 18270 255 18237 17791 446 17699 11951 5748 155 11796 3189 2575 8607 2487 2356 279 2694 2077 3054 3011 614 2719 2614
is_linear=0
shrinkage=0.03


Tree=160
num_leaves=18
num_cat=0
split_feature=0 2 6 0 0 8 2 2 8 8 8 8 8 8 8 8 8
split_gain=9.06488 6.23485 6.09411 4.64507 2.78627 7.30227 8.70516 3.77467 3.86188 3.39305 5.06933 2.56224 1.09324 0.719771 0.47355 1.34275 0.22475
threshold=2234.0129687500007 1155.0000000000002 0.0040405524537173087 1143.929039351852 489.53263888888893 19.868193860798456 7.5000000000000009 1.0000000180025095e-35 -0.06560943739585319 -0.098112905730255662 -0.13738082063161711 -0.16139280307313006 -0.039088848192108873 -0.37793073521791937 -0.049338372682085012 -0.05842411369543999 -0.11899143375444515
decision_type=2 2 10 2 2 8 2 2 10 10 10 8 10 10 10 10 10
left_child=1 2 4 11 -1 6 7 8 9 10 -6 13 14 -4 15 -10 -12
right_child=-2 -3 3 -5 5 -7 -8 -9 12 -11 16 -13 -14 -15 -16 -17 -18
leaf_value=0.00043119926741771032 -0.013086950183640292 -0.013086950183640292 0.0090470362178394943 -0.00014953622533241953 -0.00014953622533241953 -0.011292914106174664 -0.012956363413400951 -0.00014953622533241953 -0.011240454985989473 -0.00014953622533241953 -0.012882754411791616 0.022020699024296785 -0.0031187018787042788 0.00043119926741771032 -0.013086950183640292 -0.0012809509157643505 -0.0068579477575179855
leaf_weight=2030.3261551500764 44.301432222127914 15.847252514678983 4.3424174059182405 4.1227209120988837 52.044765029102564 60.248774938285351 44.544286148156971 319.07513470202684 23.107710190117359 105.42503463849425 33.035195022821426 19.346127503318716 38.491000920534134 4.9825946856290084 25.506856981664896 24.071163587272167 35.548789106309414
leaf_count=16772 58 93 105 6 87 138 86 542 48 202 48 338 79 67 74 67 68
internal_value=-0.000333225 -0.000111633 1.22072e-05 0.0119782 -0.000149536 -0.00169142 -0.000791881 -0.000149536 -0.00332335 -0.00101456 -0.00521755 0.0168579 -0.00777208 0.00219942 -0.00987697 -0.00676868 -0.0104381
internal_weight=2884.37 2840.07 2824.22 32.7939 2791.42 761.099 700.85 656.306 337.231 226.054 120.629 28.6711 111.177 9.32501 72.6857 47.1789 68.584
internal_count=18878 18820 18727 516 18211 1439 1301 1215 673 405 203 510 268 172 189 115 116
is_linear=0
shrinkage=0.03


Tree=161
num_leaves=31
num_cat=0
split_feature=1 8 0 8 5 4 8 8 0 8 1 8 8 2 8 8 8 8 8 8 8 8 8 8 8 8 8 5 8 8
split_gain=11.3692 6.38952 24.2572 19.3794 12.0732 8.03908 7.27903 8.67091 5.81232 5.97271 7.02144 7.73884 3.06871 2.61673 13.1409 2.38998 1.76722 11.3775 5.74272 3.79848 3.25444 3.45166 6.10085 2.55052 1.88274 3.38209 2.30786 1.70411 3.59674 1.4239
threshold=219.50000000000003 -0.039088848192108873 1292.1540972222226 -0.14724856230795377 0.93333333333333346 1.0000000180025095e-35 4.3865985131140901 -0.027799858695191502 302.94693865740743 1.7038852393529456 13.500000000000002 9.0999842226063219 2.7044694707785459 4.5000000000000009 -0.10842981746940834 1.582065973823646 -0.085162603498078915 -0.089272192474319043 -0.092524289806454343 -0.05395565565866154 -0.12124962325534258 -0.12512633077784138 -0.12656766823670626 -0.1732540250764065 -0.077894202850768146 -0.070506521604648459 -0.075683053628122096 140.18333333333337 -0.32702254282720306 -0.061840684483087792
decision_type=2 10 2 10 10 8 10 10 2 10 2 10 8 2 8 10 10 10 10 10 10 10 10 10 10 10 10 8 10 10
left_child=1 2 13 -4 5 -3 7 -7 -6 -10 11 -11 -2 16 27 -9 17 18 20 24 21 22 23 -1 -18 26 -26 28 -15 -27
right_child=12 4 3 -5 8 6 -8 15 9 10 -12 -13 -14 14 -16 -17 19 -19 -20 -21 -22 -23 -24 -25 25 29 -28 -29 -30 -31
leaf_value=2.9714665949278911e-06 -0.021687745407001999 0.0022519975248958888 2.9714665949278911e-06 -0.021246863257148505 0.0022519975248958888 0.0055686699469488041 0.0022519975248958888 0.032388451692400073 -0.01609336735305256 0.0009737556485010882 0.0022519975248958888 -0.01794719887451772 -0.0015853561338545811 2.9714665949278911e-06 0.024001966462874495 0.01290060526996019 0.010293348120807986 -0.021246863257148505 0.015392606479426882 -0.0059448570111794025 -0.0055000283416563201 0.010853076748767933 -0.02071464445043894 0.0038810009429934822 0.0025323854830823327 0.010037910826754518 -0.010968438720725811 2.9714665949278911e-06 0.014027513236033426 0.0017110293045557558
leaf_weight=1586.5718180875992 23.001133913174272 123.08975210459903 38.148884791880846 84.767345732077956 130.24526626663283 34.767632754519582 37.426453154534101 25.925538012757897 31.014998191036284 39.058441258966923 43.736190415918827 32.825176103040576 10.147851685993372 20.565156009513885 19.623416127520613 19.877866551280022 38.522475942969322 18.693188365548849 17.610675305128098 31.025843724608421 107.34248466044664 21.894044879823923 8.2986536994576436 152.07957876101136 17.152999799698591 46.320645730942488 21.733839076012373 53.367841574829072 19.465473797637969 32.668045870959759
leaf_count=13017 116 562 68 222 1280 75 76 88 74 93 96 59 49 210 240 93 99 66 46 94 520 87 21 736 49 109 70 422 103 83
internal_value=-0.000279166 -6.15791e-05 -0.000731254 -0.0134334 0.00293654 0.00777357 0.0132077 0.0180438 -0.00133838 -0.00540492 -0.00198949 -0.00827164 -0.0165482 2.97147e-06 0.00447001 0.0260331 2.97147e-06 2.97147e-06 2.97147e-06 0.00299494 2.97147e-06 2.97147e-06 2.97147e-06 2.97147e-06 0.00489762 0.00278717 2.97147e-06 2.97147e-06 0.00591703 0.00690097
internal_weight=2886.97 2853.82 2335.85 122.916 517.967 241.087 117.997 80.571 276.88 146.635 115.62 71.8836 33.149 2212.94 113.022 45.8034 2099.91 1912.49 1893.8 187.424 1876.19 1768.84 1746.95 1738.65 156.398 117.876 38.8868 93.3985 40.0306 78.9887
internal_count=18923 18758 16262 290 2496 894 332 256 1602 322 248 152 165 15972 975 181 14997 14493 14427 504 14381 13861 13774 13753 410 311 119 735 313 192
is_linear=0
shrinkage=0.03


Tree=162
num_leaves=31
num_cat=0
split_feature=7 0 8 3 1 3 1 8 0 8 0 5 0 1 1 5 3 0 8 8 8 8 0 8 8 0 8 8 0 8
split_gain=11.0513 9.37169 7.97357 9.58489 8.56521 5.1144 4.39898 3.75654 13.5869 6.53714 7.51306 3.85067 4.29116 4.06783 3.14394 9.07972 10.8513 3.02305 2.82515 9.07988 6.53218 2.90017 2.47498 1.83693 2.65655 1.56502 1.54502 5.82885 3.85049 0.830347
threshold=1.0000000180025095e-35 30.303512731481486 19.868193860798456 0.97467948717948727 267.50000000000006 0.99909747292418782 7.5000000000000009 -0.039088848192108873 1758.9303414351855 -0.12656766823670626 1292.1540972222226 1299.8958333333337 174.30959490740744 5.5000000000000009 17.500000000000004 93.76666666666668 0.35053865652724975 366.18059027777787 -0.0634949437658444 -0.12238069868960837 -0.05842411369543999 -0.049338372682085012 940.72428240740749 7.2234608325877323 9.0999842226063219 69.40056134259261 -0.079587637321171648 -0.089272192474319043 533.66143518518527 -0.099972245348957697
decision_type=2 2 8 8 2 10 2 10 2 10 2 10 2 2 2 8 10 2 10 10 10 10 2 10 10 2 10 10 2 10
left_child=1 -1 4 25 7 22 -2 8 9 11 18 -3 -13 -14 23 -16 -17 -18 19 -11 -20 -22 -5 -9 -25 -4 27 29 -29 -21
right_child=6 2 3 5 -6 -7 -8 14 -10 10 -12 12 13 -15 15 16 17 -19 20 26 21 -23 -24 24 -26 -27 -28 28 -30 -31
leaf_value=0.00090324252414522186 0.023993619326086797 0.00090324252414522186 -0.0061629778547107692 -0.0052786575053018247 -0.01799366666073117 0.00090324252414522186 0.00090324252414522186 0.00090324252414522186 -0.017450286327978435 -0.015358080294213514 -0.015358080294213514 0.00090324252414522186 0.00090324252414522186 -0.017450286327978435 0.00090324252414522186 -0.028546818510584205 0.00090324252414522186 -0.012745467130976114 -0.015358080294213514 -0.0018675315747832637 0.00090324252414522186 -0.0095452656130561083 -0.014885895715365843 -0.011418094135875568 -0.00054156872653038758 -0.024954796769493089 0.00090324252414522186 -0.00053119152551770854 -0.015358080294213514 0.00090324252414522186
leaf_weight=1158.0291183816735 17.43665792013055 472.97714800341055 9.3659604750573617 209.08668745309114 23.298431759700179 26.216360166668892 4.280614939867518 272.24695853050798 45.95069183409214 14.150628555566071 44.563949052244425 21.640098202042282 9.4090003930032271 12.620395865291355 48.372071275487542 18.941437205299735 13.681310132145883 9.7133975252509099 23.572073820978403 94.861637922003865 32.438442455604672 21.126936074346304 25.172132138162851 26.050540870055556 59.428522849455476 23.901153847575188 77.253268836066127 21.15448697283864 24.280295079573989 42.32836938649416
leaf_count=10086 176 2710 69 1931 117 126 90 1077 87 71 141 191 53 64 210 60 129 21 65 463 76 61 59 78 129 90 211 98 46 137
internal_value=-0.00100579 -0.00118186 -0.00258116 -0.00704299 -0.00164333 -0.00487533 0.0182066 -0.00130977 -0.00236647 -0.00151583 -0.00439193 0.000708138 -0.00756427 -0.0155933 0.000903243 -0.00453892 -0.014348 0.000150446 -0.00280423 -0.0013149 -0.00769293 -0.00111298 -0.00660051 0.000903243 -0.00430409 -0.0211607 0.000231996 -0.00193735 -0.0106775 0.000903243
internal_weight=2903.55 2881.83 1723.8 293.742 1430.06 260.475 21.7173 1406.76 958.327 912.377 395.73 516.647 43.6695 22.0294 448.434 90.7082 42.3361 23.3947 351.166 274.029 77.1375 53.5654 234.259 357.726 85.4791 33.2671 259.878 182.625 45.4348 137.19
internal_count=18922 18656 8570 2275 6295 2116 266 6178 4474 4387 1369 3018 308 117 1704 420 210 150 1228 1026 202 137 1990 1284 207 159 955 744 144 600
is_linear=0
shrinkage=0.03


Tree=163
num_leaves=31
num_cat=0
split_feature=7 1 6 1 0 2 0 5 0 1 1 2 1 4 1 1 2 5 0 1 0 4 0 2 0 5 0 1 0 4
split_gain=10.907 8.32767 5.00943 3.85032 10.6219 4.13297 9.72598 5.35071 16.1762 5.05192 4.16255 4.08609 3.20764 14.3703 4.69579 3.403 2.54948 3.08617 1.68411 3.59957 4.39664 3.35022 3.93682 3.03554 3.85016 3.52695 4.23292 2.72385 5.12893 1.51763
threshold=1.0000000180025095e-35 394.50000000000006 0.0070672260513435234 41.500000000000007 242.05051504629634 4.5000000000000009 2234.0129687500007 68.850000000000009 562.04461805555559 23.500000000000004 14.500000000000002 12.500000000000002 5.5000000000000009 0.99999995961538468 6.5000000000000009 7.5000000000000009 7.5000000000000009 522.61250000000007 1.0000000180025095e-35 1.0000000180025095e-35 1292.1540972222226 inf 3.8507581018518522 2.5000000000000004 489.53263888888893 5.8458333333333341 67.892644675925951 1.5000000000000002 1003.6055555555557 0.011679534924316752
decision_type=2 2 10 2 2 2 2 8 2 2 2 2 2 8 2 2 2 10 2 2 2 8 2 2 2 8 2 2 2 10
left_child=1 2 3 5 11 6 9 -7 16 10 12 -5 18 14 -14 -16 17 -9 -1 20 -20 22 -21 25 -25 -24 -27 28 -28 -13
right_child=-2 -3 -4 4 -6 7 -8 8 -10 -11 -12 29 13 -15 15 -17 -18 -19 19 21 -22 -23 23 24 -26 26 27 -29 -30 -31
leaf_value=0.0025022473447282785 0.020426834022767421 -0.015708695566291963 0.013662367148621287 -0.010269082231216455 -0.019200696815442973 0.010430226635119371 -0.014447501665049047 0.0095970324553363764 -0.012915941024882799 -0.014447501665049047 0.013376452683261056 -6.7980133178829614e-05 -0.014447501665049047 0.013662367148621287 0.0067805980828280306 -0.0082672986995836022 0.010430226635119371 -0.0045551163280303968 2.8365832610288129e-05 0.0025022473447282785 -0.0069738531230668348 0.0025022473447282785 0.0025022473447282785 0.0025022473447282785 -0.0071936598040696562 0.0011352245549585782 0.0011352245549585782 -0.0093095807756433304 -0.011439361903593648 0.013662367148621287
leaf_weight=540.79874453693628 20.650665650144219 22.344755686353892 22.559417839162052 7.7557989358901969 25.919751355424523 87.015022373059765 32.989749357104301 21.523019710555673 44.736345864832401 9.9036836195737106 19.054363248869777 9.0797177855856734 24.14322604984045 10.92404619604349 16.035022035241127 34.703941859304905 45.69693602877669 24.617856248281896 958.95212634280324 161.98970513604581 83.115393463522196 175.73998903483152 35.842914031818509 92.932138601318002 32.221354803070426 100.03757010307163 60.141902754083276 114.35786096379161 31.2915268689394 16.224372579017654
leaf_count=4081 261 121 285 61 73 526 49 250 66 59 86 87 188 47 93 255 534 234 6285 1342 220 744 181 657 65 931 292 539 51 126
internal_value=0.00094846 0.000772575 0.000929611 0.00080365 -0.00647693 0.000970737 0.000621064 0.00483522 0.00102801 0.00084815 0.000951309 0.00471071 0.000828787 -0.00471052 -0.00994511 -0.00333006 0.00813662 0.00233921 0.0010373 0.000602685 -0.000560767 0.00210375 0.000264068 -0.00127996 0.00250225 -0.00273611 -0.00389444 -0.00630835 -0.00226657 0.0102389
internal_weight=2883.3 2862.65 2840.3 2817.74 58.9796 2758.76 2535.18 223.589 136.574 2502.19 2492.28 33.0599 2473.23 85.8062 74.8822 50.739 91.8378 46.1409 2387.42 1846.62 1042.07 804.555 628.815 466.825 125.153 341.672 305.829 205.791 91.4334 25.3041
internal_count=18789 18528 18407 18122 347 17775 16165 1610 1084 16116 16057 274 15971 583 536 348 1018 484 15388 11307 6505 4802 4058 2716 722 1994 1813 882 343 213
is_linear=0
shrinkage=0.03


Tree=164
num_leaves=31
num_cat=0
split_feature=1 8 8 5 4 7 8 8 8 8 2 1 8 5 8 8 8 8 8 8 8 8 8 8 8 8 8 8 8 8
split_gain=14.1546 9.25518 7.71144 6.72484 6.57781 6.41587 4.99303 4.81366 6.15924 4.12937 4.10045 6.64346 5.83015 9.44068 3.85239 3.40008 3.1268 6.71285 2.88825 7.87207 3.46845 3.18526 2.94512 2.44211 9.60955 4.25623 3.04767 2.32865 2.13952 1.73455
threshold=365.50000000000006 -0.03226654156120868 -0.036132866321819369 1.2083333333333335 1.0000000180025095e-35 1.0000000180025095e-35 4.3865985131140901 -0.061840684483087792 -0.06560943739585319 -0.15605973863827866 6.5000000000000009 5.5000000000000009 6.5472912342668161 11.491666666666669 0.41317901791323425 -0.055695427628336465 4.0015567420314797 1.4738358943994012 -0.10306521699421792 -0.14129821556612357 -0.14534024114653069 -0.15038189688501749 -0.11280427960190416 -0.12238069868960837 -0.12512633077784138 -0.12798340198523966 -0.13606990972723812 1.1306764390794029 -0.042572471411883264 7.2234608325877323
decision_type=2 10 10 10 8 2 10 10 10 8 2 2 10 10 10 10 10 10 10 10 10 10 10 10 10 8 10 10 10 8
left_child=1 2 5 4 29 7 14 8 18 -7 11 12 -5 -14 -6 -9 17 27 19 20 21 -1 23 24 25 26 -21 -13 -17 -3
right_child=-2 3 -4 10 6 9 -8 15 -10 -11 -12 16 13 -15 -16 28 -18 -19 -20 22 -22 -23 -24 -25 -26 -27 -28 -29 -30 -31
leaf_value=-0.00022637489076632504 -0.020666056251540322 0.0069858248293021043 -0.021699738601633552 0.0028278136758876637 0.0081938707434895831 -0.00022637489076632504 0.0042967674331742863 -0.014697877877871159 0.012809287109102877 0.024831859776516897 0.0028278136758876637 -0.0047142333383362756 0.0028278136758876637 -0.020319034394758458 0.024353341581569685 0.0010037627418886599 -0.01622851108623331 0.0028278136758876637 0.0030006917432999014 -0.012397677648263612 0.011037344134647928 -0.011545225221653471 0.00051115491704448667 -0.013977798282750031 0.013904947140410885 -0.021606953947516057 0.00075942289689911785 -0.022931813780113046 -0.0098511296339714536 0.0028278136758876637
leaf_weight=1789.7412680489942 23.799091230146587 87.606386241735891 10.084327682852743 58.503049777820706 30.826017146930099 3.9733695946633816 42.260257810354233 28.016064338386059 28.106297802180052 10.089862666907718 100.56214126152918 17.780965424142781 20.469542730599642 20.801277957856655 35.684543067589402 46.906782245263457 25.819690503180027 25.075824518688023 219.59389051236212 23.094679383561015 20.398860864341259 17.46761966869235 40.041899030096829 46.991359859704971 14.725320205092428 15.610480019822715 35.109082693234086 9.0354897473007423 19.446987438946962 31.25386166293174
leaf_count=14265 131 476 25 362 58 71 86 79 57 112 715 162 41 59 154 150 93 149 645 97 84 87 206 227 57 55 145 46 53 71
internal_value=0.000262275 0.000471091 -0.000317789 0.00413437 0.00789954 -0.0001807 0.0130739 -0.000320918 -3.55711e-05 0.0171538 0.000966821 -0.00225292 0.00282781 -0.00786165 0.0179604 -0.00678269 -0.00856185 -0.0036562 -0.000226375 -0.000586725 -0.000226375 -0.000226375 -0.00660454 -0.00865022 -0.00522666 -0.00968326 -0.00502896 -0.0134916 -0.00264497 0.00282781
internal_weight=2898.88 2875.08 2369.4 505.679 227.631 2359.31 108.771 2345.25 2250.88 14.0632 278.048 177.486 99.7739 41.2708 66.5106 94.3698 77.712 51.8923 2222.77 2003.18 1827.61 1807.21 175.573 135.531 88.5396 73.8142 58.2038 26.8165 66.3538 118.86
internal_count=19018 18887 16415 2472 845 16390 298 16207 15925 183 1627 912 462 100 212 282 450 357 15868 15223 14436 14352 787 581 354 297 242 208 203 547
is_linear=0
shrinkage=0.03


Tree=165
num_leaves=31
num_cat=0
split_feature=1 0 7 0 8 4 8 0 8 1 0 8 8 0 8 8 8 0 2 8 4 0 8 0 2 8 8 8 8 8
split_gain=9.23455 8.7616 6.46771 4.48145 6.26023 5.70533 4.03456 3.78643 3.73744 4.1523 7.60477 2.99003 2.75197 4.44139 2.44544 1.92188 1.89918 6.94385 5.35972 5.34096 3.03615 7.82917 1.87129 1.85698 2.41824 1.76049 8.27601 6.08792 1.5689 2.77188
threshold=516.00000000000011 2234.0129687500007 1.0000000180025095e-35 1.0000000180025095e-35 -0.098112905730255662 0.41738952943512497 0.17628365289956047 1347.758697916667 11.576149430677996 9.5000000000000018 61.72733796296297 -0.071950535148838521 -0.10976661887118579 302.94693865740743 -0.039088848192108873 0.99015368604283005 -0.31618295127277313 36.456001157407414 6.5000000000000009 -0.43133109281375359 0.026071230250987194 489.53263888888893 -0.22639738596760769 59.651759259259265 2.5000000000000004 3.4579942093215115 2.7044694707785459 7.2234608325877323 -0.40814210300142445 -0.36912183149666417
decision_type=2 2 2 2 10 8 10 2 10 2 2 10 10 2 8 10 10 2 2 8 8 2 10 2 2 10 8 8 8 8
left_child=1 2 3 -1 7 6 11 12 9 25 -11 -6 16 -14 -4 -12 17 -5 20 -19 21 22 23 -18 -25 26 -8 -27 -21 -30
right_child=-2 -3 14 4 5 -7 8 -9 -10 10 15 -13 13 -15 -16 -17 18 19 -20 28 -22 -23 -24 24 -26 27 -28 -29 29 -31
leaf_value=0.0030392786410921905 -0.018374573251694705 -0.01227670387349717 0.0041987527486316229 0.00061208701516240636 0.0021970015504651466 0.0030392786410921905 0.0034753209321287735 -0.0096921639575032886 -0.010918401081247465 0.0030392786410921905 0.00038966845843509926 -0.01227670387349717 0.0030392786410921905 -0.0096921639575032886 0.026712461241340486 -0.01227670387349717 0.0028250044777906151 0.00061208701516240636 -0.0096921639575032886 -0.0096921639575032886 0.0028250044777906151 -0.0096921639575032886 0.0028250044777906151 -0.0096921639575032886 0.0028250044777906151 0.016721097255352094 -0.01227670387349717 -0.0022050779309249484 0.00061208701516240636 -0.0064977857075487165
leaf_weight=546.26874850690365 18.454186140559614 42.341441467404366 10.600606197491286 581.360131241614 11.604180704802276 543.93031495297328 75.295204063877463 40.184634655714035 21.284654307179153 22.729099584976211 10.722473519854246 17.050294094718993 17.974526282399893 22.517126776278019 6.551585657172839 39.732363549526781 11.615432027727367 67.553672013804317 21.653454275801778 7.4113868102431297 370.17467304784805 16.769053772091866 28.156192069873214 11.362583862617614 7.0189511496573678 41.655221482738853 15.41924680303782 21.181762168183923 17.442115899175406 259.62685095705092
leaf_count=4094 105 57 88 5496 29 1822 481 85 48 329 61 94 141 72 171 178 94 500 105 73 1930 39 220 87 45 172 63 55 116 2095
internal_value=0.000375817 0.000526183 0.000736465 0.000609763 2.77518e-05 0.00212216 -0.00152787 -0.00113611 -0.000201191 0.00101875 -0.00473824 -0.0112751 -0.000864755 -0.00812927 0.0168866 -0.0114361 -0.000626488 -0.00140533 0.000929398 -0.00469886 0.00170984 -0.00363198 0.002825 -0.00420968 -0.0093099 0.00303928 -0.00121046 0.00303928 -0.0065573 -0.00559867
internal_weight=2925.64 2907.19 2864.85 2847.69 2301.43 820.605 276.675 1480.82 248.02 226.735 73.1839 28.6545 1440.64 40.4917 17.1522 50.4548 1400.14 933.394 466.75 352.034 445.097 74.9222 58.1532 29.997 18.3815 153.551 90.7145 62.837 284.48 277.069
internal_count=18945 18840 18783 18524 14430 3332 1510 11098 1387 1339 568 123 11013 213 259 239 10800 8280 2520 2784 2415 485 446 226 132 771 544 227 2284 2211
is_linear=0
shrinkage=0.03


Tree=166
num_leaves=31
num_cat=0
split_feature=7 8 4 8 8 8 1 1 8 8 8 8 8 2 8 8 8 8 8 1 8 8 8 8 2 8 8 2 8 8
split_gain=11.8271 7.53856 6.54737 8.64672 3.63686 3.24795 3.19661 4.25617 3.84041 5.24975 9.13762 3.33225 2.90883 2.84291 2.84201 2.43189 2.30296 2.39625 2.70606 2.80906 9.98905 7.67992 9.58744 7.52594 3.50209 2.06884 7.67554 2.03337 1.86286 1.70666
threshold=1.0000000180025095e-35 0.54819609838373762 inf 5.0251581615581147 -0.15418879655818046 0.88207708156037834 9.5000000000000018 10.500000000000002 -0.027799858695191502 -0.05395565565866154 -0.067404673961580883 -0.16898259777278737 -0.077894202850768146 1.5000000000000002 -0.079587637321171648 0.17628365289956047 19.868193860798456 1.2247732239362579 1.7955190447088649 7.5000000000000009 3.5826916815289569 3.4579942093215115 7.2234608325877323 2.3361697878337524 10.500000000000002 -0.094211819394037541 -0.098112905730255662 5.5000000000000009 4.1721371262788347 -0.083880866328817763
decision_type=2 10 8 10 8 10 2 2 10 10 10 10 10 2 10 10 10 10 10 2 10 10 8 10 2 10 10 2 8 10
left_child=1 6 5 13 -2 -3 8 -8 9 10 12 -9 14 -4 25 -13 17 27 -19 21 -21 23 28 -20 -22 26 -1 -7 -23 -27
right_child=4 2 3 -5 -6 16 7 11 -10 -11 -12 15 -14 -15 -16 -17 -18 18 19 20 24 22 -24 -25 -26 29 -28 -29 -30 -31
leaf_value=-0.00046205445098149601 -0.00046205445098149601 0.012027486408067372 0.025982478418559208 0.0021507057001059018 0.025982478418559208 -0.0094244078922519018 -0.018741344375404975 -0.00046205445098149601 0.010247346431370119 -0.0077994512445427721 0.010281835842133798 -0.014651366776395475 -0.0069810487804568703 0.012027486408067372 0.01107089137501352 4.0144849702492321e-05 -0.0080906949421508771 0.0096242581280346004 0.0049240241074676892 0.0072835903664949953 -0.016700279270440148 0.033211390521872705 0.0017718407309605946 -0.017585885515389997 0.00010688181235918942 -0.0080755087551027324 0.017405525261941945 0.0021507057001059018 0.0021507057001059018 0.00054512473081293612
leaf_weight=1935.9855729802512 5.0780838187783957 22.879013007041067 15.168326802551748 36.33159345947206 16.060814838157981 25.211130859330297 12.858366680331526 83.460593779571354 26.700072798877954 83.529448384419084 69.865093965083361 24.439654456451535 56.886336989700794 15.750957379117606 15.376207843422888 15.42676023673266 17.000757612287998 40.732572761364281 18.21454890165478 41.380366017576307 32.976712576113641 13.831307573243974 64.423885997384787 31.649873332120478 15.710436608176677 53.923847250640392 17.523358047008514 11.894063764251767 43.119050300680101 30.911095514893532
leaf_count=14466 79 192 62 66 186 179 85 699 114 225 169 118 179 79 27 126 28 305 91 269 118 56 150 141 97 167 51 169 170 76
internal_value=0.000382222 0.000199115 0.0037599 0.0120528 0.020471 0.00215071 -0.000462054 -0.00497699 -0.000462054 -0.000462054 -0.000462054 -0.00286759 -0.000462054 0.020471 -0.000462054 -0.0095954 0.00135848 0.00194282 0.00215071 0.00165934 -0.00309456 0.00215071 0.00215071 -0.00966403 -0.0117721 -0.000462054 -0.000462054 -0.00506888 0.0184549 -0.00507891
internal_weight=2894.3 2873.16 446.275 67.2509 21.1389 379.024 2426.89 136.185 2290.7 2264 2180.47 123.327 2110.61 30.9193 2053.72 39.8664 356.145 339.144 302.039 261.306 90.0675 171.239 121.374 49.8644 48.6871 2038.34 1953.51 37.1052 56.9504 84.8349
internal_count=18939 18674 2172 207 265 1965 16502 1028 15474 15360 15135 943 14966 141 14787 244 1773 1745 1397 1092 484 608 376 232 215 14760 14517 348 226 243
is_linear=0
shrinkage=0.03


Tree=167
num_leaves=19
num_cat=0
split_feature=7 2 8 8 0 8 5 8 5 2 8 0 8 8 8 8 8 2
split_gain=6.73979 5.55791 3.20099 2.85733 10.9121 5.03619 5.09651 4.74689 4.22995 4.03669 4.55981 4.90211 3.37848 3.26845 4.87297 3.18005 2.88513 1.72496
threshold=1.0000000180025095e-35 1155.0000000000002 -0.039088848192108873 -0.03226654156120868 1484.9627025462964 -0.042572471411883264 1.0000000180025095e-35 -0.094211819394037541 4197.3666666666677 1.0000000180025095e-35 -0.082682446638312826 66.8498263888889 -0.073921777666113533 -0.083880866328817763 -0.061840684483087792 1.5153145512548658 -0.092524289806454343 3.5000000000000004
decision_type=2 2 8 10 2 10 10 8 10 2 8 2 10 10 8 10 10 2
left_child=1 3 -2 4 5 6 9 -6 -5 10 -1 -12 -9 -13 -15 -10 -8 -4
right_child=2 -3 17 8 7 -7 16 12 15 -11 11 13 -14 14 -16 -17 -18 -19
leaf_value=0.00095758439061112031 0.00095758439061112031 -0.016663677957358215 0.030658357478243359 0.00095758439061112031 -0.0034551407991141436 -0.011374022523779812 -0.0027084098289780296 -0.024845737828693801 0.00095758439061112031 0.00095758439061112031 -0.00041071346828786324 -0.0087267916788940168 -0.011374022523779812 -0.0077062941013444101 -0.00041071346828786324 -0.016242884041587517 -0.011374022523779812 0.0012228938557734476
leaf_weight=337.87112693302333 8.1146434638649207 13.509959044400601 5.9806565467733908 477.19284020247869 29.719200596213341 22.094293627887964 320.7983825954143 24.181407138705254 7.6589610781520632 393.64623895450495 873.79882885143161 138.59099540486932 22.964873699471354 86.849245224148035 58.396885303780437 18.992664683610201 12.6183940526098 2.6550920834997669
leaf_count=1607 77 93 92 2260 50 55 2630 61 74 2758 7349 1032 76 247 171 98 43 87
internal_value=-0.00015109 -0.000278064 0.0164856 -0.000170415 -0.00061551 -0.000222639 -6.42082e-05 -0.011374 0.00186632 0.000541799 -0.000667987 -0.00167758 -0.0169281 -0.00345514 -0.00223897 -0.0106052 -0.00345514 0.0253752
internal_weight=2855.63 2838.88 16.7504 2825.37 2321.53 2244.66 2222.57 76.8655 503.844 1889.15 1495.51 1157.64 47.1463 283.837 145.246 26.6516 333.417 8.63575
internal_count=18860 18604 256 18511 16079 15892 15837 187 2432 13164 10406 8799 137 1450 418 172 2673 179
is_linear=0
shrinkage=0.03


Tree=168
num_leaves=25
num_cat=0
split_feature=0 7 1 1 0 5 2 1 1 1 2 2 1 1 0 0 1 2 0 1 2 1 0 1
split_gain=20.732 8.07516 5.84063 5.03802 1.30504 0.988563 3.53547 11.0433 1.21143 4.4371 1.23169 1.34434 1.09682 2.95778 0.769341 0.676355 0.475629 0.840257 0.587274 0.100907 0.0998478 0.539149 0.0635648 0.0369063
threshold=2234.0129687500007 1.0000000180025095e-35 365.50000000000006 9.5000000000000018 400.60436921296304 2.4083333333333337 5.5000000000000009 9.5000000000000018 6.5000000000000009 5.5000000000000009 2.5000000000000004 4.5000000000000009 15.500000000000002 12.500000000000002 1048.9506712962964 152.53480324074076 3.5000000000000004 2.5000000000000004 105.25026041666668 2.5000000000000004 3.5000000000000004 4.5000000000000009 11.90545138888889 7.5000000000000009
decision_type=2 2 2 2 2 10 2 2 2 2 2 2 2 2 2 2 2 2 2 2 2 2 2 2
left_child=1 2 5 -3 -4 23 7 8 9 14 -11 -12 13 -9 16 -14 19 18 -18 -7 21 -19 -22 -1
right_child=-2 3 4 -5 -6 6 -8 12 -10 10 11 -13 15 -15 -16 -17 17 20 -20 -21 22 -23 -24 -25
leaf_value=0.00030979750203562743 -0.021224456172375991 0.024658741953080193 -0.0045135464382258838 -3.8733150035402569e-05 -0.020436983627989052 -0.0014587012609063026 -3.8733150035402569e-05 -0.016168202719600192 -3.8733150035402569e-05 -0.00022951378998419198 -0.019027857807797494 -0.0016427998379474746 -0.0065333990176780791 -3.8733150035402569e-05 -0.0050069236558289215 -0.021224456172375991 -3.8733150035402569e-05 -3.8733150035402569e-05 -0.0050069236558289215 -3.8733150035402569e-05 -3.8733150035402569e-05 -0.0050069236558289215 -0.0021097723672123488 -3.8733150035402569e-05
leaf_weight=2172.3333717645146 37.146439477801323 14.266106300288813 12.151095398701729 3.8403196368599302 9.752195409499107 94.69631389528513 181.77905808808282 14.551018712110819 40.111594838090241 6.0854204390198019 15.925103854388 6.2033997597172847 8.4955197973176855 13.668123714625834 31.922943212091923 17.239378897473216 12.251739244908096 23.69988454785198 8.8616715632379037 55.694791611284018 8.8836352927610296 13.372490121051667 21.309112008661032 54.264526693848893
leaf_count=13981 54 186 63 80 63 738 1306 111 277 46 133 50 86 71 70 71 103 158 50 434 76 70 187 438
internal_value=-0.000338011 -2.81492e-05 -0.000172404 0.0176349 -0.0140839 -3.87332e-05 -0.00127754 -0.00323732 -0.00113593 -0.00226366 -0.0126185 -0.0153552 -0.0152252 -0.00858165 -0.000975119 -0.0199288 -0.000344434 -0.00223606 -0.00500692 -3.87332e-05 -0.000303727 -0.00154097 -3.87332e-05 -3.87332e-05
internal_weight=2878.51 2841.36 2823.25 18.1064 21.9033 2801.35 574.751 392.972 339.018 298.907 28.2139 22.1285 53.954 28.2191 270.693 25.7349 238.77 88.3785 21.1134 150.391 67.2651 37.0724 30.1927 2226.6
internal_count=18902 18848 18582 266 126 18456 4037 2731 2392 2115 229 183 339 182 1886 157 1816 644 153 1172 491 228 263 14419
is_linear=0
shrinkage=0.03


Tree=169
num_leaves=31
num_cat=0
split_feature=1 2 8 7 5 1 1 1 2 1 1 8 8 8 1 8 8 8 1 1 8 8 1 5 5 2 8 8 2 2
split_gain=9.38695 10.7699 10.2651 9.44541 7.81546 6.4781 6.1465 11.0185 5.96672 5.6161 4.93848 4.91316 11.4501 8.06896 13.1696 11.0761 10.0167 7.28436 6.16725 6.14248 5.14807 5.06375 3.72396 3.9941 3.57836 8.67352 11.7905 5.30131 3.53893 5.89916
threshold=4447.0000000000009 4.5000000000000009 13.113039290425727 1.0000000180025095e-35 2.0041666666666669 23.500000000000004 17.500000000000004 15.500000000000002 7.5000000000000009 14.500000000000002 9.5000000000000018 -0.03226654156120868 -0.05395565565866154 4.3865985131140901 3.5000000000000004 3.4579942093215115 1.6367615931413522 -0.05842411369543999 3.5000000000000004 1.5000000000000002 8.4552367458671185 2.7044694707785459 20.500000000000004 13.945833333333335 1.0000000180025095e-35 1.5000000000000002 -0.16363511832720443 -0.12903975949564242 6.5000000000000009 28.500000000000004
decision_type=2 2 8 2 8 2 2 2 2 2 2 10 10 10 2 10 10 10 2 2 10 10 2 8 10 2 10 8 2 2
left_child=1 3 4 5 -3 9 7 -6 -8 10 11 12 17 15 -15 16 19 24 21 -13 -16 -18 -10 -24 25 -1 -27 -26 -4 -30
right_child=-2 2 28 -5 6 -7 8 -9 22 -11 -12 13 -14 14 20 -17 18 -19 -20 -21 -22 -23 23 -25 27 26 -28 -29 29 -31
leaf_value=5.8803240085198222e-05 -0.022028517015328028 0.026687089460049111 0.0016843926034928636 0.020026840312298191 0.0040695785103274148 -0.015696738555604082 -0.01467736544305063 0.026687089460049111 -0.011249775870231953 0.015009739904653341 -0.012495613071553441 0.018871975324700009 -0.012110836836021911 -0.0071953284975855656 0.020026840312298191 0.020026840312298191 0.010180617627644915 0.015987603695314517 -0.016419174784095852 0.0034262633162582602 0.00068615462638024457 -0.011216677838028972 0.016213038359015743 0.00069998332003027382 -0.00071557341389033189 0.014027174819077184 -0.0033604798076927833 -0.011001749535396763 0.03548584020295107 0.0022893731575473904
leaf_weight=1820.3646342596039 10.940139496466143 8.5089427204802615 6.991811526007953 16.971438346896321 125.1913318214938 17.66523942258209 20.478688534349203 12.698808840010313 12.77980592381209 18.507141304202378 21.959226448088884 39.001302316784859 64.002445548772812 99.515433175489306 20.395009631291032 19.263464758172631 22.93091350607574 21.323835581541061 20.457584956660867 54.864741342142224 20.45521317794919 10.651961563155053 13.594843403436242 78.513884807936847 177.16718082595617 82.44829616509378 15.857116743922232 55.855428330600262 14.754715162678623 7.334928458556532
leaf_count=12423 73 36 93 176 928 107 99 87 117 85 147 81 190 258 63 74 100 47 119 349 40 58 105 582 1348 553 48 450 134 37
internal_value=0.000938285 0.00106182 0.00638926 0.000438998 0.00435273 0.000273116 0.00314689 0.00740581 -0.00164184 0.000412341 0.000278099 0.000412624 -7.94484e-05 0.00393598 -0.00135778 0.00829127 0.00474998 0.000301904 -0.00523711 0.0104738 0.012097 0.00281967 0.00145528 0.00370654 0.00010975 0.000538849 0.00899498 -0.00336048 0.02199 0.02692
internal_weight=2931.45 2920.51 300.848 2619.66 271.766 2602.69 263.257 137.89 125.367 2585.02 2566.51 2544.55 2237.02 307.536 140.366 167.17 147.907 2173.02 54.0405 93.866 40.8502 33.5829 104.889 92.1087 2151.69 1918.67 98.3054 233.023 29.0815 22.0896
internal_count=19007 18934 2218 16716 1954 16540 1918 1015 903 16433 16348 16201 15059 1142 361 781 707 14869 277 430 103 158 804 687 14822 13024 601 1798 264 171
is_linear=0
shrinkage=0.03


Tree=170
num_leaves=31
num_cat=0
split_feature=1 7 5 1 2 0 2 3 8 0 8 8 8 0 8 1 2 0 2 3 8 8 8 8 0 0 8 8 1 8
split_gain=9.07773 6.25402 3.26442 5.0766 12.1799 9.22948 8.74714 5.86214 5.21377 10.1699 8.65977 10.3132 12.0288 6.71089 6.52778 5.76566 8.6265 7.89888 7.8749 4.88685 3.98675 3.63286 8.60551 3.41155 2.8802 3.1561 2.82998 2.79914 4.41279 3.28873
threshold=365.50000000000006 1.0000000180025095e-35 1.4083333333333334 19.500000000000004 7.5000000000000009 149.05817129629634 16.500000000000004 0.32396546106223528 -0.027799858695191502 1484.9627025462964 2.7044694707785459 3.4579942093215115 4.1721371262788347 181.542650462963 -0.14258136166983529 2.5000000000000004 2.5000000000000004 940.72428240740749 6.5000000000000009 0.81365740740740755 2.5031364591382999 -0.077894202850768146 -0.079587637321171648 6.5472912342668161 489.53263888888893 189.31484953703708 -0.081313953331354438 1.7038852393529456 13.500000000000002 0.76010615342734078
decision_type=2 2 8 2 2 2 2 10 10 2 10 10 10 2 10 2 2 2 2 8 10 10 10 10 2 2 10 10 2 10
left_child=1 2 -1 8 7 -6 -7 -5 9 21 19 13 -13 -12 -11 17 -17 23 24 20 27 22 26 -14 25 -18 -4 28 29 -10
right_child=-2 -3 3 4 5 6 -8 -9 10 14 11 12 15 -15 -16 16 18 -19 -20 -21 -22 -23 -24 -25 -26 -27 -28 -29 -30 -31
leaf_value=0.012784543335468062 -0.016090382151254263 0.016227831278772229 0.0013155600876374352 -0.02322943066981558 0.010917031984717383 0.0072954373284517876 -0.015881160799390611 0.00063757292125549332 -0.0010716326647282612 0.0010849427654237615 0.003521297272851187 0.012784543335468062 -0.0077024440224637298 -0.02529714271811841 -0.01452247353446422 0.012784543335468062 0.011711928156086883 -0.016997701634248255 0.012784543335468062 0.012784543335468062 0.012784543335468062 -0.0028386934052534113 0.012784543335468062 0.008649674710089171 -0.011289860240848321 -0.00761436191812435 -0.012796192429478499 -0.0057001185407960031 -0.011829514595257083 0.012574677497789623
leaf_weight=16.139621466398239 22.730271944776177 19.608815471990965 2031.0090323942713 30.191763360984623 44.415057725040242 20.735650718212128 31.262011666316539 12.214934783056377 23.154913437087089 24.452361531555653 9.4922997020185012 23.127327091991901 14.257010573521255 15.823505464941261 58.192282896488905 27.047066248953342 9.5987527268007415 30.549323096871376 19.519087573513389 48.569146798690781 10.345013269688932 189.62348910793662 14.771884176880119 24.029909513890743 38.772163346409798 11.051868503913282 7.9090060964226714 24.354289847426116 7.3840149883180848 41.025233805179596
leaf_count=87 136 263 15001 116 534 96 96 98 158 40 96 92 70 38 161 62 63 47 56 254 39 510 23 77 56 48 23 196 95 304
internal_value=0.000999172 0.00116178 0.0010303 0.000941238 -0.00455553 0.00149228 -0.00680958 -0.0170126 0.00123132 0.000695556 0.00447504 0.000643854 0.00306828 -0.0156929 -0.00933291 -0.000303401 0.00402675 -0.00679183 -0.00148566 0.00980665 0.00506359 0.00108494 0.00145324 0.00237423 -0.00691412 0.00190073 0.00122965 0.00232624 0.00525159 0.00792974
internal_weight=2901.36 2878.63 2859.02 2842.88 138.819 96.4127 51.9977 42.4067 2704.06 2325.96 378.101 223.268 197.953 25.3158 82.6446 174.825 105.989 68.8362 78.9419 154.833 106.263 2243.31 2053.69 38.2869 59.4228 20.6506 2038.92 95.9185 71.5642 64.1801
internal_count=18935 18799 18536 18449 940 726 192 214 17509 15758 1751 705 571 134 201 479 285 194 223 1046 792 15557 15047 147 167 111 15024 753 557 462
is_linear=0
shrinkage=0.03


Tree=171
num_leaves=31
num_cat=0
split_feature=7 1 0 4 5 1 5 1 1 5 1 0 5 1 3 1 3 0 1 0 1 0 1 1 0 3 1 0 1 1
split_gain=10.5807 4.84914 15.1085 4.93517 4.45014 1.6649 2.70595 2.10894 1.5174 2.45314 3.04223 2.3802 1.20825 8.46779 9.02909 2.65279 1.39082 1.18293 1.55052 1.0321 0.955108 8.17061 3.45233 0.873132 0.753963 0.606449 0.567055 0.410506 0.400572 0.366571
threshold=1.0000000180025095e-35 23.500000000000004 87.176579861111136 0.038378195872974981 3.1541666666666672 20.500000000000004 14.545833333333336 19.500000000000004 15.500000000000002 81.733333333333334 17.500000000000004 2234.0129687500007 1.0000000180025095e-35 5.5000000000000009 0.2752525252525253 5.5000000000000009 0.59980902714018158 6.6527256944444462 10.500000000000002 9.4828587962962985 1.0000000180025095e-35 2.7096412037037041 1.5000000000000002 79.500000000000014 174.30959490740744 0.18366146364420741 82.500000000000014 1048.9506712962964 39.500000000000007 9.5000000000000018
decision_type=2 2 2 8 10 2 10 2 2 10 2 2 10 2 10 2 10 2 2 2 2 2 2 2 2 10 2 2 2 2
left_child=1 5 19 -4 -5 7 -7 8 11 10 -10 12 13 20 -15 16 27 -17 29 23 -1 22 -22 -3 -23 -24 28 -14 -6 -19
right_child=-2 2 3 4 26 6 -8 -9 9 -11 -12 -13 15 14 -16 17 -18 18 -20 -21 21 24 25 -25 -26 -27 -28 -29 -30 -31
leaf_value=-0.00024954986509405445 0.01966519153865106 0.0057176521722912535 -0.024891053145089454 0.0057176521722912535 -0.0066478834449274537 0.016491948960016666 -0.0030988805724155842 -0.012214734511554731 0.01966519153865106 -0.0031127470278752493 -0.0031127470278752493 -0.0078577643735006242 -0.0020243055246107352 -0.0015972826939885301 0.01966519153865106 -0.0015972826939885301 -0.00024954986509405445 -0.0053302660746648188 -0.0015972826939885301 0.0057176521722912535 0.0041378346190826219 0.0020399364865999582 0.0046920522152968684 0.018937108800708063 -0.00024954986509405445 0.017703206112284257 -0.0048181423953971778 -0.0056608457332714326 -0.017203281928979301 -0.0078577643735006242
leaf_weight=1595.2838022373617 18.446846051723696 7.5437941977288556 20.777506298851222 13.388071326538919 15.025159142911432 8.5158652642276156 9.4671560167334956 8.4462527069263142 9.5027761301025766 12.751065852120517 5.5591156845912328 32.778561353683472 180.06942761922255 14.435421299189327 29.514579902868718 14.171767810359595 105.6203381717205 99.967254744842649 49.678006306290627 32.528416690416634 78.415493853390217 170.74015180766582 8.6774784959852678 7.2086620572954416 231.39894107170403 25.802287602797151 15.467268884414805 31.667638130486012 20.180319129489362 16.549842089414597
leaf_count=10731 259 142 80 71 85 39 76 55 67 93 68 50 1313 77 250 168 680 671 344 314 601 1479 70 46 598 265 73 66 79 93
internal_value=-0.00040761 -0.00057054 -0.00607632 -0.0133731 -0.00810571 -0.000294375 0.00774794 -0.000361639 -0.000302326 0.00611162 0.0127503 -0.000380009 -0.000272971 3.59894e-05 0.0123716 -0.00159728 -0.00024955 -0.00446947 -0.0054993 0.00704342 -0.00024955 0.00103636 0.00809731 0.0134606 -0.00024955 0.0154376 -0.0119434 -0.00268624 -0.0140854 -0.00734524
internal_weight=2889.58 2871.13 132.119 84.8383 64.0608 2739.01 17.983 2721.03 2712.58 27.813 15.0619 2684.77 2651.99 2154.27 43.95 497.724 317.357 180.367 166.195 47.2809 2110.32 515.034 112.895 14.7525 402.139 34.4798 50.6727 211.737 35.2055 116.517
internal_count=19003 18744 890 388 308 17854 115 17739 17684 228 135 17456 17406 14071 327 3335 2059 1276 1108 502 13744 3013 936 188 2077 335 237 1379 164 764
is_linear=0
shrinkage=0.03


Tree=172
num_leaves=25
num_cat=0
split_feature=0 1 2 4 2 1 0 2 1 1 5 0 5 0 5 2 2 5 0 2 5 0 2 0
split_gain=7.13718 9.85411 8.57394 3.15195 13.8323 9.30513 5.23477 4.00996 2.02544 3.1695 7.57122 3.8212 1.74654 0.986029 3.41047 0.935701 0.830054 3.5688 0.776752 2.06278 0.194011 5.03633 0.097101 0.0328531
threshold=5.9243518518518528 343.50000000000006 3.5000000000000004 inf 2.5000000000000004 3.5000000000000004 1238.2568344907411 1.0000000180025095e-35 2.5000000000000004 1.5000000000000002 inf 1003.6055555555557 1.0000000180025095e-35 94.232656250000019 5.7125000000000012 5.5000000000000009 2.5000000000000004 2.0041666666666669 1.0000000180025095e-35 1.0000000180025095e-35 14.341666666666669 284.73871527777789 28.500000000000004 101.43821180555557
decision_type=2 2 2 8 2 2 2 2 2 2 8 2 10 2 8 2 2 10 2 2 10 2 2 2
left_child=2 3 16 4 5 6 8 -5 9 11 20 -2 -4 -7 -15 -14 18 -18 -1 -20 -11 -22 -17 -12
right_child=1 -3 12 7 -6 13 -8 -9 -10 10 23 -13 15 14 -16 22 17 -19 19 -21 21 -23 -24 -25
leaf_value=0.0015794009642011774 -0.0020059042310382829 -0.021195634836135156 0.020872862132494983 -0.0020059042310382829 -0.00085218667894581635 -0.0084490970677378718 -0.014970798084487171 0.00042402117478392747 -0.0020059042310382829 -0.0020059042310382829 -0.0069859465424795906 -0.014970798084487171 0.00042402117478392747 -0.0084490970677378718 -0.024900722275219042 0.011260540729330979 0.016376223139748229 0.00042402117478392747 -0.0020059042310382829 0.0013600059355600626 -0.0020059042310382829 -0.014970798084487171 0.0023226706008042087 -0.014970798084487171
leaf_weight=540.58230755105615 104.29246755503118 19.177938799373806 15.89274619554635 914.48167364671826 432.96414857846685 20.922185424715281 38.328923624008894 197.51193535281345 35.66535761859268 40.484351404942572 18.755005412735045 11.866716623306273 6.5434020496904877 14.485657218843697 33.111492636613548 10.57994293537922 10.564603290054949 15.839162742719052 145.90795216709375 160.90026945108548 30.395336621440947 11.54053485766053 4.5574302938766769 28.11910910345614
leaf_count=4106 671 115 311 5233 2748 222 73 816 213 253 158 18 93 45 185 180 95 139 1421 1389 293 41 44 99
internal_value=-0.00112101 -0.00214264 0.00106702 -0.0018994 -0.00330415 -0.00750989 -0.00519586 -0.000852187 -0.00362478 -0.00522346 -0.00838542 -0.0020059 0.0142143 -0.0172112 -0.0198934 0.00633649 0.000424021 0.0053043 0.000424021 0.000424021 -0.00242545 -0.00412172 0.00981446 -0.0149708
internal_weight=2863.47 1952.1 911.368 1932.92 820.931 387.967 319.448 1111.99 281.119 245.454 129.294 116.159 37.5735 68.5193 47.5971 21.6808 873.794 26.4038 847.391 306.808 82.4202 41.9359 15.1374 46.8741
internal_count=18961 11183 7778 11068 5019 2271 1819 6049 1746 1533 844 689 628 452 230 317 7150 234 6916 2810 587 334 224 257
is_linear=0
shrinkage=0.03


Tree=173
num_leaves=31
num_cat=0
split_feature=7 2 1 1 0 8 8 1 1 8 8 8 0 8 8 1 8 8 8 8 2 8 2 8 8 2 1 8 0 1
split_gain=10.8139 6.67715 10.5077 7.50338 5.52361 5.70666 5.63129 5.04786 4.93373 14.112 6.29709 9.04391 4.79981 4.50348 3.30895 2.69661 2.52484 3.54819 3.58827 3.49505 3.21082 6.03537 2.58742 2.51446 8.87095 10.7607 7.84496 7.68879 6.76248 6.16141
threshold=1.0000000180025095e-35 4.5000000000000009 52.500000000000007 23.500000000000004 2234.0129687500007 15.154108648399317 6.9435779072769845 2.5000000000000004 10.500000000000002 9.0999842226063219 -0.33546687003424353 -0.094211819394037541 125.85438657407408 1.7038852393529456 -0.11411794551316443 6.5000000000000009 -0.13738082063161711 -0.31883986381802182 -0.47148539307352649 -0.098112905730255662 14.500000000000002 0.99015368604283005 8.5000000000000018 0.76010615342734078 1.7038852393529456 1.5000000000000002 1.5000000000000002 -0.061840684483087792 1048.9506712962964 6.5000000000000009
decision_type=2 2 2 2 2 10 10 2 2 10 8 10 2 8 8 2 10 10 10 10 2 10 2 10 10 2 2 10 2 2
left_child=1 3 8 4 5 6 23 -8 9 10 15 14 -4 16 -12 -3 17 18 22 -18 21 -21 -10 27 26 -26 -25 -1 -29 -28
right_child=-2 2 12 -5 -6 -7 7 -9 13 -11 11 -13 -14 -15 -16 -17 19 -19 -20 20 -22 -23 -24 24 25 -27 29 28 -30 -31
leaf_value=-0.00022083618273450754 0.020475672990593361 0.0048021926494565756 0.0033995175100226074 -0.018345833417631331 -0.012551754551768997 0.013225582383307777 -0.012551754551768997 0.0014606726260358084 -0.0040764516700499253 -0.028011997537669326 0.0070158284963252474 -0.0019302770819972128 -0.012569158536859916 0.016775111579654462 0.020475672990593361 -0.015094672344438979 -0.01478374783563223 0.020475672990593361 -0.0075254064061639854 0.0085753043307724968 0.013355851907607698 -0.017260294423516283 0.016917094454412879 0.020475672990593361 -0.011242657294209996 0.0057605579433478594 -0.0041668418189782178 -0.0012115306860446694 -0.012551754551768997 0.020475672990593361
leaf_weight=2091.1794030047022 17.687509232666343 6.6787530658766654 24.862097984179854 16.798446421511471 29.704347759485245 21.98795785009861 28.30660904943943 24.164665123447776 5.3341768407262888 7.9452883377671233 23.105686591938138 30.341275188606232 38.562319550197572 54.522031754488125 9.5274059553630632 11.60500347195193 6.0493985451757899 12.776945829391478 12.127080455422403 14.388328758068385 14.114742237143217 9.1670396619010699 11.705585370771585 8.1538381762802583 50.010263357311487 80.752830184996128 25.433614268898964 82.110363954212517 64.743421748280525 7.1067114807665339
leaf_count=14876 264 60 230 106 50 33 90 67 67 13 108 264 162 348 115 131 13 79 101 110 136 102 121 24 164 377 214 307 165 41
internal_value=-0.000154 -0.000319213 0.00393094 -0.000817805 -0.00066448 -0.000497397 -0.000646515 -0.00992805 0.00689757 0.00126837 0.00558914 0.00995481 -0.00651851 0.0103125 0.0197935 -0.00835619 0.00550099 0.0103328 0.00326618 0.000280703 0.00414874 -0.00274087 0.0109113 -0.000424251 0.00302541 -0.000916872 0.0144074 -0.000694687 -0.00721281 0.00348333
internal_weight=2840.95 2823.27 292.813 2530.45 2513.65 2483.95 2461.96 52.4713 229.389 89.2034 81.2581 62.9744 63.4244 140.185 32.6331 18.2838 85.6633 41.9438 29.1668 43.7195 37.6701 23.5554 17.0398 2409.49 171.457 130.763 40.6942 2238.03 146.854 32.5403
internal_count=18938 18674 2160 16514 16408 16358 16325 157 1768 691 678 487 392 1077 223 191 729 368 289 361 348 212 188 16168 820 541 279 15348 472 255
is_linear=0
shrinkage=0.03


Tree=174
num_leaves=31
num_cat=0
split_feature=8 8 2 1 1 2 1 6 1 8 5 8 2 8 8 5 8 4 1 3 8 8 8 2 8 8 8 8 8 8
split_gain=10.5236 12.107 12.8795 5.31601 9.1671 16.8544 5.03872 4.80176 5.07694 5.87521 9.9803 11.0712 4.37357 8.62817 10.2254 5.97659 4.80468 8.3427 7.27927 7.18024 4.48993 5.9205 3.70926 5.67213 3.50489 3.50936 4.99736 3.74262 3.19168 5.48446
threshold=3.4579942093215115 4.0015567420314797 6.5000000000000009 7.5000000000000009 2.5000000000000004 2.5000000000000004 17.500000000000004 0.0040405524537173087 56.500000000000007 -0.039088848192108873 0.93333333333333346 1.7038852393529456 4.5000000000000009 -0.11106829372089243 -0.22354118250387747 1.0000000180025095e-35 -0.11280427960190416 1.0000000180025095e-35 1.5000000000000002 0.24484651808310884 -0.10306521699421792 -0.094211819394037541 -0.31883986381802182 8.5000000000000018 -0.12903975949564242 -0.083880866328817763 -0.082682446638312826 -0.079587637321171648 -0.077894202850768146 -0.076894660562742842
decision_type=10 10 2 2 2 2 2 10 2 10 10 10 2 8 10 10 8 8 2 10 8 8 10 2 10 8 8 8 8 8
left_child=7 -2 3 4 -3 -6 -4 8 9 12 11 -11 15 14 22 16 17 19 20 -1 -18 -22 23 -14 -17 -23 -27 -28 -29 -30
right_child=1 2 6 -5 5 -7 -8 -9 -10 10 -12 -13 13 -15 -16 24 18 -19 -20 -21 21 25 -24 -25 -26 26 27 28 29 -31
leaf_value=-0.0056723833985413913 0.025973637976672768 -0.0048920951772179564 0.029390915030163771 -0.011758320280734045 0.02655169709204511 -0.0020007150660094268 0.0063809803848923303 0.011393889521369362 -0.0095924340266706817 0.011393889521369362 -0.0019160162076579073 -0.0019160162076579073 -0.0080316803842892404 0.011393889521369362 -0.015812116476496635 -0.0056723833985413913 -0.0056723833985413913 0.0043969983172476284 0.0087518389885168565 0.0043969983172476284 0.010514201228335081 -0.0098788242455850293 0.011393889521369362 0.011350079293262802 -0.01620558421737734 0.011393889521369362 -0.014148790474828553 0.010209580336646405 -0.02136780222000564 -0.0015829172183108857
leaf_weight=60.429378600791097 19.631028166972101 76.041259631514549 15.590797548182307 24.29946329491213 26.228708703070879 44.459098627790809 20.900182202458382 24.545550345326774 52.447995671303943 81.577523299492896 132.9001405145973 37.577556285075843 26.852013356983662 21.233454196481034 23.404011724051088 224.39514988940209 31.802017323672771 327.80985544994473 53.91195436893031 59.747150260955095 30.556442122906446 43.067778130993247 17.635200787335634 18.704107030294836 24.881313066929579 13.559115763753653 16.874447699636221 15.369250815361738 7.7773749530315399 1268.4356421642005
leaf_count=434 87 221 48 83 60 124 98 495 311 381 990 176 267 222 76 1838 166 1675 390 409 102 156 99 184 90 26 52 26 27 9671
internal_value=-9.38668e-05 0.00602823 0.00357472 -6.10832e-05 0.00219971 0.00964781 0.0185691 -0.000636046 -0.000771739 -0.000570996 0.00373141 0.00985379 -0.0010524 0.0047135 -0.00072381 -0.00134791 -0.000775961 0.00193184 -0.00159859 -0.0046995 -0.00201869 -0.00159164 0.00561406 0.000261458 -0.00567238 -0.0019 -0.00160383 -0.00181986 -0.00160484 -0.00178641
internal_weight=2842.64 227.151 207.52 171.029 146.729 70.6878 36.491 2615.49 2590.95 2538.5 252.055 119.155 2286.45 107.829 86.5953 2178.62 1929.34 447.986 1481.35 120.177 1427.44 1395.64 63.1913 45.5561 249.276 1365.08 1322.02 1308.46 1291.58 1276.21
internal_count=18984 721 634 488 405 184 146 18263 17768 17457 1547 557 15910 848 626 15062 13134 2518 10616 843 10226 10060 550 451 1928 9958 9802 9776 9724 9698
is_linear=0
shrinkage=0.03


Tree=175
num_leaves=31
num_cat=0
split_feature=1 2 1 5 7 8 8 8 1 0 2 0 8 8 8 8 8 0 5 8 2 8 8 1 1 5 8 8 5 2
split_gain=5.79436 7.4481 8.22443 13.2532 6.24185 4.33498 16.1199 10.8959 8.69517 9.10149 5.99273 5.08543 6.77588 12.7343 4.97768 3.77187 8.85604 3.30885 3.1311 3.96789 2.75042 7.31308 2.70722 3.18913 2.49677 2.58098 2.36096 5.18659 5.63368 2.30489
threshold=516.00000000000011 5.5000000000000009 9.5000000000000018 3.6041666666666674 1.0000000180025095e-35 3.4579942093215115 4.1721371262788347 2.7044694707785459 1.5000000000000002 844.38105902777795 2.5000000000000004 1484.9627025462964 -0.094211819394037541 -0.027799858695191502 10.275374294413295 -0.086707670996480871 -0.077894202850768146 21.710214120370374 5.0041666666666673 19.868193860798456 6.5000000000000009 1.2247732239362579 -0.039088848192108873 2.5000000000000004 15.500000000000002 352.81666666666672 -0.47148539307352649 0.10947385941339509 474.38750000000005 3.5000000000000004
decision_type=2 2 2 8 2 10 10 10 2 2 2 2 8 8 10 10 10 2 8 8 2 10 8 2 2 10 10 10 8 2
left_child=1 2 4 -4 5 7 -7 11 9 -8 14 15 -13 -14 23 -1 -17 -3 -19 20 21 -20 -6 -10 29 -26 -22 28 -28 -5
right_child=-2 17 3 24 22 6 8 -9 10 -11 -12 12 13 -15 -16 16 -18 18 19 -21 26 -23 -24 -25 25 -27 27 -29 -30 -31
leaf_value=-0.00019905136790883014 -0.015470443534245672 0.012120391989018098 0.014092823626053869 -0.014927155511529178 0.0025767630677212324 0.017723422601894506 0.0037757539897316063 -0.018196388685427684 0.0056200460881702108 -0.0211620378459552 -0.0026668061207957105 -0.00019905136790883014 -0.021160565012803056 -0.00019905136790883014 0.0005655125584193083 0.013536454870685248 0.00074481174400533917 0.012120391989018098 0.012120391989018098 0.012120391989018098 0.0087015047709082249 -0.0084433753890111925 0.028488320718963667 0.026818806508911285 -0.010915242744247213 -0.030964226949069681 -0.00080636400368032596 0.001152962848933609 -0.023432662646962237 0.00095916949301219233
leaf_weight=1922.9124205959961 17.369393492583185 43.204997070133686 12.626567983068524 11.042549668811263 7.6404754435643554 18.870930330827832 21.724034478887916 26.757503006607294 14.275193346664311 24.060221001505852 47.034571518190205 28.647073481231928 45.883956598117948 29.44954614341259 22.961045976728201 53.86638230830431 286.32516862731427 17.610710411332548 15.074057734571399 9.6168211568146926 11.509620457887648 13.959142237901686 4.5536310484167171 15.048095768317578 23.009068883489817 11.932989850640295 20.30190478079021 73.992195272585377 15.052251518703995 15.703077521175144
leaf_count=14384 118 749 63 88 60 76 77 108 76 34 125 48 139 44 47 135 1124 82 97 20 99 60 102 41 129 64 126 468 72 92
internal_value=-0.000261052 -0.000142037 -0.000587127 -0.0101022 -0.000292909 -0.00041321 0.00423244 -0.000739588 5.9756e-05 -0.0101226 0.00501385 -0.000504317 -0.00683437 -0.0118456 0.011553 -0.000199051 0.00293699 0.00509447 0.00309489 0.00154802 1.61308e-05 0.00758216 0.0177234 0.0177234 -0.0157399 -0.0207812 -0.00203047 -0.00349119 -0.0121494 -0.00691786
internal_weight=2882.02 2864.65 2644.32 74.3143 2570.01 2557.82 163.974 2393.84 145.103 45.7843 99.3189 2367.08 103.981 75.3335 52.2843 2263.1 340.192 220.322 177.117 159.506 149.889 29.0332 12.1941 29.3233 61.6877 34.9421 120.856 109.346 35.3542 26.7456
internal_count=18947 18829 17056 436 16620 16458 476 15982 400 111 289 15874 231 183 164 15643 1259 1773 1024 942 922 157 162 117 373 193 765 666 198 180
is_linear=0
shrinkage=0.03


Tree=176
num_leaves=11
num_cat=0
split_feature=6 0 2 0 0 5 0 0 5 0
split_gain=6.35557 5.5495 5.02095 3.92464 2.11435 2.14457 1.09702 1.00894 0.168642 0.0663797
threshold=0.0040405524537173087 1143.929039351852 1171.5000000000002 2234.0129687500007 293.91310763888896 21.19166666666667 1347.758697916667 400.60436921296304 4197.3666666666677 161.38208912037041
decision_type=10 2 2 2 2 10 2 2 10 2
left_child=2 -2 3 4 9 6 -6 -7 -9 -1
right_child=1 -3 -4 -5 5 7 -8 8 -10 -11
leaf_value=0.00098023056364565197 0.018784154035878499 6.2820081657981075e-05 -0.015492085593390484 -0.0092425571426802428 6.2820081657981075e-05 6.2820081657981075e-05 -0.0028580791346707931 -0.0044772736285787276 -0.0083713726621108594 6.2820081657981075e-05
leaf_weight=1617.3103320198134 25.769310791627507 3.8851159662008277 13.676518356660379 36.134644702076912 741.09191728243604 19.720808083191514 122.0251372884959 83.860195966437459 20.594002829864621 194.10479723196477
leaf_count=14609 495 5 102 54 1666 96 291 196 61 1420
internal_value=0.000218288 0.0129884 6.28201e-05 6.28201e-05 6.28201e-05 -0.000811574 -0.000270412 -0.00441702 -0.00559237 0.000910642
internal_weight=2878.17 29.6544 2848.52 2834.84 2798.71 987.292 863.117 124.175 104.454 1811.42
internal_count=18995 500 18495 18393 18339 2310 1957 353 257 16029
is_linear=0
shrinkage=0.03


Tree=177
num_leaves=31
num_cat=0
split_feature=7 1 5 0 8 0 8 1 1 8 8 0 1 5 8 8 0 8 8 3 8 8 8 1 8 0 8 8 0 8
split_gain=8.97843 5.71776 1.80897 1.76785 4.28404 12.1531 5.00417 3.7332 2.27443 4.56294 3.87689 3.12057 2.92411 2.50776 1.55878 9.34138 4.2575 3.4229 1.42979 1.33413 1.22951 1.18885 13.0556 1.47461 8.96027 14.616 1.98716 1.12381 2.09807 3.40931
threshold=1.0000000180025095e-35 4447.0000000000009 8.3416666666666686 4.549363425925927 -0.33546687003424353 562.04461805555559 -0.36144323561151009 121.50000000000001 1.5000000000000002 -0.40814210300142445 -0.49974213505257487 64.016359953703713 5.5000000000000009 0.93333333333333346 -0.16139280307313006 -0.12512633077784138 533.66143518518527 -0.12656766823670626 -0.13606990972723812 0.59528853914447144 -0.14129821556612357 -0.061840684483087792 -0.05842411369543999 5.5000000000000009 7.2234608325877323 1003.6055555555557 10.275374294413295 -0.039088848192108873 791.48482060185199 -0.049338372682085012
decision_type=2 2 10 2 10 2 10 2 2 10 10 2 2 10 10 10 2 8 10 10 10 10 10 2 10 2 10 10 2 10
left_child=1 3 -2 -1 5 6 8 14 -5 10 11 -10 -13 -12 -6 16 17 18 -16 -9 -18 -17 -23 24 27 26 -26 28 -24 -30
right_child=2 -3 -4 4 7 -7 -8 19 9 -11 13 12 -14 -15 15 21 20 -19 -20 -21 -22 22 23 -25 25 -27 -28 -29 29 -31
leaf_value=0.0010858070756654904 0.024765065004176422 -0.017637916949443982 0.0010858070756654904 0.00084985386978255297 0.0010858070756654904 -0.014855742192136572 -0.014855742192136572 -0.017516537803010317 -0.00022422626660127906 0.0010858070756654904 0.0010858070756654904 -0.014855742192136572 -0.00022422626660127906 -0.014855742192136572 -0.0038707282502945107 0.0010858070756654904 -0.0068015282265419226 -0.013060744625723094 0.0010858070756654904 -0.0019940295101340271 -0.017365001054022666 -0.022777489177080303 0.0010858070756654904 0.0010858070756654904 -0.007612083201013916 -0.023231929848781505 0.0010858070756654904 0.0010858070756654904 0.00080677394877509939 -0.014415000132060271
leaf_weight=871.17801375407726 10.959409529226827 11.3709579994902 4.1301049249013895 367.3325169403106 285.14041765127331 58.732603635638952 12.863458212465046 8.4710004762746411 85.531359696760774 21.2973004411906 6.2380619063042131 16.559176668524746 10.05109587498009 22.224216365255415 52.134507741779089 339.51562127191573 28.886674322187901 7.3318998478353015 24.630729472264647 10.226884137839077 29.105845445767045 17.324240105226636 21.470672819763422 197.05278945015743 19.05395844206214 33.3673030808568 26.062285207211971 214.75490964157507 26.801106430590153 20.249325662851334
leaf_count=7318 132 73 116 3418 1741 141 119 41 830 160 58 112 103 254 390 1169 47 21 152 62 54 53 74 1169 63 53 55 818 62 69
internal_value=0.000181983 4.07867e-05 0.0201672 0.000142673 -0.000361633 -0.00246076 -0.000994352 0.000570271 -0.000459203 -0.00336576 -0.0060528 -0.00321417 -0.0112689 -0.0148557 0.000775772 -0.000117329 -0.00713702 -0.00254837 -7.89547e-05 -0.0112385 -0.0130607 0.00100482 -0.000278629 0.000614687 -0.000908151 -0.00959755 0.00108581 0.00108581 -0.00278368 -0.00649971
internal_weight=2860.05 2844.96 15.0895 2833.59 1962.41 600.83 542.097 1361.58 529.234 161.901 140.604 112.142 26.6103 28.4623 1342.88 1057.74 142.09 84.0971 76.7652 18.6979 57.9925 915.652 576.137 558.812 361.76 78.4835 45.1162 283.276 68.5211 47.0504
internal_count=18927 18679 248 18606 11288 5195 5054 6093 4935 1517 1357 1045 215 312 5990 4249 664 563 542 103 101 3585 2416 2363 1194 171 118 1023 205 131
is_linear=0
shrinkage=0.03


Tree=178
num_leaves=31
num_cat=0
split_feature=1 7 2 0 8 8 8 0 8 2 1 8 8 1 8 1 8 2 1 1 1 1 1 0 8 8 4 8 1 8
split_gain=9.69382 9.75764 5.27543 6.87907 4.81924 6.51927 6.51194 7.79125 6.31438 5.03981 4.96954 4.50086 15.6778 3.92992 6.29527 7.31147 9.34323 5.19265 5.41817 5.17396 3.67361 3.47115 4.0143 5.87724 9.19704 5.81203 5.75067 4.8283 4.47093 6.0467
threshold=365.50000000000006 1.0000000180025095e-35 4.5000000000000009 2234.0129687500007 3.4579942093215115 3.0759547462939927 4.3865985131140901 178.01328125000003 7.7812465438342988 1.5000000000000002 18.500000000000004 -0.11106829372089243 -0.087786986019263713 15.500000000000002 9.0999842226063219 17.500000000000004 1.9997980409956184 7.5000000000000009 7.5000000000000009 33.500000000000007 76.500000000000014 14.500000000000002 5.5000000000000009 1484.9627025462964 -0.070506521604648459 -0.03226654156120868 0.002339309545215342 -0.05395565565866154 6.5000000000000009 0.76010615342734078
decision_type=2 2 2 2 10 10 10 2 10 2 2 8 10 2 10 2 10 2 2 2 2 2 2 2 10 10 8 10 2 10
left_child=1 2 3 4 5 10 -6 -8 9 -9 21 -4 -13 17 15 -15 19 18 -14 -17 -21 22 23 25 -25 27 -24 -1 -28 -30
right_child=-2 -3 11 -5 6 -7 7 8 -10 -11 -12 12 13 14 -16 16 -18 -19 -20 20 -22 -23 26 24 -26 -27 28 -29 29 -31
leaf_value=0.00052447502307414291 -0.018413514022879367 0.021523752267242766 -0.0010307397181714003 -0.013154407767069231 0.01951350559471883 -0.013154407767069231 0.018022018123154775 -0.013154407767069231 0.0047702961857474802 0.0018517297844393688 -0.013154407767069231 0.021523752267242766 0.0037775654669938868 0.021523752267242766 0.021523752267242766 -0.0032254160610843412 -0.011174176386564334 0.0085743501951417844 -0.015918195656623637 0.021523752267242766 -0.0011366646361599599 0.015240299274492258 -0.013154407767069231 0.00052447502307414291 -0.013154407767069231 0.0074495961584169447 -0.010994610115327553 -0.0085394441736995168 -0.0019548125334185188 0.021523752267242766
leaf_weight=2039.6030531381257 19.458414786728099 14.835489607590715 91.473802338819951 30.377221539616585 19.339737666770816 16.471092844381928 19.308982863090932 22.436777628958225 73.243233071640134 23.191700745373964 17.449759665876627 17.83528426848352 18.931039149872959 9.1448234124109131 8.4429573193192464 18.45214928407222 32.542180613614619 21.775310568744317 24.942354215774685 18.863668959820647 7.8144517671316853 8.5739693753421289 23.321912387385964 30.614939570426941 32.862306982278824 104.10127855371684 16.514711257070303 51.248882187530398 25.362631656695157 7.5251088775694361
leaf_count=14292 131 262 727 49 82 56 133 45 145 64 126 227 150 56 24 175 180 186 173 126 53 38 187 77 82 521 135 152 197 44
internal_value=0.000394167 0.000554791 0.000407192 -1.68334e-05 0.000166457 -0.00017537 0.00516431 0.0025447 -0.000595332 -0.00882879 -2.12367e-05 0.00435405 0.00706282 0.00334114 0.00709125 0.00379284 0.000151463 -0.00221726 -0.00790261 0.00861804 0.0160258 0.00011361 2.54752e-05 0.000255621 -0.00840045 0.000524475 -0.00667831 0.000524475 -7.9308e-05 0.00612946
internal_weight=2866.06 2846.6 2831.77 2561.55 2531.17 2373.65 157.52 138.181 118.872 45.6285 2357.18 270.218 178.744 160.909 95.2602 86.8173 77.6725 65.6487 43.8734 45.1303 26.6781 2339.73 2331.15 2258.43 63.4772 2194.95 72.7244 2090.85 49.4025 32.8877
internal_count=18895 18764 18502 16425 16376 15907 469 387 254 109 15851 2077 1350 1123 614 590 534 509 323 354 179 15725 15687 15124 159 14965 563 14444 376 241
is_linear=0
shrinkage=0.03


Tree=179
num_leaves=31
num_cat=0
split_feature=7 1 2 8 8 1 4 2 2 5 8 8 4 8 1 8 1 1 8 4 8 4 8 8 4 8 8 8 8 8
split_gain=5.22872 4.75844 5.45622 7.07842 6.70008 4.91089 14.9871 7.42605 6.66759 8.67664 5.08099 10.6724 6.36753 4.70415 4.548 10.5348 8.11831 4.33936 10.6072 5.45055 3.71826 7.3145 5.45198 13.937 7.74932 3.6471 6.05817 7.19092 7.74208 3.98261
threshold=1.0000000180025095e-35 4447.0000000000009 8.5000000000000018 7.7812465438342988 19.868193860798456 8.5000000000000018 0.12905225193732642 3.5000000000000004 4.5000000000000009 46.958333333333343 15.154108648399317 6.9435779072769845 0.45042660496148962 3.5826916815289569 15.500000000000002 -0.087786986019263713 28.500000000000004 5.5000000000000009 3.345175471563715 0.99998510554418341 -0.27733397498163848 inf -0.22639738596760769 -0.23298089659185817 0.99999467939199815 5.6428937444573917 0.99015368604283005 1.582065973823646 3.4579942093215115 4.1721371262788347
decision_type=2 2 2 8 10 2 10 2 2 10 10 10 8 10 2 10 2 2 10 8 8 8 8 10 8 10 10 10 10 10
left_child=1 2 4 13 5 8 -7 -8 10 -10 11 17 -13 -4 15 -9 -16 20 19 -19 21 -1 23 24 -22 26 -24 -28 -29 -30
right_child=-2 -3 3 -5 -6 6 7 14 9 -11 -12 12 -14 -15 16 -17 -18 18 -20 -21 22 -23 25 -25 -26 -27 27 28 29 -31
leaf_value=0.0013689107103476074 0.014603740477831563 -0.015506146149436854 0.0052492483182310923 0.014603740477831563 -0.017515136837498523 -0.01792099857803366 -0.012463436547470131 0.011500326709248689 0.014603740477831563 -0.0038995162668024308 0.014427860086149335 -0.021959219848902936 -0.0026095640868197766 -0.010230996994523804 0.014603740477831563 -0.016220958470729685 -0.0053828998699823908 -0.015914842952168017 0.014603740477831563 0.008530223033716278 -0.010788331455807158 0.014242687406759002 0.00032075783157583523 -0.03097289431199679 0.011298382379787272 -0.011086886575569443 0.014603740477831563 -0.005425823082498173 0.014603740477831563 0.0023804241247636689
leaf_weight=171.27644170541316 18.374068954028189 11.925706382608039 100.34408507449552 17.210425382247195 14.182113781571386 47.473848433699459 19.747857645153999 23.365116093307734 37.817762894555926 25.468073519878089 17.795558601617813 25.102162130177021 34.310552960261703 16.444631160236895 18.052630105987191 16.842936896719038 16.044525185599923 45.339133457280695 8.170673171989618 6.5334567464888087 23.661291172727942 47.233749223873019 1955.8176745441742 12.646741570904849 23.529256833717227 18.758232152089477 24.75863963086158 50.091966428793967 17.317241271957755 32.048427172005177
leaf_count=1329 263 81 886 134 24 346 142 135 279 223 23 81 83 89 85 111 53 361 27 38 164 288 12852 54 168 61 178 244 60 103
internal_value=0.000471032 0.000355686 0.000448533 0.00624676 0.000153399 0.000277528 -0.0050659 0.00199987 0.000580148 0.00983014 0.000328283 0.000199146 -0.0118549 0.00273898 0.00638718 -0.000621687 0.0136747 0.000516664 -0.00713079 -0.0123567 0.00072439 0.0044081 0.000342176 -0.00822742 0.00025152 0.000605471 0.000737249 0.00702885 0.00263947 0.0105698
internal_weight=2897.68 2879.31 2867.39 133.999 2733.39 2719.2 141.527 94.0531 2577.68 63.2858 2514.39 2496.6 59.4127 116.789 74.3052 40.2081 34.0972 2437.18 60.0433 51.8726 2377.14 218.51 2158.63 59.8373 47.1905 2098.79 2080.03 124.216 99.4576 49.3657
internal_count=18965 18702 18621 1109 17512 17488 872 526 16616 502 16114 16091 164 975 384 246 138 15927 426 399 15501 1617 13884 386 332 13498 13437 585 407 163
is_linear=0
shrinkage=0.03


Tree=180
num_leaves=31
num_cat=0
split_feature=1 7 1 4 2 0 1 1 2 0 3 2 0 1 1 5 1 5 0 5 1 1 2 1 1 0 3 1 0 2
split_gain=6.59832 5.20196 4.64854 19.6309 7.69598 9.64857 13.7033 5.65015 5.25328 3.61329 3.56585 4.09184 4.46584 2.62436 7.31394 2.36164 5.6625 1.79862 3.64219 1.76883 1.54264 2.58249 1.32279 1.29219 1.25143 1.21262 0.790554 0.717952 0.569083 0.56645
threshold=4447.0000000000009 1.0000000180025095e-35 1.0000000180025095e-35 inf 5.5000000000000009 1103.3390335648148 9.5000000000000018 1.5000000000000002 2.5000000000000004 2234.0129687500007 0.99909747292418782 2.5000000000000004 0.20501736111111116 5.5000000000000009 6.5000000000000009 24234.529166666671 1.5000000000000002 1460.0500000000004 40.441504629629641 12907.275000000003 2.5000000000000004 3.5000000000000004 3.5000000000000004 1.5000000000000002 4.5000000000000009 1.0000000180025095e-35 0.32396546106223528 12.500000000000002 1588.6313946759262 1.5000000000000002
decision_type=2 2 2 8 2 2 2 2 2 2 10 2 2 2 2 8 2 10 2 10 2 2 2 2 2 2 10 2 2 2
left_child=1 2 9 4 5 6 10 -7 23 25 11 12 -4 19 -15 20 -17 -6 -19 -13 -14 -22 -16 -5 -23 -1 -8 -20 -27 -18
right_child=-2 -3 3 8 17 7 26 -9 -10 -11 -12 13 15 14 22 16 29 18 27 -21 21 24 -24 -25 -26 28 -28 -29 -30 -31
leaf_value=0.00034666025252862414 -0.019319432352940376 0.015047057519983456 0.0045502197223454598 0.0095844888116001625 0.0047575371973440587 -0.023187323632844589 -0.01006378226149522 -0.01006378226149522 0.0047575371973440587 -0.012964027265497653 0.0045502197223454598 0.0045502197223454598 -0.00094721917355869076 -0.01006378226149522 -0.0058661786627578266 -0.00094721917355869076 -0.01006378226149522 0.0047575371973440587 -0.0018477686652725867 -0.0082574967072434856 0.0045502197223454598 -0.00094721917355869076 0.0045502197223454598 0.015047057519983456 0.0045502197223454598 -0.0012496038785980812 -0.0013189641748431284 -0.012099139566852438 -0.0046952614381347386 -0.001981393853491512
leaf_weight=532.13256900012493 10.71284959418699 16.010739964491222 36.669305510818958 105.98522790241987 178.55020381975919 27.465986602008343 35.043286656029522 72.577286258339882 32.66982005815953 17.393748208880424 181.72632450144738 107.61445711227134 71.127843615598977 21.108672650530934 8.311478288844226 74.395377536304295 29.946342745795846 9.878002096898852 12.561453727073969 6.7079213485121718 17.689062131568789 15.115584243088959 27.421346193645149 58.324752453714609 20.126310881227255 1020.9415124021471 24.317927925847471 13.005405845120547 40.933899940922856 26.111221825703979
leaf_count=4125 71 269 283 472 1448 46 219 141 149 37 1394 799 574 181 56 471 180 117 62 32 119 105 178 238 140 6462 182 80 101 184
internal_value=6.79347e-05 0.000174821 6.41299e-05 0.00146242 -0.00023236 -0.00158256 -0.000313828 -0.0100638 0.0100056 -0.000990968 0.00105092 -0.000358452 -0.00250827 0.00326618 -0.0021254 -0.00397908 -0.00672094 0.00475754 -0.00178631 0.00455022 -0.000947219 0.0039562 0.00455022 0.0125965 -0.0032496 -0.00082019 -0.0100638 -0.00818859 -0.00140381 -0.0100638
internal_weight=2852.58 2841.86 2825.85 1214.45 1017.47 803.476 703.432 100.043 196.98 1611.4 644.071 462.345 291.181 171.164 56.8415 254.512 130.453 213.995 35.4449 114.322 124.059 52.931 35.7328 164.31 35.2419 1594.01 59.3612 25.5669 1061.88 56.0576
internal_count=18915 18844 18575 7850 6991 5284 5097 187 859 10725 4696 3302 2056 1246 415 1773 835 1707 259 831 938 364 234 710 245 10688 401 142 6563 364
is_linear=0
shrinkage=0.03


Tree=181
num_leaves=18
num_cat=0
split_feature=6 1 0 0 1 5 1 5 1 1 1 1 1 1 5 1 0
split_gain=6.86128 5.29895 5.2585 5.09542 3.28081 1.5216 1.53461 5.27441 5.26278 1.69485 1.49819 0.8902 0.73733 0.719695 1.5246 0.648526 0.276196
threshold=0.0040405524537173087 56.500000000000007 149.05817129629634 1143.929039351852 124.50000000000001 1.4083333333333334 4.5000000000000009 278.93333333333339 6.5000000000000009 17.500000000000004 7.5000000000000009 32.500000000000007 6.5000000000000009 2.5000000000000004 5.8458333333333341 78.500000000000014 44.70169560185186
decision_type=10 2 2 2 2 10 2 10 2 2 2 2 2 2 10 2 2
left_child=1 5 4 -2 15 16 13 8 -8 10 12 -11 -9 14 -7 -3 -1
right_child=3 2 -4 -5 -6 6 7 9 -10 11 -12 -13 -14 -15 -16 -17 -18
leaf_value=0.00089655586403462396 0.018685275092681915 0.00021581900422924593 -0.015564612600642741 0.00014482200122016204 0.010306763592619691 0.00014482200122016204 -0.0074667142568870162 -0.0074667142568870162 0.00014482200122016204 -0.017979773663165249 -0.00076932106180659337 -0.004943313768863495 -0.015045233333745764 0.00014482200122016204 -0.0045984411507790073 -0.012202183989236733 0.00014482200122016204
leaf_weight=1060.1962583712302 25.996476880565762 5.432263260707261 33.626323661068454 4.052969977259635 13.315978706348686 25.976667867973447 54.087009837850928 29.764417316764593 144.3923880928196 20.117603917140514 50.603954098653048 11.953924805391578 11.977687711827455 131.16614105459303 85.545265978202224 6.3088360819965601 1143.2375296223909
leaf_count=9109 511 58 156 6 94 161 310 226 922 151 356 75 93 861 640 52 5113
internal_value=0.000111731 -5.16918e-05 -0.00860768 0.0133037 0.00176456 0.000144822 -0.00140445 -0.00275159 0.000144822 -0.00746671 -0.00746671 -0.0144428 -0.00830364 0.000144822 -0.00224394 -0.00810825 0.000144822
internal_weight=2857.75 2827.7 58.6834 30.0494 25.0571 2769.02 565.585 322.897 198.479 124.418 92.3461 32.0715 41.7421 242.688 111.522 11.7411 2203.43
internal_count=18894 18377 360 517 204 18017 3795 2133 1232 901 675 226 319 1662 801 110 14222
is_linear=0
shrinkage=0.03


Tree=182
num_leaves=31
num_cat=0
split_feature=8 8 1 8 2 2 4 8 8 8 8 8 5 8 8 2 1 8 1 2 2 8 8 8 1 8 8 8 8 8
split_gain=4.19861 7.6168 7.95826 7.18171 8.08922 13.6798 4.77736 9.86981 7.13688 7.62501 6.32243 7.63592 4.1233 6.02402 3.52495 2.42775 7.03344 2.25714 1.98541 2.20983 1.73017 1.6792 4.20419 3.79321 2.62398 2.49571 1.50926 4.87981 1.99094 1.40169
threshold=3.4579942093215115 4.0015567420314797 2.5000000000000004 5.0251581615581147 2.5000000000000004 6.5000000000000009 0.99999995961538468 -0.14129821556612357 -0.10842981746940834 -0.28851761641955753 -0.0634949437658444 0.54819609838373762 12.870833333333335 9.0999842226063219 11.576149430677996 1.5000000000000002 1.5000000000000002 8.4552367458671185 18.500000000000004 20.500000000000004 11.500000000000002 -0.23298089659185817 -0.20087517160411791 -0.28934063992376752 2.5000000000000004 -0.20899173069157134 -0.13435603505593771 -0.15200790376124682 -0.22027280004219904 5.6428937444573917
decision_type=10 10 2 10 2 2 8 8 8 10 8 8 8 10 10 2 2 10 2 2 2 10 10 10 2 10 8 10 10 10
left_child=6 -2 14 -4 -5 12 8 21 9 15 -10 20 -6 -14 17 16 -1 29 -17 -20 -12 23 25 24 -8 28 27 -11 -23 -3
right_child=1 2 3 4 5 -7 7 -9 10 26 11 -13 13 -15 -16 18 -18 -19 19 -21 -22 22 -24 -25 -26 -27 -28 -29 -30 -31
leaf_value=-0.00019991188791210676 0.019103280963248186 0.0017363498167028411 -0.0077716869001277474 0.023636472510647238 0.0047732924006135928 0.019456729695738924 -0.00019991188791210676 -0.00019991188791210676 0.0062518568398355432 -0.011038645031696083 -0.016536690366268092 -0.00019991188791210676 0.002176978916433348 -0.022936280525979121 -0.014613881483752046 -0.00019991188791210676 -0.022251676735859528 0.0073082503804463329 -0.014690670196271658 -0.00019991188791210676 -0.0016394387005287663 -0.0045763041111698058 0.0075299534345048304 0.016400299084945363 0.012539221811761729 -0.010382715692747778 -0.018382981260111425 -0.00019991188791210676 0.0085822141044701629 -0.008811059690618071
leaf_weight=36.955961767584085 21.891609957441688 16.557866606861353 21.393674995750189 23.875672915950418 19.011093620210886 27.922453952021897 38.416270630434155 1564.6202729805373 33.918623866513371 112.17189397476614 26.903283557854593 355.17915294365957 14.275588429067286 13.967064745724199 20.562248010188341 160.82078542746603 13.634190579876302 15.464946560561655 13.002154923044147 11.909680054523049 10.520849118474869 20.358330590650436 107.08008611761034 36.192178463563323 15.376760540530084 12.084012635983525 18.065414361655712 15.602978881448506 12.544338295236232 23.338233673945069
leaf_count=309 87 70 107 57 46 93 236 10403 97 753 205 2984 64 39 45 1375 120 34 151 108 104 72 583 219 124 57 72 67 59 82
internal_value=0.000158106 0.00410713 0.0020025 0.00669214 0.0100394 0.00451635 -0.000178661 0.000679344 -0.00208791 -0.00510729 -0.000199912 -0.000742283 -0.00532898 -0.0118243 -0.00539101 -0.00170404 -0.0072092 -0.00103867 -0.000199912 -0.00793805 -0.0130355 0.00625186 0.00410656 0.00947021 0.0038094 -0.000199912 -0.0103827 -0.00860193 0.000910802 -0.00472776
internal_weight=2833.62 218.26 196.369 120.446 99.0519 75.1762 2615.36 1806.67 808.685 382.163 426.522 392.603 47.2537 28.2427 75.9233 236.323 50.5902 55.361 185.733 24.9118 37.4241 242.052 152.067 89.9852 53.793 44.9867 145.84 127.775 32.9027 39.8961
internal_count=18822 724 637 406 299 242 18098 11753 6345 2955 3390 3293 149 103 231 2063 429 186 1634 259 309 1350 771 579 360 188 892 820 131 152
is_linear=0
shrinkage=0.03


Tree=183
num_leaves=31
num_cat=0
split_feature=0 1 8 5 8 1 5 8 4 1 8 1 0 8 0 1 8 8 8 0 8 8 8 0 8 0 8 8 8 8
split_gain=8.88542 5.94485 5.11309 7.59333 10.7803 8.20643 6.4456 6.43325 5.80067 15.6123 7.31164 6.9506 8.26158 6.8459 6.60337 3.33652 3.22971 8.63834 6.24755 2.87968 2.74169 2.58777 8.12488 6.66759 2.42686 6.37152 4.85862 2.96384 2.32077 8.55742
threshold=2234.0129687500007 365.50000000000006 5.0251581615581147 4.741666666666668 15.154108648399317 2.5000000000000004 16.716666666666672 4.3865985131140901 inf 1.0000000180025095e-35 -0.077894202850768146 4.5000000000000009 562.04461805555559 -0.079587637321171648 1.0000000180025095e-35 5.5000000000000009 -0.079587637321171648 1.582065973823646 -0.11411794551316443 844.38105902777795 3.5826916815289569 -0.10842981746940834 -0.24247297771058599 120.09933449074076 -0.10976661887118579 284.73871527777789 -0.11411794551316443 -0.10306521699421792 -0.18938190522674614 -0.23298089659185817
decision_type=2 2 10 8 10 2 10 10 8 2 8 2 2 10 2 2 8 10 8 2 10 8 10 2 10 2 8 10 10 10
left_child=1 2 7 -4 5 19 -7 8 20 10 13 16 -13 24 -12 -8 18 -18 28 -5 21 22 -1 -24 26 27 -10 -26 29 -11
right_child=-2 -3 3 4 -6 6 15 -9 9 11 14 12 -14 -15 -16 -17 17 -19 -20 -21 -22 -23 23 -25 25 -27 -28 -29 -30 -31
leaf_value=-0.0015799693377783826 -0.014015047858412143 -0.014015047858412143 0.019142821343718624 0.0037108978085097395 -0.012486950527520007 0.019142821343718624 0.012148215881912054 -0.01398603785426079 0.0033146740151486546 0.015299867032874222 0.001986923229003811 0.019945099717374286 -0.0015799693377783826 0.021554681987054361 -0.0015799693377783826 -0.0051225016433667876 0.025480718497533666 0.0010334453500592824 -0.0015799693377783826 -0.00980852828248646 -0.011550362351782816 -0.0015799693377783826 -0.0015799693377783826 -0.014015047858412143 -0.0015799693377783826 -0.0015799693377783826 0.017396333186079162 0.01680298630621347 0.019130551492261519 -0.0015799693377783826
leaf_weight=296.11676576128229 33.587401241064072 16.294154661009088 25.813857336528599 27.59845020249486 28.711501784622669 31.901131866499782 13.038079917430879 23.179338002577424 237.80841739289463 36.933459848165512 546.60246068611741 11.599647126626225 12.107505112886427 14.244594812393187 678.55556179024279 18.354975156486034 38.218277756124735 19.23379373550415 8.7213898766785842 20.567066609859467 19.947549318894744 441.25951265101321 26.080563958734274 85.201681581325829 7.6946494504809406 91.929148430004716 19.921532411128283 20.435446329414845 22.171275472268462 15.641360123641787
leaf_count=2523 51 123 60 109 49 82 45 88 1217 255 4171 87 14 22 4865 73 174 64 26 32 105 3447 259 409 81 214 68 132 100 67
internal_value=0.00028555 0.000477936 0.000595767 0.00562545 0.00256252 0.00680886 0.0135116 0.000273592 0.0004244 0.00140318 0.000493419 0.0100622 -0.00157997 0.00403201 -0.000650667 0.00273389 0.0125804 0.0180343 0.00801928 -0.00244154 -0.00157997 -0.00157997 -0.0040017 -0.0107338 0.00309839 -0.000418537 0.00471349 0.0117825 0.0115687 0.00699542
internal_weight=2889.47 2855.88 2839.59 165.985 140.171 111.46 63.2942 2673.6 2650.42 1781.82 1617.19 164.627 23.7072 392.034 1225.16 31.3931 140.92 57.4521 83.4675 48.1655 868.606 848.659 407.399 111.282 377.789 120.059 257.73 28.1301 74.7461 52.5748
internal_count=19012 18961 18838 450 390 341 200 18388 18300 11557 10770 787 101 1734 9036 118 686 238 448 141 6743 6638 3191 668 1712 427 1285 213 422 322
is_linear=0
shrinkage=0.03


Tree=184
num_leaves=31
num_cat=0
split_feature=7 1 1 5 0 1 0 8 8 8 8 8 5 0 8 8 0 8 8 8 8 8 1 0 8 0 8 8 4 1
split_gain=4.31355 3.0463 4.35151 6.70639 3.40842 3.0421 7.03013 3.0119 9.39473 6.21224 3.25367 5.2773 4.38779 5.30016 3.3801 4.57134 6.75012 4.95852 3.47878 3.79246 5.43816 8.38095 3.35978 3.20156 3.0729 3.92566 6.83929 2.83816 8.6638 9.79065
threshold=1.0000000180025095e-35 516.00000000000011 33.500000000000007 24234.529166666671 2234.0129687500007 49.500000000000007 149.05817129629634 -0.098112905730255662 -0.089272192474319043 -0.12124962325534258 4.1721371262788347 3.4579942093215115 4.741666666666668 142.82523726851855 3.0759547462939927 0.76010615342734078 844.38105902777795 -0.082682446638312826 -0.076894660562742842 0.49701157355560116 -0.049338372682085012 -0.0634949437658444 1.5000000000000002 270.30549768518523 5.8775027652492442 1143.929039351852 11.576149430677996 -0.20087517160411791 0.0975235343658859 1.0000000180025095e-35
decision_type=2 2 2 8 2 2 2 10 10 10 10 10 8 2 10 10 2 10 10 10 10 10 2 2 10 2 10 10 8 2
left_child=1 2 4 5 7 -4 -7 9 -9 27 11 14 -12 -14 15 16 17 -10 -19 20 21 -20 -17 -11 -15 26 -26 -1 -29 -30
right_child=-2 -3 3 -5 -6 6 -8 8 10 23 12 -13 13 24 -16 22 -18 18 19 -21 -22 -23 -24 -25 25 -27 -28 28 29 -31
leaf_value=-1.3781632748335892e-06 0.013720993475559284 -0.010998696213627354 0.013720993475559284 -0.010954743774456701 -0.0083185438133625469 0.013720993475559284 -0.0070216578412043386 0.013720993475559284 0.013720993475559284 0.0015842047375728696 0.0090184873843700032 0.013720993475559284 0.0090184873843700032 -0.0083185438133625469 -0.0083185438133625469 0.013720993475559284 -0.0034763482470606213 -0.0034763482470606213 0.012391065176604456 -0.0034763482470606213 0.013720993475559284 -0.0034763482470606213 0.004133555093797316 -0.0083185438133625469 0.0079590050528220539 -0.0083185438133625469 -0.0083185438133625469 -0.0083185438133625469 0.0016583900858929922 0.013720993475559284
leaf_weight=1612.3056687901262 17.984133376681712 15.024763626512138 26.5839878837578 11.095630998956038 33.584890797734261 21.462274031713605 21.889590344391763 47.334649339318275 23.269090306013823 30.007766274735332 22.583779411390424 22.541904851794243 17.608730608597398 33.587788827251643 18.273075035773218 25.923658037558198 179.88849117793143 16.150592248886824 32.588161908090115 20.705894243903458 30.154431672301143 32.610885871574283 108.71070321067236 73.235557418316603 48.730751870200038 25.144627846777439 29.292660818435252 34.998952528461814 149.17820318043232 52.980912139639258
leaf_count=13216 257 114 162 81 55 193 86 134 86 287 55 106 144 85 76 59 388 68 124 134 208 101 923 186 130 48 63 185 753 284
internal_value=0.000773521 0.000666715 0.000748735 0.00739281 0.000537707 0.0108404 0.00428954 0.000663609 0.00229333 4.58077e-05 0.00134851 0.00255741 -0.00211573 -0.00397653 0.00181059 0.00234349 0.000437717 0.00493349 0.00233237 0.00456133 0.00713252 0.00167174 0.00690503 -0.00694028 -0.006027 -0.00234794 0.00133378 0.000453455 0.0034818 0.00589707
internal_weight=2835.43 2817.45 2802.42 81.0315 2721.39 69.9359 43.3519 2687.81 735.1 1952.71 687.765 510.817 176.948 154.365 488.275 470.002 335.368 155.479 132.21 116.059 95.3535 65.199 134.634 103.243 136.756 103.168 78.0234 1849.46 237.158 202.159
internal_count=18791 18534 18420 522 17898 441 279 17843 2932 14911 2798 2273 525 470 2167 2091 1109 721 635 567 433 225 982 473 326 241 193 14438 1222 1037
is_linear=0
shrinkage=0.03


Tree=185
num_leaves=31
num_cat=0
split_feature=0 1 8 1 5 8 1 0 1 8 0 4 8 8 1 8 0 3 5 0 8 0 8 0 1 8 8 5 1 0
split_gain=10.9739 6.02968 4.06776 10.257 8.74838 9.84489 13.2583 8.70656 5.48882 5.16938 11.5852 8.53405 5.2409 5.04413 5.98748 6.07822 5.07478 6.22524 4.91737 4.83662 5.12436 5.7885 5.38454 7.82125 3.83163 3.3231 3.43284 3.27242 3.42919 5.06286
threshold=2234.0129687500007 4447.0000000000009 3.4579942093215115 1.5000000000000002 4.8583333333333334 10.275374294413295 6.5000000000000009 940.72428240740749 3.5000000000000004 -0.061840684483087792 29.68961226851852 0.99999995961538468 -0.14129821556612357 3.0759547462939927 15.500000000000002 -0.05842411369543999 940.72428240740749 0.93904836641015266 10.162500000000001 161.38208912037041 -0.098112905730255662 1238.2568344907411 -0.089272192474319043 844.38105902777795 1.0000000180025095e-35 -0.15605973863827866 -0.20899173069157134 0.41250000000000003 1.5000000000000002 2.9292881944444447
decision_type=2 2 10 2 10 10 2 2 2 8 2 8 10 8 2 10 2 8 8 2 10 2 10 2 2 10 10 10 2 2
left_child=1 2 9 7 -5 6 8 -4 -6 11 24 -1 25 14 15 -12 17 -15 -16 -14 -21 22 -22 -24 -11 26 -13 28 -26 -30
right_child=-2 -3 3 4 5 -7 -8 -9 -10 10 13 12 19 16 18 -17 -18 -19 -20 20 21 -23 23 -25 27 -27 -28 -29 29 -31
leaf_value=-0.0017423944685387479 -0.015411780401192923 -0.015411780401192923 0.004143791569736815 0.013915046197225512 -0.0059069206809112401 -0.012791017828534861 -0.0065912411658337628 -0.015411780401192923 0.013915046197225512 0.00076587632030243353 -0.015411780401192923 0.008427493666120809 0.010671246314950596 -0.015411780401192923 0.00076587632030243353 0.00076587632030243353 -0.015411780401192923 -0.0037787894944512476 -0.013412703379937031 -0.0017423944685387479 0.010671246314950596 -0.0017423944685387479 0.0090891158634281433 -0.0017423944685387479 0.0031461062615851481 0.014246431577427509 0.00039649027042163446 0.00076587632030243353 0.018363227594751654 0.00076587632030243353
leaf_weight=415.80459784902632 36.771794661879539 10.435708678094668 25.886440915986896 84.984800704289228 13.453066999092696 28.007882321253419 33.958250123076141 20.298884902149439 20.002400349825621 774.89031174592674 14.598485484719275 116.81091119069606 39.306264951825142 30.30661241337657 13.030288923066108 221.76964942878112 28.945776760578156 228.72706423699856 53.718327736016363 125.91327098757029 34.019441559910774 28.3557601980865 73.228554617613554 38.515542164444923 76.486264522070996 45.152207512408495 79.79679620359093 79.111354549881071 38.874794740753714 16.438493316993117
leaf_count=3090 57 75 91 235 59 71 172 32 65 6443 48 696 364 193 77 869 66 2059 290 405 82 78 251 55 667 196 463 948 493 218
internal_value=-0.000148192 7.85006e-05 0.000183062 0.0039914 0.0072029 0.000829715 0.00698108 -0.00803138 0.013915 -0.000159305 -0.00122692 0.00152714 0.00386156 -0.00452896 -0.00178163 0.000511911 -0.00734094 -0.00571252 -0.00937312 0.00141891 5.17384e-05 0.00385351 0.00673461 0.0025226 0.000765876 0.0071919 0.00525864 0.00476404 0.00760548 0.0129998
internal_weight=2847.6 2810.83 2800.39 226.592 180.406 95.4216 67.4137 46.1853 33.4555 2573.8 1576.9 996.903 581.099 591.096 303.117 236.368 287.979 259.034 66.7486 339.339 300.033 174.119 145.764 111.744 985.801 241.76 196.608 210.911 131.8 55.3133
internal_count=18908 18851 18776 725 602 367 296 123 124 18051 12371 5680 2590 3602 1284 917 2318 2252 367 1235 871 466 388 306 8769 1355 1159 2326 1378 711
is_linear=0
shrinkage=0.03


Tree=186
num_leaves=31
num_cat=0
split_feature=2 0 1 1 1 5 0 2 0 1 8 8 8 4 1 8 5 8 1 8 8 8 8 1 8 8 8 0 0 8
split_gain=5.23206 7.3718 10.4705 5.52133 4.305 5.51665 7.14882 5.3987 10.3276 4.05919 4.42408 3.78465 3.23721 3.08656 3.05194 2.77505 2.36406 5.82409 8.41406 7.77078 2.49385 7.29775 2.29907 2.16231 2.07804 2.04502 5.33313 4.39995 3.33512 5.80068
threshold=4.5000000000000009 8.4547511574074097 223.00000000000003 23.500000000000004 14.500000000000002 1.0000000180025095e-35 1048.9506712962964 1.5000000000000002 2.7096412037037041 5.5000000000000009 3.0759547462939927 4.5866911871889195 3.0759547462939927 0.18251450316835854 2.5000000000000004 2.2762625257613989 254.63333333333335 -0.096126352407304785 30.500000000000004 -0.24566234184904998 0.10947385941339509 -0.22354118250387747 -0.22639738596760769 57.500000000000007 -0.81565914765519631 -0.12512633077784138 -0.10976661887118579 1347.758697916667 940.72428240740749 6.5472912342668161
decision_type=2 2 2 2 2 10 2 2 2 2 8 10 8 8 2 8 8 8 2 10 8 10 10 2 8 10 10 2 2 10
left_child=3 -2 16 4 5 7 9 25 -9 14 22 12 15 -5 24 -10 17 19 -19 -3 21 -18 -11 -20 -7 27 -27 -1 29 -28
right_child=1 2 -4 13 -6 6 -8 8 11 10 -12 -13 -14 -15 -16 -17 20 18 23 -21 -22 -23 -24 -25 -26 26 28 -29 -30 -31
leaf_value=-0.00018722422691315439 0.016143751306471266 0.00065840658807802611 -0.016020077902312902 -0.024384865436872006 0.012803396801073147 -0.00018722422691315439 -0.013923272934586936 0.020816018353704072 0.0032483598692295956 -0.0044151475371593911 -0.00018722422691315439 0.012437937522427365 -0.00018722422691315439 -0.00045418692046116988 -0.00018722422691315439 0.019128418578136214 0.00065840658807802611 0.00065840658807802611 0.016143751306471266 0.016143751306471266 0.00065840658807802611 -0.019684716516994757 -0.013923272934586936 0.0027019336790133435 -0.0071744949632548899 0.0086109317886261909 0.0017995386972681708 -0.011222497872932514 -0.00018722422691315439 0.017140398043736942
leaf_weight=1441.8951716379961 33.092572651803493 25.027618949301541 21.469626204576343 8.3670982876792568 17.55646743113175 13.615722576156259 48.208476055413485 27.073100105393678 63.726734992582351 30.402641136199236 12.855459025129674 18.670934088528156 28.066633669659495 7.9170603193342677 150.89269312424585 7.517946505919098 34.027810358442366 52.18277629557997 17.369296218268577 22.96241083368659 65.480730392504483 16.304645888507366 24.219356473535299 13.115263675339518 89.577928978018463 78.85535042360425 241.58389758691192 33.065221060067415 198.92903532087803 19.64275966770947
leaf_count=11252 601 247 128 45 83 84 102 257 399 282 77 58 102 63 1093 36 270 294 78 78 441 65 176 72 766 332 904 58 421 53
internal_value=6.8673e-05 0.00377641 0.0019812 -0.00037338 -0.000245706 -0.000361388 -0.00372131 0.000221328 0.00571096 -0.00200208 -0.00826475 0.00153946 -0.000187224 -0.0155901 -0.000211508 0.00606859 0.00383661 0.00652564 0.00145554 0.0142979 0.000658407 -0.00571359 -0.0122744 0.0153226 -0.00522611 -0.000187224 0.00165222 -0.000187224 0.00037999 0.00325333
internal_weight=2863.67 301.033 267.94 2562.64 2546.36 2528.8 369.772 2159.03 145.055 321.564 67.4775 117.982 99.3113 16.2842 254.086 71.2447 246.471 130.657 82.6673 47.99 115.813 50.3325 54.622 30.4846 103.194 2013.97 539.011 1474.96 460.156 261.227
internal_count=18917 2274 1673 16643 16535 16452 2580 13872 852 2478 535 595 537 108 1943 435 1545 769 444 325 776 335 458 150 850 13020 1710 11310 1378 957
is_linear=0
shrinkage=0.03


Tree=187
num_leaves=31
num_cat=0
split_feature=8 5 1 6 1 8 8 8 1 0 8 8 8 0 8 8 8 0 8 0 8 8 3 8 0 8 0 8 1 8
split_gain=6.92983 10.4096 5.18211 4.69073 2.46925 11.8927 8.19495 7.78811 10.0061 7.58335 7.47198 8.8559 6.59669 7.36195 5.84962 5.49687 7.55946 5.37245 5.30192 5.10322 4.83926 5.8319 3.59341 5.99749 4.42583 4.26534 4.64675 6.82882 8.93092 3.50526
threshold=10.275374294413295 4.8583333333333334 4447.0000000000009 0.0040405524537173087 2.5000000000000004 4.7674795406178676 6.2480140321346562 -0.027799858695191502 1.5000000000000002 1103.3390335648148 -0.05395565565866154 -0.045192719191163966 -0.076894660562742842 940.72428240740749 -0.06560943739585319 -0.10976661887118579 -0.11899143375444515 940.72428240740749 -0.036132866321819369 2234.0129687500007 -0.12656766823670626 -0.13032254349676956 0.99909747292418782 -0.31618295127277313 293.91310763888896 -0.23863893236924633 65.176186342592601 -0.22027280004219904 1.0000000180025095e-35 3.1851417882256152
decision_type=10 10 2 10 2 10 8 10 2 2 10 10 10 2 10 10 10 2 10 2 10 10 10 8 2 8 2 10 2 10
left_child=2 -2 3 4 5 7 29 10 -9 -8 12 -12 15 -14 -15 16 19 -7 -13 20 21 22 23 24 -1 -25 -27 28 -28 -6
right_child=1 -3 -4 -5 6 17 9 8 -10 -11 11 18 13 14 -16 -17 -18 -19 -20 -21 -22 -23 -24 25 -26 26 27 -29 -30 -31
leaf_value=-0.0046535029115771873 0.017711380748226074 -0.0041909889923941379 -0.018031489457019899 0.011448587287884884 0.0011776321387763175 -0.005377378802953219 0.011448587287884884 0.011448587287884884 -0.0064523294634973947 -0.011863656092572825 -0.020910131503689654 0.0086272625858379148 0.011448587287884884 0.0067336923779231185 -0.012772145554833492 -0.0059766652079208324 0.011324046481452668 -0.027727058896338877 -0.0097990882760095061 -0.019228410719890517 -0.010479625471287078 0.011448587287884884 0.0039513362539915576 0.0039513362539915576 -0.019228410719890517 0.00027515525981150149 -0.0049841774341622871 0.00027515525981150149 -0.019228410719890517 -0.0057926091144898635
leaf_weight=50.413942804560065 43.305901813320816 30.10218590637669 9.2833684082142991 27.312793135060929 468.47975380299613 25.132080072537065 73.441771478392184 59.452986126765609 27.99076827056706 9.0463185757398588 29.950896911323071 22.668150147423148 72.644648032262921 24.284142643213272 21.569623179733753 155.50516865029931 45.029631391167641 14.754232719540594 23.598016291856766 8.0137584507465345 36.464525897055864 18.522357411682606 153.82315938267857 46.776262549683452 9.8667277079075557 960.34517352096736 154.94819446094334 158.16564560774714 16.072388362139463 70.260505449958146
leaf_count=468 78 69 70 515 3357 108 630 152 143 16 98 68 215 56 53 543 188 22 49 12 157 82 1194 275 33 8099 1126 760 77 266
internal_value=0.000239303 0.00903544 -7.54543e-06 8.47569e-05 -4.8332e-05 -0.00053291 0.00160876 -0.000205224 0.00830975 0.0101251 -0.000595622 -0.00950985 -0.000220404 0.00648979 -0.00279548 -0.00067539 -0.000161841 -0.0158124 -0.000810166 -0.000516402 -0.000363585 -9.59278e-05 -0.000326757 -0.00081037 -0.0096898 -0.000375193 -0.00078374 -0.00383078 -0.00790565 0.000223692
internal_weight=2867.23 73.4081 2793.82 2784.53 2757.22 2135.99 621.228 2096.11 87.4438 82.4881 2008.66 76.2171 1932.45 118.498 45.8538 1813.95 1658.44 39.8863 46.2662 1613.41 1605.4 1568.93 1550.41 1396.59 60.2807 1336.31 1289.53 329.186 171.021 538.74
internal_count=18979 147 18832 18762 18247 13978 4269 13848 295 646 13553 215 13338 324 109 13014 12471 130 117 12283 12271 12114 12032 10838 501 10337 10062 1963 1203 3623
is_linear=0
shrinkage=0.03


Tree=188
num_leaves=31
num_cat=0
split_feature=8 0 4 8 1 8 0 8 8 8 0 1 0 4 2 1 8 0 8 8 8 5 0 8 2 2 8 8 8 8
split_gain=7.54268 6.15311 6.41238 6.08134 5.92041 3.4069 10.7951 7.62875 6.83314 13.2964 6.61897 6.62736 8.6548 5.29347 11.6741 4.5165 5.00115 6.38945 3.86738 5.94182 4.08061 3.17933 6.14619 10.5935 8.97767 4.51937 2.89784 2.78662 2.40684 2.18639
threshold=7.7812465438342988 1238.2568344907411 0.39012570969379051 11.576149430677996 3658.5000000000005 -0.05395565565866154 1758.9303414351855 -0.039088848192108873 -0.083880866328817763 -0.089272192474319043 940.72428240740749 1.0000000180025095e-35 742.56125000000009 0.99999995961538468 2.5000000000000004 3.5000000000000004 -0.27733397498163848 593.89294560185192 -0.036132866321819369 -0.03226654156120868 -1.0000000180025095e-35 1.0500000000000003 533.66143518518527 0.92867564137862479 5.5000000000000009 12.500000000000002 -0.073921777666113533 0.81693409210196033 1.9997980409956184 -0.13738082063161711
decision_type=10 2 8 10 2 8 2 8 10 10 2 2 2 8 2 2 10 2 8 8 8 8 2 10 2 2 10 8 10 8
left_child=4 2 3 -2 5 6 8 -7 9 13 11 12 -10 14 15 16 -1 29 -9 -20 -21 -22 25 -24 -25 -23 -12 -27 -29 -18
right_child=1 -3 -4 -5 -6 7 -8 18 10 -11 26 -13 -14 -15 -16 -17 17 -19 19 20 21 22 23 24 -26 27 -28 28 -30 -31
leaf_value=0.0010517957169596955 0.01350087159073198 -0.0042025837103717894 0.018874247842739004 -0.0042025837103717894 -0.01862651079895385 -0.011683002328132725 -0.013446413377843877 0.017190217025538065 0.013707243296990825 -0.013446413377843877 0.00031416816277240881 0.027129954086196246 0.00031416816277240881 0.0041735488021164445 0.0041735488021164445 -0.013446413377843877 0.0018832909931263803 -0.013446413377843877 -0.020095390910363789 0.010030941048941859 0.015126640214383955 0.00019578235350003575 -0.015998183879931367 0.00019578235350003575 -0.014020339123092323 -0.003223135764739881 -0.0076383644567346899 0.015126640214383955 0.0022381838507934339 -0.013062398518266306
leaf_weight=102.93245921377093 16.684125605970621 24.564955037087202 45.649974023923278 15.780994839966295 10.009772603865711 48.80733366496861 36.250071406364441 6.4291101172566414 67.078002102673054 24.939499195665121 33.049947254359722 17.41593524813652 18.415040001273155 413.00946346670389 182.47318019066006 38.060012860223651 41.299385208636522 21.247607596218586 8.5643933638930321 29.639993075281382 6.8202022181358188 1347.9858368592686 54.892919084057212 93.536698568612337 35.516269236803055 10.497863049153237 36.246553549543023 18.584581609815359 16.12890131783206 5.9142122734338036
leaf_count=867 61 41 101 47 79 160 70 21 244 97 55 33 30 2130 1404 307 341 45 23 53 42 11628 132 124 60 108 84 255 134 43
internal_value=0.00047148 0.00825915 0.0121951 0.00153782 0.00016353 0.00026689 0.00161331 -0.000568876 0.00222215 0.00107323 0.00757237 0.0122188 0.00785011 0.00182457 -0.000672166 -0.00546279 -0.0031673 -0.00915061 -0.000201059 -0.000322596 -0.000155897 -0.000377483 -0.000492122 -0.00556958 -0.000702496 0.000195782 0.000314168 0.00919634 0.0128851 -0.00106046
internal_weight=2828.43 102.68 78.1151 32.4651 2725.75 2715.74 1038.33 1677.4 1002.08 829.876 172.205 102.909 85.493 804.936 391.927 209.454 171.394 68.4612 1628.6 1622.17 1613.6 1583.96 1577.14 183.946 129.053 1393.2 69.2965 45.2113 34.7135 47.2136
internal_count=18819 250 209 108 18569 18490 5750 12740 5680 5234 446 307 274 5137 3007 1603 1296 429 12580 12559 12536 12483 12441 316 184 12125 139 497 389 384
is_linear=0
shrinkage=0.03


Tree=189
num_leaves=31
num_cat=0
split_feature=8 0 8 8 8 8 8 8 0 0 8 0 8 6 0 1 8 8 8 1 8 1 0 8 5 1 8 8 8 8
split_gain=16.7162 7.14747 5.95188 3.66359 2.45106 15.378 6.93099 9.54705 8.95204 6.70619 5.67898 4.47341 4.2635 5.91643 4.34936 4.07931 5.58247 6.09809 5.04893 20.1938 9.71303 9.60956 4.67144 3.74749 3.22998 3.97787 3.04436 3.7571 10.882 8.94542
threshold=11.576149430677996 2234.0129687500007 7.7812465438342988 7.2234608325877323 -0.0634949437658444 -0.039088848192108873 -0.099972245348957697 -0.14129821556612357 1292.1540972222226 450.13877893518526 -0.12512633077784138 199.87450231481483 -0.10976661887118579 1.0000000180025095e-35 248.73701967592595 7.5000000000000009 3.5826916815289569 2.8295970373917676 3.4579942093215115 3.5000000000000004 2.9626513442337257 2.5000000000000004 9.4828587962962985 5.6428937444573917 3.245833333333334 13.500000000000002 -0.094211819394037541 -0.079587637321171648 -0.075683053628122096 -0.070506521604648459
decision_type=10 2 10 10 10 10 10 10 2 2 10 2 10 8 2 2 10 10 10 2 10 2 2 10 8 2 10 10 10 10
left_child=1 2 3 4 6 9 7 -1 26 -6 11 -9 13 -12 -14 18 17 22 20 21 -7 23 -17 -20 -24 -26 -8 -28 -29 -30
right_child=-2 -3 -4 -5 5 15 8 10 -10 -11 12 -13 14 -15 -16 16 -18 -19 19 -21 -22 -23 24 -25 25 -27 27 28 29 -31
leaf_value=0.0001424231487532042 -0.016562521410134368 -0.013514447513109321 0.010116286410971162 -0.013514447513109321 0.0043639426088770625 0.0026449126208913545 0.017134927004787543 0.00090729591815227927 -0.0093540202485585811 -0.013514447513109321 -0.013514447513109321 -0.013514447513109321 0.0031158186389039868 0.0055485796033896088 -0.013514447513109321 0.011226374054054161 -0.013514447513109321 0.015585579093788767 0.013159515956623869 0.028136189663197173 -0.013514447513109321 -0.013514447513109321 0.0088425980002997621 -0.0045085577003522023 0.0039226456394506276 -0.010642762797342394 0.00084923197671772698 0.02403152120698894 -0.0093540202485585811 0.011046879057226115
leaf_weight=1795.0754748278414 54.586436048150063 32.479355797171593 43.299384518526495 10.622486054897307 16.908756408840418 147.18129105307162 22.38311281055212 18.836480394005775 28.575505256652832 78.992271643131971 11.779522864148019 55.606909679248929 14.861940413713453 64.133272644132376 26.215775549411774 13.147621362702919 32.334014022024348 13.658867397345601 22.40242737531662 25.597136043943465 19.996244439855218 15.714934214949606 8.4968149852938932 14.545738995075224 19.320806292351335 65.111157307983376 76.050946749746799 26.822404259815812 21.922711113467813 33.644519180059433
leaf_count=14522 115 53 123 31 71 790 73 162 88 219 49 156 115 290 82 235 160 81 90 92 65 44 57 51 197 462 225 62 69 85
internal_value=-0.000840017 -0.000501598 -0.000323222 -0.000509032 -0.000423596 -0.00232288 7.46865e-06 -0.000544302 0.00513258 -0.0127824 -0.00682344 -0.0130332 -0.00249982 0.00176296 -0.00971403 0.00032799 -0.00346642 -0.000295717 0.00270121 0.0087374 -0.00029616 -0.00231359 -0.00295018 0.00649563 -0.00542667 -0.00727676 0.00761199 0.00578363 0.0100292 0.00184436
internal_weight=2830.3 2775.72 2743.24 2699.94 2689.32 493.408 2195.91 1986.51 209.399 95.901 191.434 74.4434 116.991 75.9128 41.0777 397.507 152.069 119.735 245.438 78.2602 167.178 52.6631 106.076 36.9482 92.9288 84.432 180.824 158.441 82.3896 55.5672
internal_count=18914 18799 18746 18623 18592 2614 15978 15376 602 290 854 318 536 339 197 2324 1192 1032 1132 277 855 185 951 141 716 659 514 441 216 154
is_linear=0
shrinkage=0.03


Tree=190
num_leaves=31
num_cat=0
split_feature=8 8 8 0 1 5 1 8 8 8 6 8 8 8 0 1 8 0 4 0 3 8 3 8 8 8 1 1 0 1
split_gain=8.8838 8.30597 10.8258 8.24319 6.75392 5.66971 20.9578 4.39305 4.15827 4.40575 6.96897 6.79129 3.68413 3.47069 3.39541 9.19559 5.92542 9.68544 3.95393 4.68995 6.90019 5.04347 3.09233 2.46301 2.71814 2.01083 10.7345 2.62431 9.75424 2.42569
threshold=-0.10572100906289568 -0.094211819394037541 -0.086707670996480871 1758.9303414351855 121.50000000000001 4.741666666666668 13.500000000000002 -0.098112905730255662 -0.10976661887118579 -0.12512633077784138 1.0000000180025095e-35 -0.12656766823670626 1.4146579967887816 9.0999842226063219 1.0000000180025095e-35 1.0000000180025095e-35 -0.28934063992376752 293.91310763888896 0.99999995961538468 4.8333912037037043 0.095454545454545472 -1.0710377264579813 0.59980902714018158 -0.26745255284925956 -0.43133109281375359 8.4552367458671185 5.5000000000000009 13.500000000000002 1003.6055555555557 68.500000000000014
decision_type=10 10 10 2 2 8 2 10 10 10 8 10 8 10 2 2 10 2 8 2 10 10 10 10 10 10 2 2 2 2
left_child=3 7 -3 8 5 6 13 -2 9 11 -11 14 -6 -4 -1 16 17 -16 19 -17 23 22 -22 24 -21 27 -27 -7 29 -29
right_child=1 2 4 -5 12 25 -8 -9 -10 10 -12 -13 -14 -15 15 18 -18 -19 -20 20 21 -23 -24 -25 -26 26 -28 28 -30 -31
leaf_value=0.0017758322657966475 0.0054880702165141073 -0.011593923005477983 0.0030487196471519263 -0.01648480161237351 -0.021350209462435724 0.0030487196471519263 0.039741650759920491 0.024167729722894288 -0.01381850731415374 -0.010451114438203159 0.010745102814607192 -0.01648480161237351 0.00082480328290669626 0.017895556203318397 -0.0034923106783978134 0.0017758322657966475 0.0011893638170338144 -0.015791577099904183 0.0017758322657966475 -0.0087368126513332721 -0.0087368126513332721 0.0017758322657966475 0.0017758322657966475 -0.0029648381746475855 -0.01648480161237351 -0.012144690351315908 0.0030487196471519263 0.00078505907419831303 -0.01905243714094057 0.015728213852696751
leaf_weight=533.78363215178251 28.245686898007989 42.043600345030427 17.79804704990238 23.507727924734354 10.213125188834963 538.63582813483663 13.151685093063859 19.688189905136824 15.072299802675841 13.24331417120993 64.06242048740387 8.6382178384810668 11.46871572150849 12.745200034230949 421.69001851603389 174.05469274346251 173.57151135057211 62.82119769603014 117.20214635273442 36.990157317370176 13.380504061002283 210.45449762884527 22.981905002146959 46.669962865300477 31.8998579448089 45.094112831167877 24.661115111783147 66.497279499657452 18.409453727304935 6.5894585184287271
leaf_count=4097 126 139 100 35 66 2133 58 50 76 51 286 28 86 23 4168 1716 906 193 749 358 84 1690 203 300 250 114 63 590 27 68
internal_value=0.000640166 0.00318385 0.00241259 -0.000469381 0.00325237 0.00376232 0.0137058 0.0147186 -0.000234225 -9.28116e-05 0.00669965 -0.000393271 -0.0116641 0.00304872 -0.000231084 -0.00105141 -0.00354217 -0.00523203 0.00146415 -0.000816416 -0.00285405 1.90603e-05 -0.00873681 -0.00873681 -0.0121818 0.00304872 -0.00193431 0.00304872 -0.00215134 0.00304872
internal_weight=2825.27 855.241 807.308 1970.02 765.264 743.582 43.6949 47.9339 1946.52 1931.44 77.3057 1854.14 21.6818 30.5432 1845.5 1311.72 658.083 484.511 653.634 536.432 362.377 246.817 36.3624 115.56 68.89 699.887 69.7552 630.132 91.4962 73.0867
internal_count=18833 3643 3467 15190 3328 3176 181 176 15155 15079 337 14742 152 123 14714 10617 5267 4361 5350 4601 2885 1977 287 908 608 2995 177 2818 685 658
is_linear=0
shrinkage=0.03


Tree=191
num_leaves=8
num_cat=0
split_feature=7 1 5 0 1 5 5
split_gain=7.82868 4.8012 3.98176 6.19561 14.2418 2.90919 0.155908
threshold=1.0000000180025095e-35 4447.0000000000009 1.4083333333333334 1588.6313946759262 1.0000000180025095e-35 31.733333333333338 2.0041666666666669
decision_type=2 2 8 2 2 10 10
left_child=1 2 -1 6 -5 -2 -4
right_child=5 -3 3 4 -6 -7 -8
leaf_value=0.012294909260012933 0.022501596617692115 -0.018066797001411044 -0.00020939075599313745 -0.018073209502743805 -0.00046788324053554769 -0.00046788324053554769 -0.00046788324053554769
leaf_weight=16.141057133441791 12.979690046980979 9.3787423328030837 2111.3666477252264 55.221876807510853 68.716927979141474 3.5029970655450589 569.40421524900012
leaf_count=97 182 72 14106 137 83 92 4137
internal_value=-0.000635075 -0.000770688 -0.000681317 -0.000777741 -0.00720186 0.0174105 -0.000467883
internal_weight=2846.71 2830.23 2820.85 2804.71 123.939 16.4827 2680.77
internal_count=18906 18632 18560 18463 220 274 18243
is_linear=0
shrinkage=0.03


Tree=192
num_leaves=31
num_cat=0
split_feature=8 0 8 8 4 8 7 8 8 4 0 5 8 8 8 8 8 8 0 8 8 8 8 8 8 8 2 0 8 8
split_gain=5.03936 10.942 9.15376 4.96258 9.87295 6.81513 5.52366 3.8247 8.99863 3.75381 7.06622 13.5942 3.45189 3.29957 3.19615 4.7063 3.09939 3.00673 13.7308 10.5801 9.30615 3.29223 5.52684 3.00823 2.84495 2.81415 4.29031 9.99584 6.79315 4.96871
threshold=-0.12512633077784138 1347.758697916667 -0.12798340198523966 -0.082682446638312826 0.19148912655910386 -0.079587637321171648 1.0000000180025095e-35 -0.10306521699421792 -0.10976661887118579 0.99999995961538468 489.53263888888893 4558.9416666666675 -0.077894202850768146 -0.13032254349676956 -0.16363511832720443 -0.16708457842597305 -0.094211819394037541 -0.027799858695191502 1048.9506712962964 -0.06560943739585319 -1.0000000180025095e-35 -0.06560943739585319 -0.061840684483087792 -0.05180712410923604 -0.086707670996480871 0.17628365289956047 3.5000000000000004 2234.0129687500007 13.113039290425727 3.7733712206366348
decision_type=8 2 10 8 8 8 2 10 10 8 2 8 8 10 10 8 10 8 2 10 8 10 10 10 10 8 2 2 8 8
left_child=1 2 9 4 -2 -5 12 8 -6 10 -1 -12 -7 14 15 -11 -9 18 21 -20 -19 -14 -23 -24 -18 -22 27 29 -28 -27
right_child=3 -3 -4 5 7 6 -8 16 -10 13 11 -13 17 -15 -16 -17 24 20 19 -21 25 22 23 -25 -26 26 28 -29 -30 -31
leaf_value=-0.0010355220944568526 -0.015696036376245566 -0.019911821196773618 -0.019911821196773618 -0.017037700222623815 0.0071556067853854981 0.012689327493681454 0.01934255466561809 0.017175798984223209 -0.011956138618930129 0.0021632862698611251 -0.0010355220944568526 -0.019911821196773618 0.002290595028623903 0.014569143226200192 -0.0010355220944568526 0.020817402994209887 0.00082710049465216503 0.01934255466561809 0.002290595028623903 -0.019206206592051737 -0.011814716788619794 0.019339538640995278 0.002290595028623903 0.011179169632174933 0.012595367183145514 0.0058038181179101258 0.0015428057754405344 -0.022800675483485074 0.014408307954396035 -0.00053531330637985729
leaf_weight=309.30833192775026 14.934038011357186 25.574696242809296 13.92236499302089 15.6638269983232 80.243717284873128 14.552127730101347 8.5887699641170894 35.901935520581901 25.090641387738287 165.7084317789413 30.836632801219821 23.924951411783695 43.602479372173548 11.975340433418749 86.001535972580314 8.3185265064239484 42.928968133404851 12.453173488378525 29.395295768976212 57.014980893582106 12.32912755943835 22.67644476890564 29.328822331503034 29.803720191121101 28.519393492490053 116.51194092305377 192.5654003941454 12.51884666085243 41.171857902780175 1316.862466965802
leaf_count=2820 55 45 58 47 343 26 196 132 128 1004 72 54 146 57 423 38 123 23 70 169 95 44 89 80 80 603 1360 15 343 10264
internal_value=-0.000107926 -0.00236228 -0.00152505 0.000593639 0.00473596 0.000100512 0.00028239 0.00649819 0.00226768 -0.000902382 -0.00287768 -0.0123255 0.000147862 0.00174572 0.000891429 0.00361146 0.0103636 1.98447e-05 -0.00330823 -0.0121681 0.000441919 0.0030288 0.00822805 0.00279139 0.00604109 0.00021421 0.000337311 -0.000276946 0.00406331 -1.65281e-06
internal_weight=2858.23 675.571 649.996 2182.66 227.619 1955.04 1939.38 212.685 105.334 636.074 364.07 54.7616 1930.79 272.004 260.028 174.027 107.35 1916.23 211.822 86.4103 1704.41 125.411 81.809 59.1325 71.4484 1691.96 1679.63 1445.89 233.737 1433.37
internal_count=19002 4571 4526 14431 861 13570 13523 806 471 4468 2946 126 13327 1522 1465 1042 335 13301 598 239 12703 359 213 169 203 12680 12585 10882 1703 10867
is_linear=0
shrinkage=0.03


Tree=193
num_leaves=31
num_cat=0
split_feature=7 2 8 0 8 4 3 8 8 2 0 5 8 8 8 8 0 5 0 0 8 8 8 0 3 8 8 8 0 8
split_gain=4.69094 4.57626 6.54722 7.30822 11.684 6.48114 10.6162 8.80776 6.95633 6.16972 14.0858 7.79157 5.60552 5.41955 7.44491 4.80787 9.10835 4.01436 21.2233 3.62577 3.33547 3.16471 4.85429 3.88886 2.99902 2.8222 2.80732 12.6276 8.28239 14.4343
threshold=1.0000000180025095e-35 3.5000000000000004 -0.03226654156120868 1758.9303414351855 -0.042572471411883264 inf 0.66546329723225039 -0.43133109281375359 -0.19889369214173561 17.500000000000004 512.28103009259269 1.4083333333333334 -0.24247297771058599 15.154108648399317 13.113039290425727 0.81693409210196033 29.68961226851852 85.754166666666677 562.04461805555559 43.834936342592599 0.3433756774523446 0.99015368604283005 1.1306764390794029 231.98813078703708 0.48875222527917145 -0.05842411369543999 3.4579942093215115 4.0015567420314797 1238.2568344907411 6.2480140321346562
decision_type=2 2 8 2 10 8 10 10 10 2 2 8 10 10 8 8 2 8 2 2 8 8 8 2 10 8 8 8 2 10
left_child=1 2 3 4 5 6 7 -1 12 11 15 -3 19 14 17 16 -11 -13 -19 -7 -4 23 -23 -22 -9 -10 -24 -28 29 -29
right_child=-2 9 20 -5 -6 8 -8 24 25 10 -12 13 -14 -15 -16 -17 -18 18 -20 -21 21 22 26 -25 -26 -27 27 28 -30 -31
leaf_value=-0.00030105215616794338 0.014110321528765929 0.014110321528765929 0.0089559838256100411 -0.014442135075555433 -0.014442135075555433 0.013529473443572812 0.00049751893428484108 -0.014442135075555433 -0.0018541662300439834 0.014110321528765929 -0.024442328051852709 0.0065487505385102987 0.014110321528765929 -0.012998369908595533 0.014110321528765929 0.010730489542305884 -0.016646423021333019 0.0062946367339088488 -0.01723890395339283 0.00049751893428484108 0.0021649299664220538 0.014110321528765929 -0.0053352837044657337 -0.019214575731461892 -0.0034126025438835418 0.0054437610430367479 0.014110321528765929 -0.00010326769974518043 -0.012602468043883258 0.012839952359980068
leaf_weight=70.254772374406457 15.957684010558294 8.4165646294131857 37.025379629805684 39.451288320124149 21.011405417695642 14.741139788180588 101.14968257118016 103.8363224286586 451.14944642782211 8.103844942525031 18.173048792872578 123.0537158541847 41.303193612024188 12.699274107813833 18.876077132998034 29.277749612694606 17.420542603125796 113.16103357612155 43.711143590509892 42.087615652009845 12.772883385419851 10.354810412973164 68.179340581409633 11.244023701176046 26.955053083598614 48.399067629128695 15.025699034333227 1228.8400789340958 38.436530351638794 77.762384653091431
leaf_count=588 263 25 92 98 59 114 701 686 1837 113 61 785 217 18 249 287 120 1096 71 264 82 75 376 29 196 148 52 9950 80 187
internal_value=-3.11552e-05 -0.000134805 -0.000616469 -0.00254385 -0.00195889 -0.00131874 -0.00486055 -0.00894597 0.000497519 0.00285084 -0.00479011 0.00464068 0.00828967 0.00327703 0.00417129 0.00322553 -0.00573061 0.00260645 -0.000592727 0.00169221 0.000622139 0.000381379 0.000577282 -0.00943054 -0.0134075 0.000497519 0.000391388 0.000696953 0.000287282 0.000713058
internal_weight=2868.83 2852.87 2459.98 960.339 920.888 899.876 302.196 201.046 597.68 392.893 72.9752 319.918 98.1319 311.501 298.802 54.8021 25.5244 279.926 156.872 56.8288 1499.64 1462.62 1438.6 24.0169 130.791 499.549 1428.24 1360.06 1345.04 1306.6
internal_count=18919 18656 15831 4908 4810 4751 2171 1470 2580 2825 581 2244 595 2219 2201 520 233 1952 1167 378 10923 10831 10720 111 882 1985 10645 10269 10217 10137
is_linear=0
shrinkage=0.03


Tree=194
num_leaves=23
num_cat=0
split_feature=6 1 0 0 8 1 4 1 0 8 8 5 8 8 8 8 8 5 8 8 1 8
split_gain=3.72401 3.76792 7.07031 3.53917 2.97676 1.8223 1.51538 6.21828 8.84605 5.82726 4.17998 3.09142 1.41361 2.79489 0.842249 0.636275 2.24761 0.925942 0.289485 3.22555 0.0869876 0.000116664
threshold=0.0022290392584983459 41.500000000000007 29.68961226851852 1143.929039351852 2.3361697878337524 79.500000000000014 inf 2.5000000000000004 101.43821180555557 -0.082682446638312826 -0.31883986381802182 2.0041666666666669 -0.12656766823670626 2.2762625257613989 8.4552367458671185 -0.55430595281611306 -0.70710678118654724 868.19583333333355 -0.12903975949564242 -0.19173865103933127 79.500000000000014 4.5866911871889195
decision_type=10 2 2 2 10 2 8 2 2 10 8 10 10 8 10 8 10 10 8 10 2 10
left_child=1 6 20 12 5 -4 7 8 -1 10 -10 13 -2 -11 -15 16 17 -9 19 -12 -3 -6
right_child=3 2 4 -5 21 -7 -8 15 9 11 18 -13 -14 14 -16 -17 -18 -19 -20 -21 -22 -23
leaf_value=0.00010454072775219657 0.010046256124774227 0.0025421912878562268 -0.0058468162735155812 0.00042027478725523214 -0.00042125517953508568 -0.020156819577285386 0.00042027478725523214 0.00042027478725523214 0.00010454072775219657 0.0068002262254998232 -0.019122565251890114 -0.01227043360214472 0.02157133719720648 -0.0074627062907230927 0.00010454072775219657 0.00042027478725523214 -0.011845012538924985 -0.0073193915792817647 -0.022064215163003473 -0.0025158266619069872 0.010046256124774227 -0.00013557566483925475
leaf_weight=233.09631750173867 12.663879650819593 5.3853535933885697 19.569615257903934 3.948224112391471 9.1615642122924346 21.693282234016806 1805.0836030659266 34.100439082831144 10.601181603968142 26.715815665200353 22.866678744554516 20.916345003992319 13.651351570966652 27.419603284448385 16.562304183840752 480.98727604933083 15.858239336404948 8.9912359397858364 24.318148827180266 19.698748895898465 8.7918645860627276 9.1075422894209606
leaf_count=2013 308 84 96 6 52 133 11634 315 60 58 126 74 216 97 36 3166 188 94 119 100 65 48
internal_value=0.000357133 0.000235595 -0.00623705 0.0100463 -0.0106859 -0.0147355 0.000420275 -0.000780103 -0.00371465 -0.00883107 -0.014649 -0.00340694 0.014776 -0.000147346 -0.00463086 0.000420275 -0.00376093 0.000136305 -0.0172766 -0.0125095 0.0100463 -0.000338572
internal_weight=2851.19 2820.93 73.7092 30.2635 59.532 41.2629 2747.22 942.132 402.195 169.099 77.4848 91.6141 26.3152 70.6977 43.9819 539.937 58.9499 43.0917 66.8836 42.5654 14.1772 18.2691
internal_count=19088 18558 478 530 329 229 18080 6446 2683 670 405 265 524 191 133 3763 597 409 345 226 149 100
is_linear=0
shrinkage=0.03


Tree=195
num_leaves=31
num_cat=0
split_feature=8 8 5 0 1 2 8 8 8 8 0 8 8 0 8 8 1 1 2 1 1 0 8 1 0 8 1 1 8 0
split_gain=5.16005 8.04684 12.5362 4.61379 3.66665 4.48552 6.11752 6.07928 10.8174 6.98855 5.92551 5.53952 8.98269 6.1441 5.52515 6.48834 4.78891 4.44478 3.89214 4.78427 11.2001 3.63863 6.06492 3.57738 4.0597 3.53624 3.48167 11.4512 9.10426 3.4553
threshold=3.4579942093215115 4.0015567420314797 9975.0458333333354 1143.929039351852 4447.0000000000009 2.5000000000000004 2.6162113340461972 -0.027799858695191502 -0.03226654156120868 1.3874883846247803 6.2178761574074084 -0.06560943739585319 -0.10842981746940834 1588.6313946759262 2.6162113340461972 3.0759547462939927 1.5000000000000002 3.5000000000000004 3.5000000000000004 77.500000000000014 35.500000000000007 311.3555844907408 -0.22941573387056174 8.5000000000000018 489.53263888888893 0.70710678118654779 6.5000000000000009 16.500000000000004 6.9435779072769845 703.59190972222234
decision_type=10 10 8 2 2 2 10 10 10 10 2 8 10 2 10 10 2 2 2 2 2 2 10 2 2 8 2 2 10 2
left_child=4 -2 26 -4 5 6 7 8 17 16 -7 12 13 23 18 -16 -9 -1 -13 20 29 22 -19 -12 -25 -18 28 -28 -3 -20
right_child=1 2 3 -5 -6 10 -8 9 -10 -11 11 14 -14 -15 15 -17 25 21 19 -21 -22 -23 -24 24 -26 -27 27 -29 -30 -31
leaf_value=-0.00037080223559663339 0.019558517842540958 0.028615792710377029 -0.0011134192778032392 -0.015203567940382134 -0.016256124084319062 0.011107724932859865 -0.016927154260369084 0.022918271681234614 -0.024274171983961625 -0.0033296685215261673 0.0064009231233291336 -0.01568917643283339 0.011107724932859865 -0.019143614717042973 0.011107724932859865 -0.0094312094116302883 0.015551973457429008 -0.0083131775989610506 -0.0017441191604287392 -0.0161027667382855 0.011107724932859865 -0.018145143329556603 0.016770520869983433 0.0021902591186759943 -0.01216922953261846 -0.0037678770818943765 -0.0011134192778032392 0.017495579259615382 0.0046730160037996449 -0.016076269323688597
leaf_weight=2015.3264164812863 23.117821167223155 18.506233336403966 67.488887456944212 25.902070831507444 7.7069521087687454 59.50887608458288 15.582312462851403 22.153798287734389 12.541482195258139 32.031486138701439 101.78844670113176 22.813818083610386 12.856290426105259 7.2468609809875479 17.371079743024897 11.042445955798028 9.0544024873524886 31.210580721963197 53.399025315884501 15.043910917127503 19.319035669323057 17.78023312240839 6.487932249903678 58.538299948908389 19.739270411431789 17.995058796368543 22.952010002918541 27.069101618602872 42.926359938457608 16.984737895429134
leaf_count=13886 90 73 224 42 52 880 67 45 24 139 729 186 34 8 87 58 58 289 610 93 113 75 37 544 36 107 84 111 95 26
internal_value=0.000202294 0.00447992 0.00235275 -0.00559535 -0.000180121 -0.000101231 -0.000647145 -0.000491208 -0.000812443 0.00731662 0.00273583 0.00120253 0.00445699 0.00149341 -0.00298278 0.0080566 0.0139152 -0.000612224 -0.00565289 -0.00285178 0.000103363 -0.00862645 -0.00253794 0.00281874 -0.00194401 0.00411649 0.00896703 0.00268321 0.0134965 -0.0060396
internal_weight=2831.49 227.962 204.845 93.391 2603.52 2595.82 2180.16 2164.58 2083.35 81.2347 415.652 356.143 200.169 187.313 155.974 28.4135 49.2033 2070.81 127.561 104.747 89.7028 55.4787 37.6985 180.066 78.2776 27.0495 111.454 50.0211 61.4326 70.3838
internal_count=18902 719 629 266 18183 18131 14727 14660 14311 349 3404 2524 1351 1317 1173 145 210 14287 1028 842 749 401 326 1309 580 165 363 195 168 636
is_linear=0
shrinkage=0.03


Tree=196
num_leaves=31
num_cat=0
split_feature=6 1 1 7 3 8 5 8 8 8 1 1 1 8 8 1 4 3 4 8 8 8 8 8 1 1 8 8 8 8
split_gain=8.43344 4.8771 6.1591 4.79851 4.22629 3.0704 15.4428 5.39386 5.25015 4.15578 9.93211 5.17057 10.9948 6.85452 6.34866 12.1459 4.0716 6.57378 2.72018 15.1208 9.93782 4.27653 4.39597 4.06125 5.44615 7.58265 9.89344 2.49924 2.14942 2.13711
threshold=0.0022290392584983459 52.500000000000007 38.500000000000007 1.0000000180025095e-35 0.30306122448979594 7.2234608325877323 1.0500000000000003 -0.027799858695191502 -0.042572471411883264 2.217106583904477 1.5000000000000002 12.500000000000002 17.500000000000004 3.4579942093215115 4.3865985131140901 3.5000000000000004 inf 0.095454545454545472 0.99999995961538468 -0.23298089659185817 -0.13032254349676956 -0.28934063992376752 -0.36912183149666417 -0.22639738596760769 1.0000000180025095e-35 2.5000000000000004 -0.12656766823670626 2.9626513442337257 2.0585368391772128 1.0041841733655164
decision_type=10 2 2 2 10 10 10 10 10 10 2 2 2 8 10 2 8 10 8 8 10 10 10 8 2 2 10 10 10 10
left_child=1 2 3 5 -3 7 -7 8 18 10 -9 13 -13 27 -15 -16 17 -12 20 21 -1 22 -20 -21 -25 26 -26 -11 -6 -19
right_child=-2 4 -4 -5 28 6 -8 9 -10 11 16 12 -14 14 15 -17 -18 29 19 23 -22 -23 -24 24 25 -27 -28 -29 -30 -31
leaf_value=-0.00099064070951735469 0.015965799525159519 -0.020813526206448833 0.013611523570261902 0.015965799525159519 -0.0070153596075242857 0.0064391044182033367 -0.015897284630628408 0.015965799525159519 -0.010814956019967476 -0.0040009385402999852 -0.011321403940936347 0.015965799525159519 -0.010538123501655455 0.01482180057438472 -0.01112341997817168 0.01369471926228275 0.015965799525159519 0.0090593158780834203 0.011722631105710726 -0.015449915361364383 -0.015099563239655452 0.015965799525159519 -0.00099064070951735469 -0.0007894912013247645 0.015965799525159519 -0.00099064070951735469 -0.002814299069120237 -0.018534262275656965 0.0057418587870114732 -0.00043094671921638364
leaf_weight=514.72822083672509 24.026053309149574 13.150532500119878 24.186802133684978 10.714984629303215 33.26504738535732 49.590444430708885 53.02198648173362 31.522312346845865 39.690197292715311 26.542379392310977 26.189807787537575 11.726263524964454 11.577976300381122 22.413584023714066 43.685618739575148 23.019093262031674 6.7547286106273523 42.038643463747576 32.87499820953235 11.217365788295865 44.331754509359598 36.645864398218691 19.387827966362238 1506.0102978628129 42.440029656514525 17.34717692155391 27.497928854078054 18.086278601083905 12.869013048708437 38.317681200336665
leaf_count=4194 500 60 124 34 244 107 136 75 100 146 144 49 81 90 129 80 55 414 206 31 165 205 109 10340 251 91 59 73 80 364
internal_value=-0.000121931 -0.000288734 -9.63386e-05 -0.000243666 -0.00845643 -0.000339388 -0.00530495 -0.000133138 -0.000631921 0.00360278 0.00717722 0.000186888 0.0118671 -0.0022026 0.0026401 -0.00220121 0.00239544 0.000487313 -0.000428933 0.000171597 -0.00223337 0.0118727 0.00515159 -0.000511648 -0.000358474 0.00671812 0.0118279 -0.0111646 -0.00324327 0.00477376
internal_weight=2814.87 2790.84 2731.56 2707.37 59.2846 2696.66 102.612 2594.05 2292.17 301.874 144.823 157.051 23.3042 133.747 89.1183 66.7047 113.301 106.546 2252.48 1693.42 559.06 88.9087 52.2628 1604.51 1593.3 87.2851 69.938 44.6287 46.1341 80.3563
internal_count=18736 18236 17852 17728 384 17694 243 17451 15751 1700 1052 648 130 518 299 209 977 922 15651 11292 4359 520 315 10772 10741 401 310 219 324 778
is_linear=0
shrinkage=0.03


Tree=197
num_leaves=31
num_cat=0
split_feature=6 1 0 8 0 8 8 0 8 4 8 8 8 0 8 1 8 8 8 8 0 0 4 1 0 5 1 0 8 4
split_gain=5.4808 5.15499 9.20073 7.03894 14.1431 6.39055 10.2056 6.46369 11.7309 4.55532 4.62799 3.91832 3.26516 6.29063 6.07398 3.078 4.1177 2.3956 2.26183 6.32004 4.05359 2.22496 2.22087 6.85326 5.45841 7.21366 3.31617 3.2683 2.77466 2.1
threshold=0.0040405524537173087 56.500000000000007 125.85438657407408 -0.039088848192108873 1758.9303414351855 -0.089272192474319043 -0.098112905730255662 512.28103009259269 -0.069237967345302978 inf 4.3865985131140901 -0.10306521699421792 -0.10976661887118579 248.73701967592595 -0.11411794551316443 139.00000000000003 0.10947385941339509 -0.027799858695191502 3.5826916815289569 5.0251581615581147 221.2673263888889 1238.2568344907411 0.99999995961538468 5.5000000000000009 51.764884259259269 inf 9.5000000000000018 178.01328125000003 -0.11899143375444515 inf
decision_type=10 2 2 10 2 10 10 2 10 8 10 10 10 2 10 2 10 10 10 10 2 2 8 2 2 8 2 2 10 8
left_child=1 3 15 4 5 6 12 8 -7 18 17 -6 14 -14 22 16 -3 -11 -5 20 -20 -21 24 28 -1 26 -26 -28 29 -24
right_child=-2 2 -4 9 11 7 -8 -9 -10 10 -12 -13 13 -15 -16 -17 -18 -19 19 21 -22 -23 23 -25 25 -27 27 -29 -30 -31
leaf_value=0.00043533428198064104 0.012773204740797423 -0.018025879713334133 -0.018025879713334133 0.0038184529707548701 -0.02395962551871797 -0.0078268998752077795 0.012773204740797423 -0.0078268998752077795 0.012773204740797423 0.0039584017315958987 0.0017818906648499741 -0.0078268998752077795 0.0097951447335556246 -0.0078268998752077795 0.012773204740797423 0.012773204740797423 0.0093842834448782247 0.012773204740797423 0.0017818906648499741 0.0017818906648499741 -0.018558918094487783 -0.0054743669294985853 -0.008841367581424479 0.012773204740797423 0.00043533428198064104 -0.0078268998752077795 0.00043533428198064104 -0.0078268998752077795 0.010085140351141339 0.00043533428198064104
leaf_weight=302.89195194724016 25.705851420527324 5.0581785286776739 31.971100099850446 206.71787227224559 23.442064706236124 33.762061834335327 43.675383381545544 168.3026988953352 33.758583147078753 33.267232947051525 40.192467449232936 21.353233117610216 14.21899378672242 27.588100088760257 22.414750885218382 12.483746357727794 5.2751096179708838 44.198281746357679 10.476424112915995 95.43800435308367 20.477833455428481 33.662550233304501 17.562639323994517 14.079287528060375 95.520694088190794 81.092720455490053 17.204610025510192 28.389335665851831 21.827433113008738 1320.7619255203754
leaf_count=2932 517 55 161 1370 39 188 120 383 114 75 70 64 111 90 90 84 56 160 100 317 59 59 156 77 672 462 123 130 105 10045
internal_value=0.000166917 2.99424e-05 -0.00868582 0.000217518 -0.000480046 -0.000128699 0.000424324 -0.00474687 0.00294075 0.00348319 0.00849779 -0.0162937 8.62627e-05 -0.00774299 0.000276237 0.00528911 -0.00554298 0.0126349 0.00178189 -0.000884412 -0.0120485 0.00178189 7.2362e-05 0.000706488 -0.00157821 -0.00514005 -0.000227235 -0.00732848 0.000435334 0.000435334
internal_weight=2852.77 2827.07 54.7881 2772.28 2287.85 2243.05 2007.23 235.823 67.5206 484.431 117.658 44.7953 1963.55 41.8071 1921.75 22.817 10.3333 77.4655 366.773 160.055 30.9543 129.101 1899.33 1374.23 525.099 222.207 141.115 45.5939 1360.15 1338.32
internal_count=18984 18467 356 18111 15901 15798 15113 685 302 2210 305 103 14993 201 14792 195 111 235 1905 535 159 376 14702 10383 4319 1387 925 253 10306 10201
is_linear=0
shrinkage=0.03


Tree=198
num_leaves=31
num_cat=0
split_feature=2 1 1 5 1 2 2 1 1 2 2 1 2 1 2 1 2 5 2 1 1 4 1 2 2 2 1 1 3 1
split_gain=3.09024 7.1137 6.02621 9.11392 3.46946 3.19068 2.66592 2.49955 2.9201 3.31133 3.86003 2.39997 2.33655 2.31439 4.43621 3.31369 2.9503 4.75863 5.13049 3.26149 2.38065 2.08167 8.4564 6.76305 2.02638 1.94439 2.19749 3.4156 1.63902 2.0823
threshold=3.5000000000000004 21.500000000000004 77.500000000000014 1.4083333333333334 62.500000000000007 33.500000000000007 8.5000000000000018 11.500000000000002 25.500000000000004 18.500000000000004 11.500000000000002 17.500000000000004 25.500000000000004 19.500000000000004 7.5000000000000009 15.500000000000002 5.5000000000000009 5.1916666666666673 6.5000000000000009 9.5000000000000018 5.5000000000000009 inf 1.0000000180025095e-35 2.5000000000000004 16.500000000000004 26.500000000000004 4447.0000000000009 133.50000000000003 0.66546329723225039 2.5000000000000004
decision_type=2 2 2 8 2 2 2 2 2 2 2 2 2 2 2 2 2 10 2 2 2 8 2 2 2 2 2 2 10 2
left_child=1 21 3 -2 5 6 13 -8 11 10 -10 -9 -11 14 15 16 20 -18 19 -19 -5 28 -23 -24 -13 -4 27 -27 29 -1
right_child=2 -3 25 4 -6 -7 7 8 9 12 -12 24 -14 -15 -16 -17 17 18 -20 -21 -22 22 23 -25 -26 26 -28 -29 -30 -31
leaf_value=-0.0051785672978404843 0.027892013881585267 -0.018898054395713914 -0.016394414425370495 0.0042639682980388687 0.017965330916725607 -0.010873028498926497 0.017121846759802269 0.0057838650897877103 0.0002844671834759534 -0.0098732855729903573 0.026363325511185913 -0.011751609912487884 0.0081895951832461934 -0.0071179675757484942 -0.010734781787766288 0.018523694768347518 0.019280035803459602 0.00025375535473960627 -0.010712194416390288 0.019280035803459602 -0.0037274455636077462 -0.0002486111287255815 0.0088140100104365394 -0.001518849869819879 0.0052235925691266321 -0.010159599619325355 -0.012865388216850069 0.0098940267408050547 -0.001518849869819879 -0.001518849869819879
leaf_weight=246.78232650482096 8.829404639778657 13.209567337762563 10.557216288521884 55.815957608632743 8.3884048177860659 11.025095101911573 13.897958908230065 19.79704599105753 7.8603390203788903 6.9793430902063838 10.196652255486695 16.104821182321761 8.9540606085211021 22.402109010377899 16.84891562582925 7.5937591074034563 16.429905020166188 16.412473618518565 14.334512863773851 7.8367640394717446 69.839939396828413 1602.0961319115013 164.41547903697938 16.839251044206321 5.6625542663969091 7.6490707029588583 7.5109534745570263 14.72133344830945 233.74182064872002 173.10751594882458
leaf_count=1627 31 95 38 456 60 83 108 200 41 73 88 159 92 111 132 39 119 114 126 51 472 10688 723 62 86 62 69 102 1678 1098
internal_value=0.000177751 -0.000216905 0.00265585 0.0039602 0.00293271 0.00228427 0.00290367 0.00714608 0.00436224 0.0102665 0.0175345 -0.00105007 -0.000190956 0.00111786 0.00216535 0.00356772 0.00245719 0.00792937 0.00143864 0.00922473 -0.000150353 -7.71578e-05 0.000454019 0.00650446 -0.00718482 -0.00768941 -0.00270472 0.00243379 -0.00151885 -0.00338939
internal_weight=2835.84 2450.19 385.649 345.21 336.381 327.992 316.967 89.4528 75.5548 33.9904 18.057 41.5644 15.9334 227.514 205.112 188.263 180.67 55.0137 38.5838 24.2492 125.656 2436.98 1783.35 181.255 21.7674 40.4386 29.8814 22.3704 653.632 419.89
internal_count=18883 15971 2912 2641 2610 2550 2467 847 739 294 129 445 165 1620 1509 1377 1338 410 291 165 928 15876 11473 785 245 271 233 164 4403 2725
is_linear=0
shrinkage=0.03


Tree=199
num_leaves=31
num_cat=0
split_feature=2 0 1 5 1 3 0 1 2 2 1 2 1 1 1 1 1 5 1 1 1 1 0 5 0 2 0 1 1 1
split_gain=5.95754 5.77834 6.70565 5.73659 5.06195 12.0836 3.92968 2.27299 2.41588 6.53888 4.1462 3.87132 6.2022 5.80834 3.5765 2.75761 2.47735 3.02148 3.85214 2.47343 2.24154 2.18531 2.25851 3.86546 1.9282 1.91117 1.72934 0.993947 1.15646 2.50918
threshold=3.5000000000000004 2.9292881944444447 78.500000000000014 1.4083333333333334 7.5000000000000009 0.32396546106223528 29.68961226851852 62.500000000000007 33.500000000000007 25.500000000000004 39.500000000000007 7.5000000000000009 14.500000000000002 32.500000000000007 19.500000000000004 12.500000000000002 10.500000000000002 14.341666666666669 5.5000000000000009 7.5000000000000009 14.500000000000002 1.0000000180025095e-35 3.8507581018518522 0.41250000000000003 1.0000000180025095e-35 5.5000000000000009 2234.0129687500007 28.500000000000004 9.5000000000000018 11.500000000000002
decision_type=2 2 2 8 2 10 2 2 2 2 2 2 2 2 2 2 2 10 2 2 2 2 2 10 2 2 2 2 2 2
left_child=4 -2 3 -3 21 -6 -4 8 9 10 11 12 15 27 -14 16 17 -5 -19 -20 -7 24 23 -23 -1 -21 -24 28 -13 -30
right_child=1 2 6 7 5 20 -8 -9 -10 -11 -12 13 14 -15 -16 -17 -18 18 19 25 -22 22 26 -25 -26 -27 -28 -29 29 -31
leaf_value=0.00090015598848403923 0.017321234854130362 0.017321234854130362 0.0077981801815993944 0.0071837631786814777 -0.021566989046797679 -0.0024700159625288438 -0.012690274146869511 0.015078859139702827 -0.0093476737723605305 0.017321234854130362 -0.013047204388854408 -0.011648622517487961 0.017321234854130362 0.016041644801558105 0.0016505393461884337 -0.010467286985823379 0.013792445573153378 0.0062752259082857007 -0.011880760247134636 0.0070940283196922306 0.014397246581902846 0.0077587346891482036 0.00053857054417433834 0.00053857054417433834 -0.0012888025728288355 -0.0073493899960490154 -0.0088990120057952354 -0.01344642178206259 0.0087655300316029344 -0.0046171647113408456
leaf_weight=538.78512622788548 21.960509350872599 9.5215795375406724 7.2974945770110926 61.206125220051035 25.707788411527872 11.140630919486286 31.022424544673413 9.3338170801289362 9.6234035340603423 7.4202221718151113 10.3846935685724 8.0772563484497351 11.707559858914466 8.6133417258970422 14.234373091720043 8.1918599433265609 15.266668431926517 31.317410514224321 26.229078805539757 13.696878507733347 9.9304387895390374 110.99475489149336 623.03878347948194 48.627803228329867 1082.3828040398657 9.7957003349438292 12.49065726995468 6.9855315675958982 11.519314194098113 49.505717230495065
leaf_count=4169 425 25 65 353 183 97 191 63 63 71 61 51 54 50 77 54 95 211 206 77 55 929 3557 443 6675 80 14 50 71 479
internal_value=0.00041615 0.00387183 0.00282808 0.00426142 -0.000127822 -0.00940895 -0.00833881 0.00329948 0.00269923 0.00324301 0.00220328 0.00299806 0.00531652 -0.00225165 0.0173212 0.00291631 0.00391299 0.00242032 -0.00138575 -0.00634353 0.00671586 7.09148e-05 0.00135429 0.00448704 -0.000560785 0.000838703 0.000538571 -0.00518396 -0.00349778 -0.0016185
internal_weight=2846.01 382.911 360.95 322.631 2463.1 46.7789 38.3199 313.109 303.775 294.152 286.732 276.347 191.646 84.7012 25.9419 165.704 157.512 142.245 81.0391 49.7217 21.0711 2416.32 795.152 159.623 1621.17 23.4926 635.529 76.0878 69.1023 61.025
internal_count=18994 2872 2447 2191 16122 335 256 2166 2103 2040 1969 1908 1207 701 131 1076 1022 927 574 363 152 15787 4943 1372 10844 157 3571 651 601 550
is_linear=0
shrinkage=0.03


Tree=200
num_leaves=31
num_cat=0
split_feature=7 1 2 1 8 2 1 8 1 8 8 5 8 5 1 0 8 2 1 1 8 8 2 8 1 8 0 8 1 8
split_gain=7.38594 2.77656 3.50757 4.58253 3.90837 3.81151 5.90659 5.7367 8.1142 6.32575 7.27391 5.61345 9.02609 4.69065 10.1329 3.72886 3.50767 3.48033 3.1336 2.77138 2.67119 2.50637 2.23537 1.83174 1.69044 1.58023 12.5933 8.73136 13.0938 17.9598
threshold=1.0000000180025095e-35 4558.5000000000009 44.500000000000007 39.500000000000007 1.9578419378789478 4.5000000000000009 21.500000000000004 15.154108648399317 8.5000000000000018 -0.10842981746940834 -0.22354118250387747 1.7083333333333337 2.9626513442337257 18.029166666666672 15.500000000000002 293.91310763888896 -0.31883986381802182 5.5000000000000009 14.500000000000002 11.500000000000002 -0.33327857181824677 -0.094211819394037541 19.500000000000004 5.8775027652492442 28.500000000000004 6.9435779072769845 1048.9506712962964 3.4579942093215115 3.5000000000000004 4.3865985131140901
decision_type=2 2 2 2 8 2 2 10 2 8 10 10 10 10 2 2 10 2 2 2 8 10 2 10 2 10 2 10 2 8
left_child=1 2 3 5 17 6 18 8 11 10 16 -7 20 14 -11 -4 24 -5 19 25 -13 -22 -19 -15 -10 27 -27 -1 29 -29
right_child=-2 -3 15 4 -6 7 -8 -9 9 13 -12 12 -14 23 -16 -17 -18 22 -20 -21 21 -23 -24 -25 -26 26 -28 28 -30 -31
leaf_value=-0.00082870907760234172 0.01826860911317062 -0.014129032910397589 0.015294255377751156 -0.014522033069395578 -0.01990118972537561 0.01826860911317062 -0.019469182475595915 -0.012869055087373257 -0.0075409156002058499 -0.0004659856018349801 -0.020078062791113994 -0.0010610053388210399 -0.016918363145868528 -0.0004659856018349801 0.01826860911317062 -0.0055375872708654083 0.012324291033607415 0.012178839476380734 0.011315281614907875 -0.013737495923313851 0.01826860911317062 0.0023062750343917785 -0.003993119316850059 -0.012650723652366226 0.0073203464978988881 0.0039549359829151379 -0.018942538224118288 0.01826860911317062 0.01826860911317062 -0.011140475148109934
leaf_weight=2339.1885461583734 13.940455512027254 8.4519188939593715 19.72678420483135 8.5826644506305474 14.962519529974086 15.631446448154746 10.077691296115516 13.513038463890551 25.534624645020816 13.584008690668268 18.051311993040144 10.339216945692895 8.1705953851342183 44.613642846699804 24.057798494119197 8.1724896146915835 11.208714973181484 9.87833538092673 14.624597404152153 9.6536738686263543 16.310970990452915 11.073422920890154 12.174711804371325 6.1111783962696782 4.5934212338179341 55.330582806840539 29.147972412407398 15.366832152009009 19.922771593555808 38.4490996170789
leaf_count=15864 264 75 172 52 75 161 69 18 288 153 50 90 35 409 176 37 62 67 69 86 94 114 81 27 39 156 54 57 69 120
internal_value=-0.000405054 -0.000528814 -0.000463304 -0.000576724 -0.00952416 -0.000411622 -0.000744719 0.00330687 0.00462725 0.000686167 -0.00657104 0.0133289 0.00546432 0.00565418 0.0129891 0.00927783 0.000857398 -0.0023748 -0.00063151 -0.000723583 0.0117248 0.0159707 0.00416294 -0.000465986 -0.00455567 -0.00064593 -0.0045625 -0.000499656 0.00932855 -5.43578e-05
internal_weight=2850.45 2836.5 2828.05 2800.15 45.5982 2754.56 2531.76 222.793 209.28 147.755 59.3881 61.5257 45.8942 88.3666 37.6418 27.8993 41.3368 30.6357 2521.68 2507.06 37.7236 27.3844 22.053 50.7248 30.128 2497.41 84.4786 2412.93 73.7387 53.8159
internal_count=19083 18819 18744 18535 275 18260 16544 1716 1698 1204 439 494 333 765 329 209 389 200 16475 16406 298 208 148 436 327 16320 210 16110 246 177
is_linear=0
shrinkage=0.03


Tree=201
num_leaves=31
num_cat=0
split_feature=6 1 1 0 0 2 0 1 5 1 5 0 0 1 5 7 2 2 5 2 1 1 0 0 0 1 5 5 2 1
split_gain=5.58188 5.51744 11.1188 7.12471 6.38604 2.08539 7.21623 3.63995 6.49853 4.05812 4.01955 3.70506 3.61347 2.78854 3.12007 2.61565 1.96371 1.82761 1.63181 4.20134 4.68337 2.85917 2.21278 2.1356 1.18369 0.923172 0.798249 0.768115 1.44048 2.72257
threshold=0.0040405524537173087 55.500000000000007 38.500000000000007 2234.0129687500007 125.85438657407408 2.5000000000000004 4.0471006944444454 5.5000000000000009 68.850000000000009 16.500000000000004 10.891666666666667 489.53263888888893 1048.9506712962964 11.500000000000002 1499.5708333333334 1.0000000180025095e-35 7.5000000000000009 70.500000000000014 5.8458333333333341 1.5000000000000002 1.5000000000000002 5.5000000000000009 178.01328125000003 1347.758697916667 105.25026041666668 2.5000000000000004 1079.5250000000003 1.7083333333333337 3.5000000000000004 3.5000000000000004
decision_type=10 2 2 2 2 2 2 2 10 2 10 2 2 2 8 2 2 2 10 2 2 2 2 2 2 2 8 10 2 2
left_child=1 2 3 5 17 15 -7 11 9 -9 -11 27 13 16 -15 18 24 -3 19 20 23 -21 -20 -1 -10 -24 -4 -8 29 -29
right_child=-2 4 26 -5 -6 6 7 8 12 10 -12 -13 -14 14 -16 -17 -18 -19 22 21 -22 -23 25 -25 -26 -27 -28 28 -30 -31
leaf_value=0.00028684278060543521 0.012641267327064401 0.010455862059295868 0.012641267327064401 -0.013001652576278768 -0.016540428192171358 0.012641267327064401 0.012372678900385691 -0.00038087688165748898 -0.004212249159008744 0.012641267327064401 -0.0021358485452109021 -0.002523256220044779 -0.013001652576278768 0.0089816268392885843 -0.0062254556066229675 0.012641267327064401 -0.0021358485452109021 -0.0037894783959073306 -0.0032256162214825477 0.0062672811746250076 -0.0032256162214825477 -0.0032256162214825477 -0.012913084049268194 -0.0044709200623017772 -0.013001652576278768 -0.0041729323646746809 -0.0025899376507822263 0.0081085661600414482 0.010294933574019468 -0.002523256220044779
leaf_weight=1805.9656297694892 27.337708909704816 9.6819780357182044 18.250407347455621 31.931569457054138 32.497037208639085 44.462404379970394 21.130040611606091 105.85660278750584 20.025600689463317 19.561596778221428 15.870730835478751 46.143011780455709 16.986683890223503 25.494277665391564 15.712824462912975 9.2164715593680722 6.5603644698858252 13.967201896477489 89.903134541586041 133.02729006763548 59.227415882050991 11.580094149336217 25.869045170024037 84.087539168074727 19.028263010084629 27.794762801378965 7.6663161676842746 28.428432241082191 29.868377322331071 25.180269621312618
leaf_count=12270 529 101 104 57 155 590 174 603 212 140 110 89 29 240 121 28 52 93 849 722 385 64 121 226 98 120 48 204 220 178
internal_value=0.00024855 0.000105286 0.000303296 8.57523e-05 -0.00880807 0.000265141 0.00214067 0.000780049 -0.00147265 0.0026895 0.0107752 0.0043723 -0.00700086 -0.00365852 -0.00213585 -0.000106369 -0.00950072 0.00284954 -0.000187458 2.80403e-05 -0.000342952 0.00487328 -0.00322562 6.39344e-05 -0.0122825 -0.00912769 0.0126413 0.00739033 0.00550125 0.00218
internal_weight=2828.31 2800.98 2744.83 2718.91 56.1462 2686.98 440.309 395.847 245.097 141.289 35.4323 150.75 103.808 86.8213 41.2071 2246.67 45.6142 23.6492 2237.45 2093.89 1949.28 144.607 143.567 1890.05 39.0539 53.6638 25.9167 104.607 83.4771 53.6087
internal_count=18932 18403 18054 17902 349 17845 3060 2470 1605 853 250 865 752 723 361 14785 362 194 14757 13667 12881 786 1090 12496 310 241 152 776 602 382
is_linear=0
shrinkage=0.03


Tree=202
num_leaves=31
num_cat=0
split_feature=8 1 2 1 0 2 1 8 8 1 0 8 8 2 0 8 1 8 8 8 8 8 8 8 8 1 8 8 8 8
split_gain=4.47224 5.64822 8.88484 6.8502 4.24452 5.55431 4.05524 3.87194 4.41949 11.853 3.85592 10.1155 8.62409 3.65081 5.37907 3.45731 2.87826 2.13079 4.13596 6.94023 1.97628 4.20505 1.88522 1.29086 2.8036 0.782887 0.735033 0.630346 5.27631 1.60402
threshold=5.0251581615581147 16.500000000000004 2.5000000000000004 2.5000000000000004 940.72428240740749 1.5000000000000002 5.5000000000000009 4.3865985131140901 3.4579942093215115 6.5000000000000009 1484.9627025462964 -0.039088848192108873 -0.094211819394037541 7.5000000000000009 15.550555555555556 0.81693409210196033 38.500000000000007 -0.14851099033688575 -0.11106829372089243 -0.12512633077784138 -0.12124962325534258 -0.11411794551316443 -0.14258136166983529 -0.099972245348957697 -0.092524289806454343 15.500000000000002 -0.11783250591323975 -0.070506521604648459 -0.061840684483087792 3.4579942093215115
decision_type=10 2 2 2 2 2 2 10 10 2 2 8 10 2 2 10 2 8 8 10 10 10 10 8 8 2 8 8 8 8
left_child=7 2 3 4 5 -2 -4 8 10 -10 13 12 -12 17 -15 -16 25 -1 19 22 -21 26 -19 -20 -25 -17 -22 -26 -29 -30
right_child=1 -3 6 -5 -6 -7 -8 -9 9 -11 11 -13 -14 14 15 16 -18 18 23 20 21 -23 -24 24 27 -27 -28 28 29 -31
leaf_value=-0.0010332945348491629 0.018494706486952332 0.018674918918339695 -0.010958478775097018 0.021902736548720617 -0.0049641375599323604 -0.0040341237440675599 0.0026814696317542805 -0.010661689815834088 0.023260837849236462 -0.0099929232224484302 -0.0010332945348491629 0.00063945759722035039 -0.023757434159980044 0.016235914989216428 0.00063945759722035039 0.0091321865907486137 0.016235914989216428 0.0085444942569068497 -0.0010332945348491629 0.02010874876045202 -0.0010332945348491629 0.018402508337500938 0.00063945759722035039 0.009438410011480965 -0.0010332945348491629 0.00063945759722035039 0.0051445254738031422 0.010325922446171013 -0.0010332945348491629 0.00080260870980989284
leaf_weight=495.89621860254556 19.941793691366911 19.821916538756341 36.243842704221606 22.682544787414372 26.649296041578054 13.781572466716169 34.382411026395857 23.067138741724193 19.571833340451125 12.198564080521463 27.610532239079475 49.042653255164623 29.284261006861925 27.831422282964922 54.429478907492012 4.99200690165162 18.470743569079787 22.697023808956146 43.029635219834745 18.951502352952957 16.23988551646471 15.61711138114333 71.985858000814915 27.61734302341938 114.63150889053941 10.605307281948624 16.24378228187561 45.633020587265491 263.94942383421585 1183.8484400758171
leaf_count=3688 73 75 84 46 46 59 102 88 80 75 49 83 109 519 431 54 131 106 218 83 95 56 324 94 353 106 75 112 1380 10054
internal_value=0.000738012 0.00533276 0.00307767 0.00947969 0.00349401 0.00995585 -0.00457998 0.000423372 0.000542433 0.0108701 0.000393243 -0.00507903 -0.0137039 0.000639458 0.00584503 0.00188373 0.00977196 0.000639458 0.000846741 0.00541573 0.012432 0.00779877 7.26047e-05 0.000639458 0.000639458 0.000639458 0.000926117 0.000639458 0.000639458 0.000639458
internal_weight=2786.95 173.503 153.681 83.0552 60.3727 33.7234 70.6263 2613.44 2590.38 31.7704 2558.61 105.937 56.8948 2452.67 116.329 88.4975 34.0681 2336.34 1840.44 161.735 67.0523 48.1008 94.6829 1678.71 1635.68 15.5973 32.4837 1608.06 1493.43 1447.8
internal_count=18848 485 410 224 178 132 186 18363 18275 155 18120 241 158 17879 1241 722 291 16638 12950 739 309 226 430 12211 11993 160 170 11899 11546 11434
is_linear=0
shrinkage=0.03


Tree=203
num_leaves=31
num_cat=0
split_feature=7 2 0 1 0 2 1 1 1 1 1 0 2 2 1 1 0 0 1 2 1 0 1 1 1 2 1 1 1 2
split_gain=3.74196 3.54807 6.13833 3.69749 3.72022 3.59788 3.51737 3.04103 2.77572 3.17218 5.03215 3.66502 3.30687 4.51906 4.2235 4.51606 5.03972 3.85057 3.16864 2.91293 1.70494 2.86424 10.3618 2.04039 5.03347 3.89326 4.1107 1.38329 1.38052 1.24179
threshold=1.0000000180025095e-35 4.5000000000000009 2234.0129687500007 123.00000000000001 29.68961226851852 6.5000000000000009 10.500000000000002 6.5000000000000009 82.500000000000014 8.5000000000000018 10.500000000000002 562.04461805555559 33.500000000000007 7.5000000000000009 38.500000000000007 13.500000000000002 45.590520833333336 61.72733796296297 52.500000000000007 12.500000000000002 5.5000000000000009 1292.1540972222226 1.0000000180025095e-35 14.500000000000002 18.500000000000004 2.5000000000000004 7.5000000000000009 16.500000000000004 18.500000000000004 3.5000000000000004
decision_type=2 2 2 2 2 2 2 2 2 2 2 2 2 2 2 2 2 2 2 2 2 2 2 2 2 2 2 2 2 2
left_child=1 2 20 5 -5 6 7 -3 9 -7 11 -11 13 27 15 -15 -17 -14 -16 28 21 29 -23 25 -25 26 -22 -12 -18 -1
right_child=-2 3 -4 4 -6 8 -8 -9 -10 10 12 -13 17 14 18 16 19 -19 -20 -21 23 22 -24 24 -26 -27 -28 -29 -30 -31
leaf_value=0.0008787667362243044 0.013607867720115924 0.010852107749284986 -0.012387508229461776 0.0095008811035968543 -0.011249647165760173 0.012532872766542054 0.013607867720115924 -0.0018323787146674842 0.013607867720115924 0.0019885914137507087 -0.013830979275522451 -0.022436818575753956 0.005351597820429833 0.013607867720115924 0.013607867720115924 0.0098819118084719354 -0.0050206837268550143 -0.020325934222491678 -0.0034714791660775094 -0.013770588535182577 0.012336583493510349 -0.010764764614109404 0.0008787667362243044 0.013607867720115924 -0.005793280394809309 -0.0096260396830277952 -0.0076518195415600484 0.00027993014344624838 0.0076717591889834784 0.0057797083603545662
leaf_weight=2185.8216793844476 15.177310729748568 27.541684698779136 29.023608461022377 6.5820622197352376 22.100603982340544 14.359667343553154 30.030574006028473 33.089109491556883 7.8221348272636524 7.6847117762081352 10.106856520287694 9.6101955175399763 6.3082190004643035 15.991358209634198 12.485045850276949 18.336096969665959 11.90283158188686 7.1996633987873793 8.960577689111231 21.58793256059289 15.041907163336875 84.036530723795295 50.844740893691778 11.370387032628061 20.139344971626997 56.633180471602827 12.65854326635599 10.335664472542701 9.2626901874318701 41.690740597434342
leaf_count=14970 260 242 52 45 153 106 156 228 59 124 64 11 91 130 73 356 67 27 51 119 105 221 105 43 139 406 103 37 70 320
internal_value=0.000731004 0.000637026 0.000269585 0.00374175 -0.00578435 0.00487082 0.00955241 0.00431737 0.00220231 0.00110395 -0.000361299 -0.0135718 0.00179421 0.0035018 0.00617006 0.00232227 -0.00167909 -0.0101283 0.0136079 -0.00715289 0.000442461 0.00061905 -0.00354818 -0.00303533 0.0031322 -0.00538604 0.00342896 -0.00804361 0.000938493 0.000878767
internal_weight=2813.74 2798.56 2507.26 291.298 28.6827 262.615 90.6614 60.6308 171.954 164.132 149.772 17.2949 132.477 118.969 98.5265 77.0809 61.0896 13.5079 21.4456 42.7535 2478.24 2362.39 134.881 115.843 31.5097 84.3336 27.7005 20.4425 21.1655 2227.51
internal_count=18933 18673 16464 2209 198 2011 626 470 1385 1326 1220 135 1085 967 866 742 612 118 124 256 16412 15616 326 796 182 614 208 101 137 15290
is_linear=0
shrinkage=0.03


Tree=204
num_leaves=31
num_cat=0
split_feature=7 1 1 0 8 1 8 1 8 2 0 4 8 2 2 0 1 2 8 8 2 4 8 8 1 8 4 4 8 8
split_gain=8.43264 4.55418 3.4712 11.3889 6.42518 6.19187 4.79303 4.30614 4.13382 5.54513 2.24358 2.88655 4.7306 2.11693 8.20422 8.19433 2.58731 2.03128 1.97943 9.77635 8.96057 8.948 7.6225 5.93676 6.85651 8.16917 5.75803 3.39471 10.7304 8.7202
threshold=1.0000000180025095e-35 365.50000000000006 14.500000000000002 2234.0129687500007 2.6162113340461972 41.500000000000007 2.0585368391772128 8.5000000000000018 19.868193860798456 6.5000000000000009 12.847262731481484 0.18737212862588606 -0.43133109281375359 5.5000000000000009 6.5000000000000009 512.28103009259269 9.5000000000000018 7.5000000000000009 6.9435779072769845 3.4579942093215115 1.5000000000000002 0.20136217232259715 2.7044694707785459 0.76010615342734078 1.5000000000000002 1.0041841733655164 inf 0.99999995961538468 -0.14129821556612357 -0.30148286566170152
decision_type=2 2 2 2 10 2 8 2 10 2 2 10 10 2 2 2 2 2 10 10 2 8 10 10 2 10 8 8 8 10
left_child=1 2 3 7 6 -6 10 8 9 18 -4 12 -12 16 -15 -16 -9 -14 19 22 -21 -20 23 27 -25 -26 -27 29 -29 -1
right_child=-2 -3 4 -5 5 -7 -8 13 -10 -11 11 -13 17 14 15 -17 -18 -19 21 20 -22 -23 -24 24 25 26 -28 28 -30 -31
leaf_value=0.00079091460396205385 0.019760206460653421 -0.013562947780646284 0.012307306796718705 -0.018196745813235965 0.019760206460653421 -0.0017391953229804029 -0.014825381261120547 0.002200643224578535 -0.015364699557430276 0.017849334972043256 0.005395101768490322 0.005395101768490322 -0.01622589017953209 0.016411114978400289 0.0028941686049309976 -0.018196745813235965 -0.015168681051194807 -0.0022462124079542824 -0.015582934824409051 -0.0020116418849291397 0.019760206460653421 0.0041633919995116217 -0.015030656804625444 0.019760206460653421 0.018044780312904529 -0.0098311583951800341 0.013514103275247855 0.0067445901539638711 -0.00017921130803293185 -0.0073744725389597683
leaf_weight=340.20019809436053 14.829264533298554 16.701664963038638 13.190457915887235 25.726688429713249 31.614784532226622 16.472590358927846 11.1419233570341 8.6022549569606763 9.8725731596350652 11.474033274687825 9.6134273856878263 51.867767623160034 16.029854027554393 11.420587692409752 24.976970978314057 14.881016939878462 27.593105470761657 20.255221508909017 30.52069354057312 26.164113625884056 39.329648994840682 45.595969323068857 24.179540670476854 18.986716758459806 15.71734490804374 34.705515395849943 7.8048018300905815 227.38930697273463 1511.4383699810132 174.31644031777978
leaf_count=2864 250 127 235 49 135 72 137 69 21 100 75 359 74 77 335 22 194 149 89 96 160 100 105 52 136 303 40 1293 10137 1008
internal_value=0.000264935 0.000127517 0.000233169 -3.90331e-05 0.00432213 0.0130363 0.00051232 0.000174793 0.000407536 0.000500076 0.00262534 0.000783816 -0.00444527 -0.00618392 -0.0019082 -0.00840143 -0.0112746 -0.00963924 0.000384813 0.000538265 0.0115469 -0.00422682 0.000208257 0.0003982 0.0083167 0.00247572 -0.00457387 0.000109048 0.000742968 -0.00201984
internal_weight=2832.61 2817.78 2801.08 2630.9 170.186 48.0874 122.099 2605.17 2517.7 2507.82 110.957 97.7663 45.8985 87.4739 51.2786 39.858 36.1954 36.2851 2496.35 2420.23 65.4938 76.1167 2354.74 2330.56 77.2144 58.2277 42.5103 2253.34 1738.83 514.517
internal_count=18863 18613 18486 17250 1236 207 1029 17201 16504 16483 892 657 298 697 434 357 263 223 16383 16194 256 189 15938 15833 531 479 343 15302 11430 3872
is_linear=0
shrinkage=0.03


Tree=205
num_leaves=31
num_cat=0
split_feature=6 2 0 2 5 0 5 2 8 8 4 2 8 8 8 0 8 8 8 5 8 5 8 8 2 8 8 8 8 8
split_gain=5.75002 4.67301 12.3702 4.01724 9.79115 13.1301 6.23046 4.84474 10.7179 4.59658 4.78952 7.53788 9.71943 8.3139 6.06081 3.93662 3.83718 3.38804 5.575 4.60778 2.85084 3.2922 6.15471 8.20257 4.72524 2.4786 7.75625 2.33167 7.41756 2.30469
threshold=0.0040405524537173087 24.500000000000004 242.05051504629634 2.5000000000000004 1.0000000180025095e-35 1048.9506712962964 1.4083333333333334 1.5000000000000002 -0.21813070768502107 8.4552367458671185 1.0000000180025095e-35 1.0000000180025095e-35 4.7674795406178676 -0.22354118250387747 -0.33546687003424353 4.0471006944444454 1.7038852393529456 2.6162113340461972 15.154108648399317 589.15416666666681 2.217106583904477 104.34166666666668 -0.32702254282720306 -0.094211819394037541 7.5000000000000009 -0.036132866321819369 -0.039088848192108873 -0.24987035432985297 -0.10306521699421792 0.10947385941339509
decision_type=10 2 2 2 10 2 8 2 10 10 8 2 10 8 10 2 10 10 10 10 10 8 10 10 2 10 10 10 10 10
left_child=1 3 29 4 7 -6 -5 9 -9 10 -1 25 13 14 -13 -8 -10 20 19 -19 21 22 -17 -24 -25 26 -12 -23 -29 -3
right_child=-2 2 -4 6 5 -7 15 8 16 -11 11 12 -14 -15 -16 17 -18 18 -20 -21 -22 27 23 24 -26 -27 -28 28 -30 -31
leaf_value=-0.004045354358234352 0.01267642340172296 -0.0048960047971024385 -0.0249905139920704 0.01267642340172296 -0.004045354358234352 -0.025658306294426673 0.0095553700660462974 0.01267642340172296 -0.004045354358234352 0.011538270131800867 -0.00086453681237429441 0.01267642340172296 -0.004045354358234352 0.01267642340172296 -0.004045354358234352 -0.0036011556603201124 0.0075994432964144685 0.0095553700660462974 -0.0094376487310088315 -0.0052957849623702985 -0.014541732129899183 -0.0036011556603201124 0.0095553700660462974 -0.0036011556603201124 0.0095553700660462974 -0.004045354358234352 0.01267642340172296 -0.018669846701919207 -0.0036011556603201124 0.0092695376693247514
leaf_weight=244.22886223532259 24.089555392565671 15.353060507215558 20.169418620178476 11.586225914768873 175.72100556734949 25.173309169709682 40.831268546869978 42.311394079588354 22.894073707982898 22.013186251744628 1553.0168625731021 13.918961206451057 11.089690577238796 74.12476559728384 19.864116376265883 32.385770253837109 21.098676383495331 84.068705208599567 17.644529312849045 18.857454061042517 9.3824241263791901 72.381788698025048 47.368672465905547 23.941434079781175 13.856673454865811 35.618966720998287 9.1183097884058935 34.21332441829145 51.11115596210584 16.695984361460432
leaf_count=1641 507 127 95 42 1374 61 556 306 100 44 10661 100 21 327 101 327 85 297 29 103 84 597 234 168 110 63 25 143 451 173
internal_value=-0.000595691 -0.000733247 -0.00921964 -0.000554222 -0.00107151 -0.00731092 0.00199577 -0.000449606 0.00630936 -0.0007589 -0.000925936 -0.000349115 0.00677841 0.0103373 -0.00247542 0.00122129 -0.00404535 0.000275273 0.00438794 0.00708547 -0.00151248 -0.000816855 0.00291303 0.00734547 -0.00360116 -0.000899449 -0.00063987 -0.00360116 -0.00849511 0.00273861
internal_weight=2804.13 2780.04 52.2185 2727.82 2270.19 200.894 457.629 2069.3 86.3041 1982.99 1960.98 1716.75 118.998 107.908 33.7831 446.043 43.9928 405.212 120.571 102.926 284.641 275.259 117.553 85.1668 37.7981 1597.75 1562.14 157.706 85.3245 32.049
internal_count=18952 18445 395 18050 14909 1435 3141 13474 491 12983 12939 11298 549 528 201 3099 185 2543 429 400 2114 2030 839 512 278 10749 10686 1191 594 300
is_linear=0
shrinkage=0.03


Tree=206
num_leaves=31
num_cat=0
split_feature=1 2 5 1 5 3 8 8 8 8 4 8 5 2 8 5 8 2 8 1 8 8 8 2 8 1 2 1 1 8
split_gain=6.27766 2.82753 4.8697 2.44081 5.55603 5.56331 3.13993 2.68339 15.1511 5.7781 4.60178 4.74293 5.85681 3.51155 10.837 9.97074 4.79654 3.44636 5.76518 3.55004 11.9287 6.50126 7.18779 5.34631 3.18149 2.6745 2.64805 3.08723 2.39071 11.2348
threshold=394.50000000000006 27.500000000000004 24234.529166666671 24.500000000000004 1.8708333333333336 0.10555555555555557 3.7733712206366348 -0.039088848192108873 -0.05395565565866154 -0.05842411369543999 inf 6.5472912342668161 4.741666666666668 4.5000000000000009 -0.24566234184904998 62.358333333333341 -0.22354118250387747 1.5000000000000002 2.7044694707785459 7.5000000000000009 3.4579942093215115 3.4579942093215115 1.3363062095621225 3.5000000000000004 15.154108648399317 3.5000000000000004 2.5000000000000004 5.5000000000000009 1.0000000180025095e-35 -0.06560943739585319
decision_type=2 2 8 2 10 10 8 10 10 10 8 10 8 2 8 8 10 2 10 2 10 10 10 2 10 2 2 2 2 10
left_child=1 3 -3 7 -5 -6 -7 8 9 13 11 17 -13 25 -15 -16 -17 18 -9 21 23 22 -19 -21 -14 28 -24 -28 -1 -30
right_child=-2 2 -4 4 5 6 -8 10 -10 -11 -12 12 24 14 15 16 -18 19 -20 20 -22 -23 26 -25 -26 -27 27 -29 29 -31
leaf_value=5.3503314021234479e-06 -0.016264831185028326 0.013807960398652157 -0.0093813157095266816 0.012996744760589325 -0.02156259300805536 -0.0056956754245609965 0.012115375466482838 0.0055623359099689958 -0.016175840637786792 0.014976217206573271 0.0081710368592680001 0.0081710368592680001 -0.0034781116007038147 -0.0031633853296888061 0.030051534188920353 0.013693205369846501 -0.010920993450625128 0.0081710368592680001 -0.014017619149958731 -0.014542852205624675 -0.017940929387019983 0.0081710368592680001 -0.017762327729952964 0.0081710368592680001 -0.016465339867523979 -0.0035697832469016736 0.0053008395894496357 -0.011718674419068435 0.0016569521913229765 0.030095321327935607
leaf_weight=1511.5648005511612 14.695499404100699 28.21277357195504 6.9129403459373853 8.6506794900633377 14.756729019805787 36.6136454353109 6.4317418504506341 25.139282966963947 43.879348877817392 20.264689326286316 106.79766946611926 19.366406035609543 55.1705770092085 47.994804383721203 19.156296744477004 8.3494499201187882 10.295827261172233 35.703217174857855 20.095518590882421 5.0578290787525466 18.645303362049162 31.584305830299854 12.571874981746076 48.450933032203466 22.25335718691349 144.79593753768131 17.039641323499385 12.280672494787721 459.92077051894739 7.8868705555796614
leaf_count=10538 119 231 71 64 74 286 42 70 150 46 304 41 170 456 77 161 42 298 81 49 90 135 79 476 41 1108 121 84 3419 9
internal_value=0.000617077 0.000734271 0.00864387 0.000618607 -0.00485789 -0.00835202 -0.00205052 0.0007619 0.000348078 0.00070864 0.00292051 0.00108837 -0.00432892 0.000544299 0.0063223 0.0173284 0.000666143 0.00344615 -0.00366548 0.00527094 4.39116e-05 0.00817104 -0.000495281 0.00730842 -0.00798331 0.000296623 -0.00848319 -0.00249642 0.000587743 0.00244959
internal_weight=2820.54 2805.84 35.1257 2770.72 66.4528 57.8021 43.0454 2704.27 2274.11 2230.23 430.157 323.359 96.7903 2209.96 85.7964 37.8016 18.6453 226.569 45.2348 181.334 72.1541 109.18 77.5954 53.5088 77.4239 2124.17 41.8922 29.3203 1979.37 467.808
internal_count=18932 18813 302 18511 466 402 328 18045 16006 15856 2039 1735 252 15810 736 280 203 1483 151 1332 615 717 582 525 211 15074 284 205 13966 3428
is_linear=0
shrinkage=0.03


Tree=207
num_leaves=31
num_cat=0
split_feature=2 0 8 8 1 1 5 0 0 8 8 0 8 0 8 8 8 1 1 2 1 1 8 2 1 8 8 8 2 5
split_gain=6.69262 6.87777 6.54633 12.0267 6.449 5.96007 7.73967 4.44097 4.33556 3.59537 7.84317 5.91103 5.15241 6.13056 3.44415 2.60549 9.49681 6.09514 9.86382 3.31335 2.86299 4.76551 6.85791 4.41577 3.70344 4.96919 5.97962 4.32715 6.79681 3.65861
threshold=2.5000000000000004 2.9292881944444447 11.576149430677996 3.4579942093215115 3.5000000000000004 365.50000000000006 1.4083333333333334 311.3555844907408 2234.0129687500007 0.23002426793889155 -0.061840684483087792 844.38105902777795 1.7038852393529456 387.06472222222226 7.2234608325877323 7.7812465438342988 3.5826916815289569 4.5000000000000009 7.5000000000000009 5.5000000000000009 22.500000000000004 10.500000000000002 -0.18938190522674614 5.5000000000000009 4.5000000000000009 -0.23863893236924633 -0.40814210300142445 -0.12393097265100135 4.5000000000000009 7.3708333333333345
decision_type=2 2 10 10 2 2 8 2 2 10 10 2 10 2 10 10 8 2 2 2 2 2 10 2 2 10 10 10 2 10
left_child=2 -2 3 4 8 6 -3 -6 9 10 -1 -12 -11 -14 -5 16 20 -18 -19 -17 21 24 -23 -22 -8 26 -26 -27 -29 -25
right_child=1 5 -4 14 7 -7 15 -9 -10 12 11 -13 13 -15 -16 19 17 18 -20 -21 23 22 -24 29 25 27 -28 28 -30 -31
leaf_value=-0.00046417742177957868 0.014079967995584966 0.014079967995584966 -0.014539959449939849 0.014346099853712961 -0.0036767739355844696 -0.014841964496640207 0.0068324862769789116 -0.018878360108730077 -0.013711108166524245 0.014473911486541084 0.0015410633692369479 -0.012531009357312465 0.010267117509082001 -0.012409837051457789 0.001449210919773291 0.0003661079295170142 -0.023080696375809888 0.014079967995584966 -0.011907281669878882 0.014079967995584966 -0.016402512901369928 -0.00081170864038948988 0.014079967995584966 0.013691615706560684 -0.0047539763420255928 -0.01684292161308764 0.013446704621400804 -0.012316447059248701 0.0073799546611867019 -0.0024147462964212627
leaf_weight=1895.329586472013 39.657128692313563 11.795710726641117 26.429003472439945 53.585281208157539 49.444608869031072 13.848889603978021 72.351615607738495 24.59187133051455 18.402575582265854 28.432336723431945 37.40063327178359 82.05827846378088 15.343100007623432 17.851601731032133 29.124173130840063 28.437726302072406 16.271546668373048 12.98481484595686 30.90821925457567 22.208961669355631 11.173034885898231 31.508780295494944 38.217934000305831 11.04242559452541 27.12510241009295 19.512276093475521 29.343899580650032 23.410311322193593 30.566163775976747 56.205066836322658
leaf_count=13451 604 46 59 198 434 114 518 99 43 124 129 206 100 32 77 66 87 73 162 60 67 281 333 96 274 84 154 151 243 423
internal_value=-0.00023417 0.00279801 -0.000939667 -0.000748163 -0.001186 0.00174537 0.00238111 -0.00960097 -0.000866444 -0.000719942 -0.000944493 -0.00824036 0.00614131 -0.00195628 0.0101463 0.00153442 0.000699904 -0.00983806 -0.0030706 0.00762949 0.00262195 0.00406234 0.0105466 -0.00231869 0.00162703 -0.00141678 0.00502839 -0.00637411 -0.00148258 0.000994526
internal_weight=2804.56 526.57 2277.99 2251.56 2168.85 486.912 473.064 74.0365 2094.82 2076.42 2014.79 119.459 61.627 33.1947 82.7095 461.268 410.621 60.1646 43.893 50.6467 350.457 272.036 69.7267 78.4205 202.309 129.958 56.469 73.4888 53.9765 67.2475
internal_count=18788 3836 14952 14893 14618 3232 3118 533 14085 14042 13786 335 256 132 275 3072 2946 322 235 126 2624 2038 614 586 1424 906 428 478 394 519
is_linear=0
shrinkage=0.03


Tree=208
num_leaves=31
num_cat=0
split_feature=1 2 1 5 7 2 1 1 5 1 2 1 5 2 1 1 1 1 5 1 5 6 3 1 1 1 1 2 1 2
split_gain=5.71759 3.92074 4.98463 3.25093 3.19372 2.4282 4.43464 5.33959 2.84124 2.84232 4.95587 4.17769 2.39459 8.34356 3.47453 1.54734 3.63716 1.75124 3.9487 1.37491 8.20309 1.90504 1.24754 3.55816 1.23593 1.17223 1.15795 1.51185 1.11197 1.0035
threshold=1774.0000000000002 3.5000000000000004 21.500000000000004 9975.0458333333354 1.0000000180025095e-35 6.5000000000000009 27.500000000000004 8.5000000000000018 6875.3291666666673 41.500000000000007 37.500000000000007 37.500000000000007 1.4083333333333334 4.5000000000000009 19.500000000000004 14.500000000000002 9.5000000000000018 6.5000000000000009 474.38750000000005 4.5000000000000009 1.541666666666667 0.44949494949494956 0.99909747292418782 1.5000000000000002 82.500000000000014 2.5000000000000004 1.5000000000000002 1.5000000000000002 3.5000000000000004 18.500000000000004
decision_type=2 2 2 10 2 2 2 2 8 2 2 2 10 2 2 2 2 2 8 2 10 10 10 2 2 2 2 2 2 2
left_child=1 2 4 5 15 12 7 -7 9 11 -11 -8 13 -3 -14 16 17 19 -19 21 -21 22 26 -24 -12 -25 -1 -28 -27 -9
right_child=-2 3 -4 -5 -6 6 8 29 -10 10 24 -13 14 -15 -16 -17 -18 18 -20 20 -22 -23 23 25 -26 28 27 -29 -30 -31
leaf_value=-0.00042730086275020611 -0.018592135110002982 0.0040455071751264483 -0.016308982732077294 -0.012224302171842548 0.01220456268161417 0.011908569630898378 0.0044660901713182164 -0.0066979916891746483 -0.0062173406171538055 -0.0052162760713920613 0.0011093520760047943 0.031439808836007721 0.0040455071751264483 0.0259570602789727 -0.0076597759521730563 0.009060960893135829 -0.0146272303773175 0.01220456268161417 -0.006744386272898039 0.011842455564433337 -0.011772589730849924 0.01131851656549028 -0.00042730086275020611 0.0080618602546728736 0.016817183156313423 -0.0013814910006370771 -0.0074558148535986794 -0.0013814910006370771 0.0082826798560877036 0.003902625454801282
leaf_weight=1738.0673644728959 9.5729834483936411 18.055350838694721 12.143134129699318 7.2658915175124994 13.915251644735688 13.478864341042934 14.092913615982981 81.627350408874918 10.176147794816641 24.123760592192411 6.8601455453317639 5.5777239380404344 126.96610594075173 16.957346335053444 18.420334939379245 11.232385480776427 10.696393521502612 14.280277712270616 8.854195376858117 14.500616407021878 38.130300808697939 8.0503161582164449 151.26107085868716 69.60744964145124 14.264089154778047 29.475496465805918 38.819242840632796 258.57208762876689 9.532872408628462 5.6396835433552033
leaf_count=11606 86 141 95 54 158 109 142 749 97 135 56 45 848 155 88 52 91 89 83 57 241 54 955 427 109 197 214 1668 71 73
internal_value=0.00015071 0.000248142 -0.000189242 0.00313151 -7.46597e-05 0.00360957 0.00105084 -0.00301335 0.00635103 0.00862488 0.00368586 0.0169364 0.00600805 0.0126334 0.00404551 -0.000171037 -0.000233255 -0.000138001 0.00730302 -0.000226378 -0.00480333 -0.00011162 -0.000176223 0.00176126 0.0129047 0.00584649 -0.000427301 -0.00228456 0.00142652 -0.00583856
internal_weight=2800.22 2790.64 2427.14 363.506 2415 356.24 175.841 100.746 75.0948 64.9186 45.248 19.6706 180.399 35.0127 145.386 2401.08 2389.85 2379.15 23.1345 2356.02 52.6309 2303.39 2295.34 259.877 21.1242 108.616 2035.46 297.391 39.0084 87.267
internal_count=18945 18859 16058 2801 15963 2747 1515 931 584 487 300 187 1232 296 936 15805 15753 15662 172 15490 298 15192 15138 1650 165 695 13488 1882 268 822
is_linear=0
shrinkage=0.03


Tree=209
num_leaves=31
num_cat=0
split_feature=8 1 0 8 0 8 8 1 5 5 1 5 8 8 8 1 8 8 8 8 8 0 8 8 1 5 8 8 1 1
split_gain=7.10606 7.83796 7.11428 9.82981 6.38516 5.42969 4.39001 3.20858 4.36123 3.16734 4.27924 9.49954 5.29963 6.30231 7.98802 4.99032 4.86366 9.70017 12.0684 9.12119 7.09525 5.11849 4.36293 5.7056 4.72269 4.32182 3.44462 4.44049 3.25697 3.23527
threshold=-0.20087517160411791 23.500000000000004 65.176186342592601 -0.23863893236924633 61.72733796296297 2.7044694707785459 19.868193860798456 1.5000000000000002 29.795833333333338 12907.275000000003 3.5000000000000004 1.4083333333333334 10.275374294413295 3.345175471563715 -0.094211819394037541 6.5000000000000009 2.7044694707785459 -0.039088848192108873 -0.055695427628336465 6.9435779072769845 -0.067404673961580883 171.14935763888892 0.41317901791323425 2.7044694707785459 19.500000000000004 9.5583333333333353 -0.16363511832720443 -0.15605973863827866 1.5000000000000002 1.5000000000000002
decision_type=10 2 2 8 2 10 10 2 8 10 2 10 10 10 10 2 10 10 10 10 10 2 10 10 2 10 10 10 2 2
left_child=2 6 -1 -4 -3 -6 9 -5 -9 10 16 -12 13 14 -13 -16 17 18 20 21 25 -18 -17 24 -24 26 -2 -28 -19 -29
right_child=1 4 3 7 5 -7 -8 8 -10 -11 11 12 -14 -15 15 22 19 28 -20 -21 -22 -23 23 -25 -26 -27 27 29 -30 -31
leaf_value=0.00016053614761202934 0.0087210383481859909 0.0080384812893040287 0.00016053614761202934 -0.0063884698157798351 -0.016183711246775746 0.00075970696672877285 -0.01063334850962336 0.00016053614761202934 -0.020617122227493165 -0.0095825708470666671 0.018286649538359928 0.01248876498631748 -0.0095825708470666671 0.014046676974478787 -0.0095825708470666671 -0.0095825708470666671 0.0072198222035324104 0.014739982533764035 -0.0095825708470666671 0.0058823453507515985 0.012148367590079928 -0.0095825708470666671 0.015049794793046337 -0.0095825708470666671 -0.0068067194715829239 -0.0095825708470666671 -0.0095825708470666671 0.0011606393944021038 0.0033422023532424911 0.011946316166926343
leaf_weight=1246.9863293747185 58.888116807676852 18.028492950368673 165.03457284951583 189.58011938910931 43.915683155879378 25.444566493388265 16.707305356860161 11.526433510705827 31.559132347814739 12.8616652386263 46.292954090749845 36.215833644382656 15.730023916810749 46.348960945382714 31.776396628003567 10.81935886107385 13.428132457658647 71.465779085643589 48.757028486579657 48.394354465417564 60.996952375397086 46.976831935346127 33.297976720146835 5.6641943133436135 8.3859657738357765 16.828262247145176 14.3723186282441 377.67737478390336 37.115162154659629 21.955888252705336
leaf_count=11215 355 262 979 1309 245 129 28 78 131 64 295 145 35 209 226 91 120 166 175 127 151 98 334 42 57 111 98 1425 229 73
internal_value=0.000311587 0.0020958 -0.000958388 -0.0044252 -0.00631456 -0.0103349 0.00280167 -0.00837503 -0.0155429 0.00306132 0.00326062 0.00679786 0.00357241 0.00517701 0.00150718 -0.00333937 0.00220985 0.0031182 0.00158086 -0.0035789 0.00290451 -0.00958257 0.0021202 0.00619848 0.0103946 0.00164201 0.00222961 0.00121322 0.0111626 0.0018935
internal_weight=2813.03 1168.35 1644.69 397.7 87.3887 69.3602 1080.96 232.666 43.0856 1064.25 1051.39 234.532 188.239 172.509 126.16 89.9439 816.856 708.057 599.476 108.799 550.719 60.405 58.1675 47.3481 41.6839 489.722 472.894 414.006 108.581 399.633
internal_count=19002 5290 13712 2497 636 374 4654 1518 209 4626 4562 1434 1139 1104 895 750 3128 2783 2388 345 2213 218 524 433 391 2062 1951 1596 395 1498
is_linear=0
shrinkage=0.03


Tree=210
num_leaves=31
num_cat=0
split_feature=6 1 0 4 2 1 2 1 2 4 0 1 1 5 0 5 1 2 0 1 5 0 5 1 2 4 1 0 1 2
split_gain=2.91992 2.65281 9.04767 10.074 4.69333 3.4087 3.21102 3.07362 3.85917 3.08896 9.41555 4.91135 3.29329 2.77814 2.11269 2.07014 1.56481 2.68054 3.0189 2.49188 3.03517 1.49712 1.0499 1.04453 4.62042 0.635878 0.490538 1.88673 0.368667 0.343972
threshold=0.0040405524537173087 23.500000000000004 152.53480324074076 0.034980474237837893 6.5000000000000009 15.500000000000002 7.5000000000000009 13.500000000000002 4.5000000000000009 inf 1103.3390335648148 3.5000000000000004 3.5000000000000004 200.16666666666671 4.8333912037037043 7487.0625000000009 6.5000000000000009 5.5000000000000009 353.20302662037045 10.500000000000002 5.1916666666666673 562.04461805555559 3.0083333333333337 465.00000000000006 18.500000000000004 0.074460131571677649 1.0000000180025095e-35 185.28138888888893 5.5000000000000009 1.5000000000000002
decision_type=10 2 2 8 2 2 2 2 2 8 2 2 2 8 2 8 2 2 2 2 10 2 10 2 2 10 2 2 2 2
left_child=1 5 4 -4 -3 7 -5 8 9 10 14 26 -12 -9 -1 28 22 18 -18 20 -19 -7 -10 -6 -8 -22 -11 -28 -16 -29
right_child=-2 2 3 6 23 21 24 13 16 11 12 -13 -14 -15 15 -17 17 19 -20 -21 25 -23 -24 -25 -26 -27 27 29 -30 -31
leaf_value=0.0003654791702107236 0.0095168792808455263 -0.0036049919489843027 -0.029074346402521604 -0.014895275529579281 0.0095168792808455263 0.0095168792808455263 0.0010376382354985567 0.00036663454684094808 0.0095168792808455263 0.0003654791702107236 -0.014806035614030265 0.0095168792808455263 -0.0016147347134683606 -0.020213610368133194 0.0003654791702107236 -0.0016147347134683606 0.0048571726097882354 0.0094428529679116708 -0.013019377467268068 0.0095168792808455263 -0.0092516617735567946 0.00035935998352002992 0.0015760918973672926 0.0010376382354985567 -0.011461871694990305 -0.00032051358176667788 0.0064426774246574801 0.0024266810779132301 -0.0016147347134683606 0.0003654791702107236
leaf_weight=177.75556694157422 24.423173709597904 8.9906719420105201 15.667381321545689 10.961226017680017 37.164471975527704 33.148297532461584 16.047969371080399 10.662050989922134 10.556064923759552 1615.8272836152464 56.479953080415726 13.022234682459382 25.408903837203979 7.758309185504916 183.47467078827322 207.52053909935057 12.597417671699079 15.296769956592469 12.630666911602018 30.527920217486098 12.57473300304264 19.456828411668539 18.288540391717106 5.1003576987422994 21.650182301877066 12.752562865614889 52.967618375085294 80.94731948710978 51.7935198713094 30.894170260056853
leaf_count=1483 502 71 51 45 424 339 72 81 100 10800 117 69 52 77 1305 1320 126 98 20 198 112 35 137 37 112 114 456 184 392 61
internal_value=0.000115357 1.68122e-05 -0.00433669 -0.0114578 0.00482449 0.000211401 -0.00360499 5.37559e-05 0.000150142 -0.000112306 -0.00179152 0.000548462 -0.0110414 -0.0107662 -0.000492383 -0.00161473 0.00518494 0.00300049 -0.00476599 0.00588634 0.000512317 0.00743076 0.00951688 0.00951688 0.00103764 -0.00554898 0.000365479 0.00197911 0.000365479 0.000365479
internal_weight=2832.35 2807.92 115.582 64.3268 51.2555 2692.34 48.6594 2639.74 2621.32 2496.09 702.433 1793.66 81.8889 18.4204 620.544 442.789 125.225 96.3801 25.2281 71.152 40.6241 52.6051 28.8446 42.2648 37.6982 25.3273 1780.64 164.809 235.268 111.841
internal_count=18990 18488 812 280 532 17676 229 17302 17144 16239 4669 11570 169 158 4500 3017 905 668 146 522 324 374 237 461 184 226 11501 701 1697 245
is_linear=0
shrinkage=0.03


end of trees

feature_importances:
recent_activity_burst=2246
tx_count_30d=1062
address_age_days=1040
unique_counterparties_30d=672
median_hold_minutes=349
new_counterparty_ratio=206
flagged_counterparty_share=130
first_funder_flagged=94
pass_through_ratio=90

parameters:
[boosting: gbdt]
[objective: binary]
[metric: binary_logloss]
[tree_learner: serial]
[device_type: cpu]
[data_sample_strategy: bagging]
[data: ]
[valid: ]
[num_iterations: 3000]
[learning_rate: 0.03]
[num_leaves: 31]
[num_threads: 8]
[seed: 7]
[deterministic: 0]
[force_col_wise: 0]
[force_row_wise: 0]
[histogram_pool_size: -1]
[max_depth: -1]
[min_data_in_leaf: 50]
[min_sum_hessian_in_leaf: 0.001]
[bagging_fraction: 0.8]
[pos_bagging_fraction: 1]
[neg_bagging_fraction: 1]
[bagging_freq: 1]
[bagging_seed: 17422]
[bagging_by_query: 0]
[feature_fraction: 0.8]
[feature_fraction_bynode: 1]
[feature_fraction_seed: 7040]
[extra_trees: 0]
[extra_seed: 6516]
[early_stopping_round: 0]
[early_stopping_min_delta: 0]
[first_metric_only: 0]
[max_delta_step: 0]
[lambda_l1: 0]
[lambda_l2: 5]
[linear_lambda: 0]
[min_gain_to_split: 0]
[drop_rate: 0.1]
[max_drop: 50]
[skip_drop: 0.5]
[xgboost_dart_mode: 0]
[uniform_drop: 0]
[drop_seed: 15215]
[top_rate: 0.2]
[other_rate: 0.1]
[min_data_per_group: 100]
[max_cat_threshold: 32]
[cat_l2: 10]
[cat_smooth: 10]
[max_cat_to_onehot: 4]
[top_k: 20]
[monotone_constraints: -1,0,0,1,1,-1,1,1,0]
[monotone_constraints_method: advanced]
[monotone_penalty: 0]
[feature_contri: ]
[forcedsplits_filename: ]
[refit_decay_rate: 0.9]
[cegb_tradeoff: 1]
[cegb_penalty_split: 0]
[cegb_penalty_feature_lazy: ]
[cegb_penalty_feature_coupled: ]
[path_smooth: 0]
[interaction_constraints: ]
[verbosity: -1]
[saved_feature_importance_type: 0]
[use_quantized_grad: 0]
[num_grad_quant_bins: 4]
[quant_train_renew_leaf: 0]
[stochastic_rounding: 1]
[linear_tree: 0]
[max_bin: 255]
[max_bin_by_feature: ]
[min_data_in_bin: 3]
[bin_construct_sample_cnt: 200000]
[data_random_seed: 61]
[is_enable_sparse: 1]
[enable_bundle: 1]
[use_missing: 1]
[zero_as_missing: 0]
[feature_pre_filter: 1]
[pre_partition: 0]
[two_round: 0]
[header: 0]
[label_column: ]
[weight_column: ]
[group_column: ]
[ignore_column: ]
[categorical_feature: ]
[forcedbins_filename: ]
[precise_float_parser: 0]
[parser_config_file: ]
[objective_seed: 15521]
[num_class: 1]
[is_unbalance: 0]
[scale_pos_weight: 1]
[sigmoid: 1]
[boost_from_average: 1]
[reg_sqrt: 0]
[alpha: 0.9]
[fair_c: 1]
[poisson_max_delta_step: 0.7]
[tweedie_variance_power: 1.5]
[lambdarank_truncation_level: 30]
[lambdarank_norm: 1]
[label_gain: ]
[lambdarank_position_bias_regularization: 0]
[eval_at: ]
[multi_error_top_k: 1]
[auc_mu_weights: ]
[num_machines: 1]
[local_listen_port: 12400]
[time_out: 120]
[machine_list_filename: ]
[machines: ]
[gpu_platform_id: -1]
[gpu_device_id: -1]
[gpu_device_id_list: ]
[gpu_use_dp: 0]
[num_gpu: 1]

end of parameters

pandas_categorical:[]
